instances,tx_hash,avg_latency_ms,num_validators
1,b9b42ace47489a0873c2c4360ecdeb88b71214aa8ee12c319e1f162a714b5b98,507.000000,10
1,2c0d7c20c1edca35ead8745575195e0d80b876f6ddf472a765bd4d78effe2638,451.000000,10
1,bf194b1025f18ac36d481fb9a9b81728992de85ba97f4b7fe995beeb332f67f1,2565.400000,10
1,456020194f024adefd575b5f54063632d3bf943ac43fc29681ff56c47d1de5b3,2159.400000,10
1,b1843b897c52e0d11a51713466288c788197923ae5153d05a255b56f8a49aa21,2061.400000,10
1,895aebb595b308961a6f5890eedc10ffc6ffc28b7c98acdf67f77567e3d12419,1143.400000,10
1,872ca284a77dae8e116c29e6e191471bff810dbd508da585a6f610a5e08bb66b,458.400000,10
1,9fcf6ed0fbd0601762c0c078553a0f2e4c0aad17de3027a9d1364bc95724774f,298.400000,10
1,286c097db62ce1a0290802113e048f3790c8ec3a13d43673016c8a4dffe52c53,2443.800000,10
1,f4e8f928c038dd433a47aa43a097f59df03d3a03476b51291aa23c3195347c4f,2128.800000,10
1,df31c1106ffa19d2c08532b1cb3552b6f292fbd6d16ae03139ee96bda72571af,1993.900000,10
1,02adb35ff6757900049406fa743b5bd54a0de4b3500ed3fa85f7a8139e89523b,1828.700000,10
1,fafcbb9f2e5d8e0ef826ffa886e067ae0a1b5f98838fb62e4946d3b6cc911707,1690.700000,10
1,30c82a4602f350db9314f610a744970a4f4c12bdd8acc2e0a0924dd504f6b7a1,875.700000,10
1,93bea5c61abebf89fc178aa4c9e4e60f939c66835e19b75e70709ff340a78e92,3291.600000,10
1,69a6a814de47cf3b217eaae1e6ee640becc7f3ca436ef0bbaa57871474d72b2e,3297.600000,10
1,10e7298ab889e39e03dba3c02e7c7d9c13fa1b28e8aa0cc3b1ca0dfc94140a65,1473.600000,10
1,7eaac25acd7ccca66d417c3522709cd8e38875867ba9681b7328b6335e10b01b,1469.600000,10
1,15845368987b8a05ba878ac56e2aff33ff8da23cdbcba7c4cccbbe8c8e68d012,1189.600000,10
1,9df7ad40f5f08f0ad226a64cae6e58382ce3d001873b9abec1f568fbd52a500f,947.600000,10
1,b81a6c2c18c26291d1d7b9437f9b65a46edcc201eec484729c691b4350787fb2,559.600000,10
1,36049d78f4b2b5c19b9d21cf39bf2446e8f115400fd2921ed19494353b822582,3152.300000,10
1,8739f958d98c32f00f67a3bfb6a7417efa05cda934f58af5ddca4be305c22625,2410.300000,10
1,e9d062c09092bfd360b366f833bfc881a85ca458048578c0335bbf052b626211,1507.300000,10
1,11896f220371dd60a88a745b36aa1f4beaed5eb825ee1a9ab91c53f2c3a15704,1436.300000,10
1,54a362385ecfea89853f978fa80475e1b67e82536b02cf46b89f900004dfe476,1100.300000,10
1,8f49146baa1c779e66580f42a95bd9298aff84ae836de971ab2dff5167abb2c3,569.300000,10
1,97b40d394dec6f74c5c5174690bf9e0d08991ef50e0714a6705739961591185c,716.300000,10
1,7b228cbb7ea5b75614d1eec1502022703ad91a9715e6db167e4066e499c9aa43,435.400000,10
1,d74423dfefc8995ad1ee7ea5d519178f3e5f483424c6456b5d90af8035c3e780,1253.500000,10
1,6b89b094c6f79e48548091f9ccae93f6ee36ec4590526293acef275da1699a4b,1202.500000,10
1,0012f0ddd18a4fa50bab2fceaa9b4cc4482242e2b5bf6550b120577f0afbd3b3,390.500000,10
1,60fe94ff6d3ea5d6645ce8d98e63b50390a3d16653c51b69cf002e3edbee83e4,3098.700000,10
1,37685fef8f24748f7f915bbe3bf4a3d05496060272dc514138383520816b79ca,2780.700000,10
1,87afad388b0506b6e7060bc49f4e42d29ea224b4978bb27b1879a4d677c6d053,2260.800000,10
1,3fce310af9f045c3fe86e12e9e92e362997f9169cf6277637828b6b7f59f7cdb,1882.800000,10
1,2b6bdc50c9586632644058009de6ab46db1cdd8381c7d3ec5c0015ab2e659639,1593.800000,10
1,326e9aa42858380d26fdc82a54ddfef3d391481f217eeacebbf124f618dca9ab,921.800000,10
1,d523ba449ccac3497b72887e2fd5818bd6056a4ba1a2f21e3dcd9077ff14fe95,561.800000,10
1,eb8480828e2b7157c5a88a1dcd6ef43b02bc1e32b1852d320dda2b910e6c6f5a,3190.200000,10
1,d78ed67039487152adb903214c094afa4d2fbd74d1440301b4578f7fd1c909a6,3032.200000,10
1,f64d407e902b3cda8f90299987096bae2a4f76c9ab08c7ba2a51e93a90a22b6a,2026.200000,10
1,fafc4086acf2c2edcf8f843da93cb849a395598041d287c112494861a2a3dd51,1453.200000,10
1,806f54c5fc55f6721609e259e7c5f4c53b810f262a0987576605887201bf2809,909.200000,10
1,061e799552600357c8e39de83206b1d8f48a368958164767bd99c382f697ec1d,724.200000,10
1,346e733a1d8cdadb0c332fecee9f17bfd9fec11932915f311e740e0360fdf6c6,640.200000,10
1,6867b0e212b29d317140fd88dd594f970b5a0d81d34bcb58404a4d0319eefea8,2542.400000,10
1,2d11ab3ef48be75babb01d3840c46bd35a658450cb6a72f6d68ee8c18118a1b3,2426.400000,10
1,82602338f2437f76b711afae05d6052e317cbd70d08c8b18ce8a0249900ef6f9,1895.400000,10
1,ff1c9318a7c5d756dbd27dde4c97815fac543b74ea955e7dc2d133b00783a5b9,1329.500000,10
1,a770a55776299f6f6a24e4eaa0b178f800a941ba04d2b394d5b4fb6b74d5366e,1216.500000,10
1,626681f6f1029e69580d02c93008246fb2162c429630ae91dcf886214c59eb1c,1197.500000,10
1,9bf1b73082e1a918c3d7990233f5dae79af7496c0ec52894a36dca67ab1663aa,820.500000,10
1,7f33e21123484a13863c741aeaa3ce09c8dee6cc07fb79a70c9c44bb8a21d05a,830.500000,10
1,98f770d95ac931914445b0b295350d0799629e56a9a1dece7721047c5600d70c,734.600000,10
1,7984cb6ecba4656554ece27e2693662be9d27d13265400d40c649c8c6e05e8ef,1375.300000,10
1,9836a42d990cd1e30356e0f47626f60dc500d8e5d24d1d77764c09e9d1720a76,733.300000,10
1,ce141f3af6abe32effff5902ac6ec39fc87e318535292946355cb62ad54f26ae,544.300000,10
1,b43d8cfd00629d65aae6c7e1590ea334700bf30b38625826ca75cdea82cb7bd8,361.300000,10
1,50a8a96efb7024cd12b49908ca7863302c72bc5c80c755f83599c5955333319a,2960.900000,10
1,c44d063f362d5ff9ec07fd6d7f2732a734a895ca76689583dcdde74151854ee0,2262.900000,10
1,b2b5ba9e9c80fe0dc1a44ad99243d00ff9c0d994c883515707ad5ef54d917419,1924.900000,10
1,04e06a3bd057e0545eae61d2c3fba7d114f8f09e2cb67723e54993762bf4482c,1217.900000,10
1,55459f5cfaf284fe401399d79b3b409f84f53daa2e7d659d8e68220f9ecfd068,424.900000,10
1,d469e6554c06bdfb75db770e3ad3073c60a7f8cc60b6171eb16b0cecbb2fcabc,357.900000,10
1,8916c849aa3b9085bc7d9909effeeba15683c735e474b8fc8063b857130a70bf,2488.900000,10
1,6d6191dd6dc314f57d779df8cc85c706755e3abe174ce2eaaca0d1fd322a79c6,2210.900000,10
1,aa5a8a1bdde23daded37196617b31d5605324d46fe3851825f2c8addc498bd50,1692.900000,10
1,c4d5f2622ffcbb1c4c0fbb785eac7f9a03c3397416e006c1209c5d1aa0ed00f2,1524.900000,10
1,2c4e768edfd59c46817a5caa9a165dc9a9875ac9e816731d402276819c7dccfa,997.900000,10
1,441ce16f5b679df4619784c40d441af7626141b14d91c4d88d2a637f2d292143,465.900000,10
1,94acdbafaa9236efeabc2196f3c986ce6687a30c4495d562cddb6a7a431d5c14,2387.900000,10
1,4c46c8cdbd4d5bafb9cfa5716e6e5e763acf0b134b5550270f8c1c6a8f5060b1,1370.900000,10
1,b803b6d7062677032781fea95922e4ca6a24a78bfc4d768556824e306220c4ac,1411.900000,10
1,701db1f1e635b518f7795482442c04b0f27e05e4e3d8220526fa91544a4ae31e,1443.900000,10
1,519a1b8a1674d119ac1e12746d740470f53210f5a5457867752b281737c54df3,1248.000000,10
1,9f4129581cef0cd49295f2ba9e3394225b814edc1fd1edf022767f73238ac1b8,1063.000000,10
1,8784c3c3783d979d6db859cf873ef1ddaadbc578b8e20128830716c0c33e5304,1030.000000,10
1,436a642ec90ae63c40a16b8367c58016914c34563ff36a85911c2dfba11f87cd,2647.600000,10
1,6add6445c0245c7475b51a4e05fcb095be5ce0c7dc321347cdc9f88902d2697f,1710.600000,10
1,c01493b7695c697552f123c62b6a11c334ed4584b5dd6b56658214335ce321db,809.600000,10
1,a9f116e2470813ff978af86bf7bb43224702de716b987d54178393f637205f8c,3069.500000,10
1,4a8503b3d3155814bb6d23811a8c9ff36c754389890d44f6631acaba7d00cb1f,3060.500000,10
1,d4b623ef7e3f07fb91bf24601be6df9aef0366aeaf891fc2e2270ec762a31252,2182.500000,10
1,0275ad850e596c96da205c6f58388cdffa4328765a56d6aeacc58bc032f67152,1755.500000,10
1,0e00cb0fe38cec3fa0db40001a9d551bdcabb3c1fee5a396ca35d6f3c31b07b8,1233.500000,10
1,365081450e710439cdb7be2077dd3da946745585b3217194abe656d8d62114ba,708.500000,10
1,4e557e43647e5960e684db4df3f4dedea327bda4f158bc9c902ec43f236133e9,359.500000,10
1,3363404ceb641bf39cbead321c5b3765e6f442faf3eac8d24774b8e644109f6f,3413.800000,10
1,9a6654b02ef64be2be3325fa6d4f2e577731143edd40380a20cb0e0e6f80de36,2984.800000,10
1,38a2b88021ef86b966f7719bcdd25f5c6bb67b6ab86bc03d5a46db847fb0ece8,2792.800000,10
1,62162f184dd33092d4d07ac94a133d6425cbee67e0011826bb2f9366ce88835d,2492.800000,10
1,2643947c8bb0db3f2ce8b725d30b8741bd7d76cecea14ef5c388757b8710f735,971.800000,10
1,ff4432d5ae8cdeccdd4dd4197f578ed99730ad9e77843c6554008cdff3a2abc5,558.800000,10
1,b5c76612e171e685235910d3460fd7abc2a690787e70af30d6f11a62633ac319,2971.000000,10
1,9897439471eb3fbc45333f908df226a286b24bf149693960f3806f9a07b6561a,2857.100000,10
1,3507f671a6006725d8ad97f8425a6ed86ef77ef05318a6b1955af16f032e2059,2691.100000,10
1,5e41157252fa2d8bcc3ba510ff78d1af224cf2d79cdc1743ecea53c1ab348715,2785.100000,10
1,cd05e976c3f1a2848bbe2523fb329f240d6a995474cfbf282393d6dc0687bf65,2243.100000,10
1,e23e66f12c57d50ecd24e44d31e8c6fca530ec0778d8fd8a512bd31c824be79a,1226.200000,10
1,1a35392eac16f8f1df743ad2838096fe70960a3871c674eb00f2d3f5c945ae20,2840.700000,10
1,b1aee7c8d364fa2998abb9e96f36568ad89d93b21ac44bc16153bda39912fc06,2354.700000,10
1,45ad04d23ad8ded8b257ba4bfae29afaf40410f91e9bdd0caaeeb4b992f06a32,1965.700000,10
1,61ef2b79aab248982eda1aa5c2be520a76e69c6a1d80b154a08fbae3b8d8d92a,1379.700000,10
1,5817f222a634be35ab1306e2a440e128fb9e7837e2d315c628f76789b5a994b5,920.700000,10
1,5db2871d2eb61b84a7beac35d6b4a5867588f0dec007047b4f7927c693f335e7,652.800000,10
1,6bf16ca915efe4314f7711ce1deccef7098d83478fd78d3d3c1d65fbe3da2a77,3123.400000,10
1,b7b1d51fbab2bab1922b99b379f8a0b579873650d9c33139d0c6f94514681f7b,2628.400000,10
1,7d2c400566ba972169d4e8edb9910e9094b266049dce98a52a2017a64b8fa1a7,1571.400000,10
1,1a88b9562ec103db0497a550e5119ead470cce3879a373fed2ea0af737ccb239,597.400000,10
1,48877e6befabe134aee444e1d4638f1624223ff0570250947ff46578b72571d9,3120.800000,10
1,d0b88a66bdc2e90ddef4821bdc27f4a649cd42fbb3bbf9af7f3f5e0231f5e133,2967.800000,10
1,7f30727b9b1afee31e46553d0a902d414b6e97318bae3d77237ae822488ce4f8,2799.800000,10
1,27334e006a8ee765763c847865843bd336a8d866207190c0081a481475b41e37,2086.800000,10
1,a66c45be2807bf29e957f5dd2e862a67d62f9bd3a0291650725e69c453564b0c,982.800000,10
1,af1601477eb4012fef0c9d5ff674c5fe6feb23340774f53bcce158824489c3cc,782.800000,10
1,a14337d160cfa66ceeb87ba9983b2041e0b7ca69c95a80f69942410204206c9c,387.800000,10
1,0d6709cd6621fa3bc8bad0d5c414c6ee9ac00781e2f59b4c13d6a77181eba9c9,3158.100000,10
1,9eec3ea12191626124278a258fb3a1e4c2d296a51acf417229883d02c1be0c2c,2939.100000,10
1,ed42fbd6ded828679208d445b961c0c4577598b3750cac46ba0e6ba460a9e4bf,2448.200000,10
1,1809263b3354a2d6e1bebcdd2c8a86070a7ec4a686723f1cd7885cc2fca11302,1629.200000,10
1,4bd0bf535d6077e0cb396c9bb933bca195ce2ebfef473c021e636a031ee03f8e,1444.200000,10
1,82533f246d3d9000efc1c67ae35006b2ef5b9f428c5c54da37890319f173780f,1120.200000,10
1,b1cb1c9196e676da0ed4c698a43e53beea3069c8c19b51176158d2dca7ca1058,755.200000,10
1,8f2c55935f362e8fc23c59b81c4bbb12f77ec77f48aeb4d051a528fb204496f1,402.200000,10
1,c90732a4931e651fd46275bfbf81170bb53dd0d44d4cad43eeaf5e31652a65a3,2652.600000,10
1,e0332244e5559e49e666601147476450e8cc9d95b4d26a48da57481cd9f16b67,2207.600000,10
1,f57819fdbc8afa79719f012545ba2e583980c3df4f86b1fb186a12e972809d1a,1774.600000,10
1,5427f19ba106fbafc49db56b8dc04a4d5d5e4532f7570e09e90e4c92267f4ec8,997.600000,10
1,74dd5077555395845ef5931701a9b2ab87aad5f90a4272a5d629e174623f22fc,740.600000,10
1,f03bb5ff51caa44f2249660a94f493863171f1f3b32b03faf7cf3ae9a4c89d7c,3365.900000,10
1,d031baa52062c41f6fef690fc1e0690c806bf1c02ac5c5260ec0d5661fb49573,3153.900000,10
1,14e7fdbfd84aa442a181917e80c8dbf3fd5d98bd7b1d4887f7157cbb52b01464,3006.900000,10
1,60c2b70a4284cc1912f760b57f7409a3cf04ae360ac9fbc6051e801dd1abb089,1859.900000,10
1,28a41aea00709122b2c1f914abca02b2bdf44a016accc836d2c035aa9ae9bae4,1767.900000,10
1,a95cc5aa48ada1cfd58f2ade2c56ed9a9d1e361ab146e410d79409ffbb58e83d,994.900000,10
1,d49baeb133759ed2ddc7dcd5c094c6124ac1e56ca2b403c3f3686d30bc63c405,2916.700000,10
1,84c012a95899c953d7617fa22bb4e69731f30d918445ff6673b00eff74dc9708,2045.800000,10
1,4a7dd5297e76eec002c4f47f916121e69f76eca4b4d3050fb2d2e59649057d3f,1436.800000,10
1,4f40a724184737326f9cf8f91cdbca9208decaa81bd564bfd8e19dc508a89eec,1380.800000,10
1,0c721c6b2f0b4e01dd62f57e5c8c465fcbc8b07ce79e2d379a9ca7a866504505,1205.800000,10
1,eaa3674b6d84c390e597dff24b502892cfcd4694401e26cc24826db2b3b6731d,740.800000,10
1,6249dc13c91108ac5b32e0b0f5b8212565b5f11ad7b99293edbf4216da12e74c,621.900000,10
1,d343981b38cbb455d2edddc94dacd711cf8fa948ac6a091292fc349fef84551f,3236.400000,10
1,b8306b773d387d265fa8de8eff2c72efaa2421b1183c243c79101acf245a84d8,2620.400000,10
1,9dcb7d8ff767d0312db969aa943842df8913770d95fded1cea09274fec1629a0,2585.400000,10
1,c6c9e618b5bd051b22cada6cc288fa73bb9ca18efa7edde6e64a3a14b770408a,2214.400000,10
1,4329bf06ed6d02f78270dc06a0b8e21b7a8007c5a3fa9b9501c6654280b1c961,1316.400000,10
1,6a16701529fcc07f6779783d7ad093d1df5ec913ec8b24f3b51af4eca957d1d4,3108.100000,10
1,470cf6eb8787a2e608d34db261392ed58172f26ab90e5c7b92f8628ad8790c41,2282.100000,10
1,b13e08f85e7e513fe556f42e5cbfe89ec21b475e22529975543e86721b5bb3d3,2186.100000,10
1,7b28e355627cdfb529a9bd4ad8e6f299f296985bf376f4f37d5318bf1b8d03db,1695.100000,10
1,73f22678a9c8a149065b103e79fb28905aa0c3e8c158107de95ad36256b76eba,1620.100000,10
1,f1137c9654b2c6165721f07a724a69b891dbd246f96753a9c925cc0db8032884,1628.100000,10
1,e147deffa36c7d3bb32b7d03b8be718360d3adcc64da0f9d3268117957182d3d,533.100000,10
1,58997287a94f5452da706b38f999c8b41109708f076f3cb483186cab3d288567,3146.400000,10
1,1b67fd93f35f31d92c3c58bf25c2d3780006002880309f3b7b8a7313e13876d0,2719.400000,10
1,d409bfc854d9006de3235edb3dbc42764c9f67a84b6ea58e75f0bd8eef235550,2499.400000,10
1,d71fe6751f7974471b362947cc06ac25b7dacb679b80d1662d8dd69841d4150f,1708.400000,10
1,adb6ecfe353dac9cbda83f9fad77c8b1a1d0c6acff7c6efeb2ceecb35eab45cb,1465.400000,10
1,3e20b51393e76de88d84d6a073083832b64b6497be8f2107ed6877b808944949,1243.400000,10
1,e24d4b18a130aafc1c9e0a202b77db149738fbbd778a87262cb59a1f1ef57da5,648.400000,10
1,b74b0e1d028d29634b57fa6b5328144558eb219d2561799e55f2b7139debeaf0,2964.800000,10
1,7a24ca82761110d5a105737aa8b547b4c1110bbaad427f796f4741206a3b149e,2629.800000,10
1,8a2eef40b258f74030861434ade7829aa67e11bb38f5eac939b5db2b1d00c4e6,2213.800000,10
1,e40da119bb0361332d674b3001f4428226897d8d641fedbf3f7b5cb1da9796ec,1438.800000,10
1,8b0e2531800fe44980bc6377caf83a67593ec058338d4023e7e57c248afabd0c,1300.800000,10
1,02967deda38f7a4231a2390e00255533b0bb093cdd6f4bfb53b2319b3ebe9b03,2520.600000,10
1,8e1f1ea01cc2b62eb34a78a94d05392d1e7ea864ec2b278c78bd0b9c18b15d34,2350.600000,10
1,74c25e4dd4706e1a253acfa9cc49071093a0c92d508cfdc0f847c4b3c0d042f1,2418.600000,10
1,1b199c8631924dabf5b536ae8cc5d79d5368993cc40c1e672f584faa1ea3478b,2204.700000,10
1,b752a5b9e9cf7bd4e64beccda31a167f878ef75caf105d143524d1d6faba52a0,1876.700000,10
1,d340c0d859f329a84b20bb0a4b87a566e79136f3af791a166eb87427a427ecc3,1668.700000,10
1,50af1d904fab072dc908218398b8879cbfc71fe547e2a0290226eec4b5745ffb,1286.700000,10
1,aa598b2ed715f3f2d56a0630a124c3c90fe55048e3407e87594cf197e7af5dc3,821.700000,10
1,38b735fb78c1edcc7fbd6d4e62432b656cd119b99858907025f5c5b54321a9fe,3172.000000,10
1,09c23aad55438bcce82b92217f60eb012b2ba7f7d063371f6becad40aac0c25c,2324.200000,10
1,1ac4d2fb05df6f45867f521df54bee4b26820b4677a2fb883cc65317b99d75f9,1949.200000,10
1,c3d49f6f3d5f7ded6fc78356e8b10ff87a4fc0615cbf87fdfa60949987ae30c8,1957.200000,10
1,277428c67d505c9af479c4d13bb44877dc1944098953f41fa1edfa02ab4aa2b9,1427.200000,10
1,abb591573ac15557f509251924d7204c03d560b34e6f7878416eb7565d9008cc,667.200000,10
1,f6d84993536d5c64a03168ca692023820e7a02dce3b7496784003ea07c89322f,3085.200000,10
1,8a1ea558b7a7b1b2930e143b64c40948141dee8b7377368d751eeebf187c6e00,2963.200000,10
1,0c812285b370f39facea6dfe3c1ad3c317612ce114fbbae1ab64f9ad233fb135,2786.200000,10
1,e2c5c9e7a12b17372b0106aa1dd4e3924d1164a1ef2b45075776edbf0f81c70a,1945.300000,10
1,64b4a0c241ec5a926a4a98e33a10a4beaa66f74664b60f82ccdc81a75d7970b5,1898.300000,10
1,9b02e51b243cf3b42c51a7044c79b839e71f48f082c23a4b79c937d96eff7f2e,1253.300000,10
1,6551046fac46fe6381e67682305d7e7ae613006e6199b556a8ff453474e5c792,3307.300000,10
1,7c5adbb55143bcd37b9cf431f863b4a459d69e7973f9094962d832941d178ab1,3111.300000,10
1,3f01f4b64449b7e9b7be8ab81c6a07b697e0a4460ed469977a19f9b78a3f25d6,2918.400000,10
1,0b70e74fbfe182c6e87fe82d7b8dad5d39bd7607ea18241d99879c7d68b867a2,2759.400000,10
1,3eb09eff61428a9a435d07b488027b3320a358be38afa4ff454973eb190c3b95,2115.400000,10
1,4f05583fd9a19520a587b82a92076c402d9f2e354e5cae33ce3e0a039a1524ec,1015.400000,10
1,4acbc72d288c7ae82f5ab67a29c7efead46367e25252af8a26f96dbbc3c9904e,849.400000,10
1,12ac4807671fde4db2d9a07e7296288c4fbfec1b50e005ad95c6b9c8fed92416,568.400000,10
1,a8a07014e871ff678e4c39d7e0c581dfcd936f01d6d2c878aa72928254fe454d,317.400000,10
1,04de293752b80d492dec3ffe56358d428e63fe5e328c092f4de05f2d0a8be566,1459.500000,10
1,3396ff029105b74c1f6614254064005ff40f7be748fe8125cdd080065c064f63,901.500000,10
1,1d63d154c093c7514952c3505c1405fd1cb891a05df8552f90167ccfd9d8232f,523.500000,10
1,ad4ee355360e80326fc5c0308045c6a5179b71d7b828fc7a91b17070071168d6,345.500000,10
1,3007961bdbc9bd4cd1e3400c5f2c9cd597da15afbda7304c411629e3d2cd23e5,3353.700000,10
1,81e45ac8b0d08a69a95bf2af8e8df64f02060fddf7bc9bac91e6aa54e3791dea,2910.800000,10
1,f033af31f4dd9778aa7e96c33a0fd3bd8b3459c4a4deb460d6321c8ef3a879af,2222.900000,10
1,5cacc509b62aac961a4e383ac88f3653c319ba5c0860088b76099546e6bdfde8,2185.900000,10
1,59c5403ae993cb74610fb364972c3625014bd23c5da1a4a7a914971ee17d14e0,1708.900000,10
1,b54f5a4156695bb22101f4fc5fb42effe8ab67f9ffd2c0f966753fd9af7ff912,1437.900000,10
1,88f41e029e5a1ea0843c9ac6310e99d5a9b11ded9c96f16cd4f977a3d66b0a36,1324.900000,10
1,a465e8a792cf5124ecb84c51ebbc5ca548a08b794d7af01c5dc1ff46c83d0cce,2842.800000,10
1,442f08c0679e3d093b4935e0db5d8b1278af04306e9c8ad0d38e8ac792d80731,1990.800000,10
1,8f8faa8ea4eff1308885e03f2d9e45d7303f5abf7fb77e48a78f17688131b716,1939.800000,10
1,d847c8c47edaad96ce4a555a378eb4fc07a2f77ef33b05fd3964a51c2fc8f9e4,1389.800000,10
1,ebc7ec3aff04edb608f614ad749551c2b9dc781d0e27c3453754bce8fddb1e02,739.800000,10
1,fe2fc6cd794cb0fa1957e39c853982bebd994ee020c7adb25b330e78299480f3,3037.500000,10
1,fd0f7b1ff247eacb365029b790b6d7e37a1d9d57671ae1f24725b2319a2f50df,2865.500000,10
1,c30f7a6a457ffbb738f7928326f08b7b784afd5ca05c67733375f83f8d9c8757,2557.600000,10
1,7dd8aef96ab3132682cdceec03c59ada05ef670f293f9a12930358e1d8da485d,2454.700000,10
1,96b197f48fb75b35058da2f8de9cc21eec9d24da3781ae56708bf26032f3da56,619.700000,10
1,4657f16896becba427657d5b6760fb43f8c73bc73c530fd08d295f021f3aab5a,2864.100000,10
1,419fda37122981738f6f379bfa310ae5d762b7b1ca319416a48cc70573afdd4e,2325.100000,10
1,1987eec0e909c862529ee4f2db085dde1f0265ef440eeb78e2c19b67ff27a8b1,2080.100000,10
1,441e4be112236aa20b1bc9e28e57555700da3057707a249b394f7adfd69954a1,1720.100000,10
1,2a6b162cca398c0d16d844df0122c121a5c00c7f4084b0dfc14415035349ea53,1338.100000,10
1,4de334ac936dfed0b511c45356d254594cba462d4710265be279f5302baffefd,1184.100000,10
1,4c6e9369d58aff50b1ba3799feafd37a57d6c977db9569a662564596f4283eef,968.100000,10
1,3e6848eb9da566487a790bdf06ff464d989ee654e42d8bf368852bba7d06148f,385.100000,10
1,2eeca37c777d9b1b1b18780272668fdfcea7a484de45ccc8ec486b419ea159bc,363.100000,10
1,7a6a4f4ea4a48e2cf69ec4b0d1b24a12c24dbbb8ebe3ca5f57bfa64dc1749bf3,2393.800000,10
1,1b4fd7bcc61932928c7d5b4b7115b0c155765f886a44a3b4afcad5b0a794bd37,1964.800000,10
1,8c968d772cbb658997eaa44d85e32c2728e34b0738a41bcf3a2b446357bea668,1378.800000,10
1,78021729b3410e9738fd42206ee780cd25288cd63232cce5dc4e9e2d676262d1,3123.200000,10
1,d1bffe3114322cd0f9f29aca27bb14a96c66e02d5ccfee5dc05b800fe59d5c80,2844.200000,10
1,f48b4eb54e87304da849b626946e765cf61a5ecd2fd112d79bdb08085b8589d2,2166.200000,10
1,9db8f599b28d2ccf4bb325a61d63cdc312b6009bc35cbea0947b6f569df0d82e,2219.200000,10
1,ec95cc11580141a8a9823e73453cd2a197d62fc386d5df4e0f5037adaf2ebfbb,1905.200000,10
1,7526fb577f9c11a1909082bd0bbb8df0b3f7b5fa834703164ada79b56f8d3a75,1707.200000,10
1,f1a41eda14f9cee362f473e6881fdeaf56fc4ce5cc92adde1f6632b766d81d91,756.200000,10
1,8f95153957843c935bbbe533eefcca6e493060b8556a56119b181fb68782f281,287.200000,10
1,46a26a7509199b2f74753955669451ca79f16a8f985d1c812d08aac5a98a0586,3391.900000,10
1,e18d73e1e2c51478b946fa3a328f6ee6c713ac7c3676cc108fe46d3158735df3,2411.900000,10
1,ed3324801c6d4bad176b00a3c49e35619e7204a0b2fadf548aa3ce7941518946,2395.900000,10
1,e0e2ee70fc1f785e03d7182e01750eac8686555a54ab6985afa4c92d22b23ccb,1591.900000,10
1,2344d7b74afdb4eafb980d45809f914194a2daa709d2caf270efec6682eb1950,1469.900000,10
1,bd7a11226e51d8c0a09720f42564dd5ac325f96af106ee49837e0d1d7abe5a12,1400.900000,10
1,d51f730a3dc64139e7f47377702f1a7f957c182cbaf2060f4aeeff1f0a61db22,1383.900000,10
1,5b16d92c2f64baa57cfb56d73f1cbfd695740d4a7f7ab3f83d86e0076d25a58e,456.000000,10
1,98fd5af211125dd5a4f28d1cf1def6af140b37b9f47f7b08f674451d393ed79f,2760.700000,10
1,e977ccf57de73f0a267d4fbd90d7908f669d0ad94d910bdec07871a9517e6a27,2370.700000,10
1,0c210c0e5b256794bbe6b4e81e4551bb40db6c80d16cad8cdfbf20d7b0409e12,1726.700000,10
1,c23c54f456b3f7836331a44f647b986379d9aa251b162bd313548ec0c9f11d93,1276.800000,10
1,a211cb810799a788c729c2546cc8e47f2d827a278bd4c7f2f1ef23c410886d4f,2582.100000,10
1,2e08307a80cea967b9127aee500802b89e1c990c9a8364f8ce5d77fc1883205f,2051.100000,10
1,02698db4204a28bf0af2031dbbdb5355b83a1184619eb36803eced3f612bfe31,1623.100000,10
1,472e61d1d382024c88f5abc5bb1272a757d54cb279e5873055799f5405a04b6e,1616.100000,10
1,554d37f4deef478c0f06fc5bd85a2fc0a1bc1d422f6f065fd67f08ec6099b354,1371.100000,10
1,5b9eac71114e348215bf742207cd37f36c208799adf1f1b62040b206f2583b2d,1250.100000,10
1,6a9d2b655285c6fd78389971d89d1321eb7a3d7d1ffabd7c3c59ae4950e0ae8a,764.100000,10
1,69d3414c31a0e002cb4dfb23f039b8c35c440e1ae01c448d953e2b1e6f39b11d,3408.800000,10
1,89d2c8b8c489b477c83e6b415ea4806cc74a9e08d7a33251b78726132c0a51c5,2198.900000,10
1,03b4306d294a27a5316414729934e47fa0be8fe6018b076df0ed5c220c22d1d8,1668.900000,10
1,551e9ed0f30bf008543026700d85e8fee8439bb177b8b693ef6df81fd18ffadd,1593.900000,10
1,1746b59da0f090fac15fa1014af76ff368f96a4d54574cd63f1c3a654f719c62,1067.900000,10
1,2152c508d5dccb16772fb81fdf92ff18212579bd51b10e77f130a9c197f9eb34,2748.500000,10
1,73f64d74cb811db9368da12c4650b9246b9c3c19775a8a0b2ebf71f88ee7294f,2657.500000,10
1,845f16302a7e3587a82bbcd9bb9ae39468ea09e94cf6219455e6a4d758faf4a1,2099.500000,10
1,b6dfdc53dac732f0849317fc42185b02aeea73ec0b9fe21c150de9baa72b3ffc,2098.500000,10
1,3318e64a033a80e74fa9d5d87d2c1ab90e1d695bab450d2e68faf3bd5d736ae3,1684.500000,10
1,358bd737aea0a27074b7974d996364918097996def0d1535f189c17c270fb5ba,1577.600000,10
1,89952f91b73cb92aeb24cd36d090a035e42a97e4a8fe44f6e6568ea4072108b2,3303.300000,10
1,f97f658a8a29fe6ff83110615ac2406e5728b7f6a1dcc1c05a66321cdfc321c7,2690.300000,10
1,32cfc3cfe61bb0741c44840576dc78d08e0b4fea27b199adab9af07c1cda2c8f,2335.300000,10
1,be792445262fb7912e1a3bf15872bcfc892c54551e310aaa99f986d9c6f6b0de,1911.400000,10
1,8091075c3fe3b97c820962c7f5929ef13e5dfb9c15d2a73815420a5fd27708ba,1180.500000,10
1,b381ec44adce9031478ad41307465d7962cec4dc1850163d4020eef6903b57dd,3612.700000,10
1,f0314c8eefc94de5ab3d33a298f2f930a818082d4775a00e07cbf9d32434e0b4,3518.700000,10
1,f8d1905f11d4407cb805eb747496d954f5574b2db5687112c3885c6d99cf1091,3041.700000,10
1,ed50afb0e0890fa6fdee697945afbac6dc3d259c473c3df94876f203b58eb511,2985.700000,10
1,99fd05030165a861661c671841d93bad6f268821860842e98871620bbe39054f,1287.700000,10
1,7315a5ea11c0bb8ceb94ec2c253a01c693a4c746ca82731638703c909609da7e,846.700000,10
1,d0d8c543abbaca31b012b9d899c21cbe56d344ab62317b722e3b027868610292,3067.600000,10
1,8627a70530b20c732de91531d68d097d932e1f9177ea6478ece39b59a9044388,2296.600000,10
1,fdf6436438819754a48857e58b3d328d3eb77bc4cdcaf323f339b7ebfe64f67f,2260.600000,10
1,7c15acb98ca1356d59f8d9efe7c75bb8c9ebb2659689d5ba3bb7fa1e2c60fd76,2165.600000,10
1,58800dd92b9c9f50b85827b26fe4d3996abb575f622b0eb063b0bcdb66b669ed,1056.600000,10
1,0d6d6208c7fe059c28583e6cfb41bc1aa34b701d719ae4649cd5b228858c710e,459.600000,10
1,92045e82abd28cbce9873b95922991d74f185f8442b027f490d6671031aa417a,2971.900000,10
1,360a6c713293bebda8379fb9daefe3b6537cceb99034b508112d4723604eb9e1,2927.900000,10
1,7d9923217919d19f6785e342db46051cc526dbb785e1963c4f1d365c07530c19,2485.900000,10
1,b64cd0f90e8a6266ce7e8e6aebc92a94df1d9a16f65779b6f9ea62c6f21c934c,1970.900000,10
1,6c51354345fd3bb34b568bd7a2b84a7f2291df3ffcde77f9be20633da3411bb5,1159.900000,10
1,e14127db91a4f309c26a33234f318e78be731d1789a3aa9117791026d34e64b0,635.900000,10
1,b5132aefd936c6ed13b694f3ecf7c41752937944097d06bfa09cdca8afa8dab4,2959.900000,10
1,5ef353eeb168dc10b4aeffa4cce61d364bdbc3450f55f8a1c6cb031e23785069,2109.900000,10
1,7f6eaf84cd79acb9624592a2f3d8a1b4dcd380e6fef77e059a56758fc01ee22c,1928.900000,10
1,f3d96a410ef4fb93201233180ea22a4a53d7afbd41a301add196252767958fb8,683.900000,10
1,cc8bd5b551ec59c7d4eeb5f34b8e80964120846f60f3ad5e381686497fe97711,3150.200000,10
1,f133f25c740937e07729d9aa0ac91f2f0bd27b27ecd5ceb123a7c5d20d5af6b3,3067.200000,10
1,39d350274579438cca31c1467debe2e99c4d1d4f146fddc6be680055bbde2885,2600.200000,10
1,0953402377d93043e8274f287660d5fa255d426cc9cb1f3374aa71ad947fd18e,2288.200000,10
1,76611b34018667ea3b73b0d77b58822dcbdab017b0277e98c712ddb233bb0a63,2113.200000,10
1,1b11e17e4c972593d0b45c9730aa0f8425a5cef60f43bb847cbc0f44d75b25ca,1713.200000,10
1,8b4e87b69c3b6de106795e9c1b323980ebca4799cd2a517e44a34359f5e098ea,1202.200000,10
1,124346919b15e18128cc583f4b06d3ce49c7fa70b7ead41857c17161f026c896,461.200000,10
1,ab0668b15b5a08cbcc45f3cd4d7d2f638b892a54ab738280068d1ef6fc9617d9,2825.300000,10
1,1e23ec5d84749ba2288082ef092de33828c02c10399b8e8c2929bfb09c43cb6f,2813.300000,10
1,f9d8757e86536314bff3982cbfb66c076ab2a92a35f439b31cc1d7b22304c1c2,2137.300000,10
1,02c2246d489bb039321f5af06ad0a905635d88bf46641b10f9e7fddaf820a72f,2073.400000,10
1,ea8d19985122be9558a7f19ab8caf5c0ddb70038b1fdcd3452c57ce3fe7df9bd,879.400000,10
1,ffef74d196f083b0d9e19eff5675c0060a2f1d0707d14492db6f3e0dac828344,2788.000000,10
1,fcfd6ca6bc77e04f16093c4f91918740faecf56ff3d817088a7518df8c59be0c,2633.000000,10
1,eafa1e7753a6392799f8da7bc0c8045076399cb69d66a875fdc5ac823fb4becf,2423.000000,10
1,9fc4d8849583ce2d39460ee6b9738a936582a7cf58d1b5f3b71eff54cf654a5c,1506.000000,10
1,45bce0294fc3c26917dffc291fec14abadceb4b18e33ba992c2c4bd81c023d1a,1446.100000,10
1,498a2790391b2b55ea213da8e7eb687d816cf8713144b33168a5f37ffc7d4e2c,1381.100000,10
1,000dbf0dc69180d37caa7301c8e0d08003261c376768cb51530b4a76ac118543,1132.200000,10
1,ba6024a12049f6405c2cdc6fd1665bd41042c11424db5009d42ea0e41eca7202,851.200000,10
1,8a163b285ef33fba1828d26bdcc3ef01548fa5573dab0e487b8a959dc137c778,3283.000000,10
1,2a0b09a152b951872b78ce3d5ad70f812305862b0b33fc0eeaa4741cfbb40703,1957.100000,10
1,26085655cf58da960e90ea9b8bd1d7af66bcc970648af8e655b28f2550d56b02,1353.100000,10
1,80c69b6ffeaeb3c3fffa2259e2f5277988a8f6020c2807102bc20660fb32abd9,1168.100000,10
1,930af7c377c561bb795f72d6417500fa12caca0c87c790dfed3c2dc48a0c7f7c,765.200000,10
1,53ccc9f6de4bf2347c0967069c97d59ed2c8664e970ad4cd3afe549f2d0720de,759.300000,10
1,bc717d9adc7fc5fbd5d284e69d1b29e9773173798223fa4898cb63315b995e7a,2108.000000,10
1,fa4952172041ef42fd8e6c32dc87a6f6466f6e4b541dccd818037b0313b8599f,1921.000000,10
1,df7e5b5ab50c0d27ba94a2f3a1e9f30222193c41df5f87db8e1b659bf51abd63,1619.000000,10
1,8b730a83fd1c482bc08d8aead17d6f8710db1eb181c0deb839e72f0be4715bea,1322.000000,10
1,4f8910f7a72116c94412bada5489290234d7569b1c33f0fa3bacd1a33d9adb35,791.000000,10
1,f3032b93e9dacb39e7f598ac49432fbffa24f63c799a7d3be0d577fd3f089cf8,652.100000,10
1,c88e8848d6f12d32e890eae8d740238f1a510b97505152d7fde241473603fb25,533.100000,10
1,6e5c0626fb9edc7a7e95aed0115964a4df4d6cf13f7ff0995cbb199e22a0f19f,2528.000000,10
1,d3e06ed6a6585b613d3d311373d9c702096d7a5908c25608a2fc78368aa22e0d,2407.000000,10
1,76c54e842072264255e8b64bec0583d92c7a47fd8e2e2539c84c7e2c3f05bafe,733.000000,10
1,bd73dfccfa5ff178e6bdd5a5cbc35c1429d36d1d5425d3069d58a4304cec365d,578.000000,10
1,bab2fb71a3879e22ec1de216ebb13d03f818719cf71ae60708029430f29c9250,3090.800000,10
1,ee87a3cd01cfdf9bae3c780f9d1c748bf015bb397ab8f1756279f60513223892,2571.800000,10
1,8b553e900fd61949ccea25a953aed7c10fb2ce90d7932e08b9cff705422ddc48,1812.800000,10
1,951003f084b55b8e2b91aaa3614c5bfb04064a576b0e10a2e761d0d447d9cc0a,1673.100000,10
1,4483740a7f1f319516f3cf5aaf3a5eacbc855bc3411d895dd8da7dd508f8c033,1142.200000,10
1,5cc7120aa0576e8ff7f70cf9921a43c465e1212194c09b80b9b9cd725aee1470,1020.200000,10
1,41a41c5eb27db2e4af9da2d2fbad23e3e37e36637f9fb9e71a59c22946d07542,804.200000,10
1,900b28f1fbd157ccbc78ca1761e4d5da219f0eda7016c67b643d680f3770c1fe,596.200000,10
1,a493e565b2fc064c2208bdb1eae62d09bc7e2db865f55de2fcad014ee9fb7bb4,393.200000,10
1,ed398f02bfa8e4cf2b80c1d2136523ced1de6ceff61f487e1d07e1a05fb752fc,2224.300000,10
1,66baf2c206c962b752a66dcb0d2ea5a8041cb29fc84ee8cd658bca137afef51c,3147.700000,10
1,408a474df1830090e43622e8895de77fce0c185f3e78b8bf8056d92f8cfdf40c,2766.700000,10
1,8255c7de81b5e437840ef5aef08fab4309de034b70af45f9d0d0a24400b755e2,2359.700000,10
1,5ca0552bc6bcc0f16377218c07fec5df969058a85032ae4d045f470dbc3befad,1893.700000,10
1,96c5cfc84dfeb2cc4988a6dd3ee8b200acb99d7264c8bbfac38d809ccf4f3300,1820.700000,10
1,22c9cda052fd595a027bf87d1659c53dce0b63d5aecace950efe4979d4262e65,1694.700000,10
1,f5e9650a9c43bfcc270508257dd3536651b47ce2559bc9d2f0b02c0b147ffb58,1424.700000,10
1,29d0d2adf3dfd99ead7a8412fadfb3cdd59177582219bb0fe4b58c671fdcc1c7,1439.700000,10
1,3aa623257d92e8b0230014d27c9a5452990cdd0efcbeffda92e90a7cab745100,1005.700000,10
1,b4733ada92ee35409e5ecf9f753088a613d7a3817e1cadb0e432a91935a6843a,594.800000,10
1,fcab6c646b78383f698f9e0f022a467b66f32da43a989b268b2f511de60ef57d,2628.000000,10
1,d69e654ef4e2c420ae2753addeacd6214aeb47a31842bf2bacbd428f6e302bde,2110.100000,10
1,6e55fddc640aaba2eb49e90ec8561a1e420f1d6c478cf2b8450b7d93245c5c9a,1459.100000,10
1,dca3de6b5b67288f967a2fea1f2e1198c57d01d9c302c73a16c63be21283f0a7,1144.100000,10
1,113934ee909f355d99ff37e900f0da10d6c34d1db4cba4c52086ca812ae2e21d,342.100000,10
1,b1f12ddfa62f013eef1bb9783acd0d16be258b8d8c18237471d567ba77310be1,2797.200000,10
1,1a3911a2786422f293ce5ec7164bdd9b3f0fd078e4094b5559a102d3f0b994b7,2303.200000,10
1,ebb7be308cece96c87e3bacf9c8510d70d30f4ae13769e7c2eb70c90c6d603f6,1656.300000,10
1,9d7770fe6a52f6975082fa180b86516069460a0b497d011c381850dbfa805e4c,1702.400000,10
1,4cc7d42145d33f470ab090023e2c6ab0e85d863d2254c45a3d842bd1f01b1850,565.400000,10
1,8198982e81cb8a77c790916219586286d56e21a3a278fc3892c9f8bba0a3647d,3223.300000,10
1,a583c60ff131e6135432a3888135bd4a81f66ec5441a147fad0777bb2278c336,3274.300000,10
1,8f9f050699ae5208aa99dc4f3f819a8605260f186deaae3c7e2529b14f9fdbfb,1976.300000,10
1,4309362c2b3c1ffec6e972e6e2cf012ba01f1f50b8d2f17fc9a6c78c4a269b55,861.400000,10
1,7476dec03eb8bfacdadd78d3d0df55d2c593d8909be338e338c659fdf445058b,871.400000,10
1,621eb1a3d0a0f952789529bd2536d9aa042f0f500c36b7fb8bb0b523bf54a9bd,616.400000,10
1,a85c76c27f61082afbf7b912f41a9ea61939002e4d1a5b8b0d01095eabda8a35,3185.800000,10
1,22e58eda63f0d53282976ebe18377b681b3453831d6890458dd8e570e64226a8,2482.800000,10
1,f152ec488161c011442920f5cfce6984399139635f719fff41304c46bf4eb149,1857.800000,10
1,9089715b70890636dd80519ab6526f93b8168b0d622225ae5e09be70eb45e838,1711.800000,10
1,b67c959b0dfa1b462d5d3640b4f751d85b90749cfc5ea9c2de594c9e326898e0,1641.800000,10
1,2c3d69897d267c9fa4e64a978f5bf4a1ea972d442d5ddcb7cdd5b8c85c4461f6,826.800000,10
1,2cf0b1fbb09fe57b226587589f241e51731ca8555c8770d181cfcc8f35c4b24c,3142.800000,10
1,69d9884e37fd4cc33d44dfa786fa38cadfa3219a18bdf6de1d13b9a4def777e8,3206.800000,10
1,51bee10c529a414a44c963f7a4acfc740ea359f4f3e0b722476076f17217cc68,2614.800000,10
1,68324c1812a58606c6c807c0d7bf3848779c80266ca760f65cf39ef0b6e64350,1653.800000,10
1,7792f5521a481061e8c7ad27af38c33a3ce9d4e987d950f3fdc696fc40a55989,689.800000,10
1,0004b671233e2f69e29de530e9e8a571f3e5a5dc4966650be51e64265e66b6b9,3098.800000,10
1,6ca2faf521ba545edbc282693eb08dccb353dfe557054b207f169ddfdb4bf0ad,2677.800000,10
1,c0ab86a083935921091bc59f4995bd0ad93c1d0ec514cb1b54e647edbdae8df9,2486.000000,10
1,52561d0d4a21874f4964e617912490520dd4429c74a4ec01e74ed93b216e2fdd,2053.000000,10
1,ec3766aff9649f6a2742dc02df6cf22c1a2d059e54da36d61c14f05f3d73424a,1108.000000,10
1,e80d62f6b557582cee2d0d7bf60817794d96b7dcd8b0dc53684fa5bd2df790ae,1106.000000,10
1,cb6ca99eb9aeedd98b5df94d8d78b127a2111864ba3057b3e209aded8117b2ee,3239.000000,10
1,af37875d6918da756148f3b06c8dd7dc3d2040d9e73f43d48cff31ee1b4f4fdf,3086.000000,10
1,7d4296a7a1671a046ffa57cbfba1619779cb32aa98778744c7be785e377a47ce,2014.000000,10
1,34b696178d1f46902808cdbff6a5a9e5f6a8fbca3a3f670ac08ba521c5668798,1913.000000,10
1,dce815c6d1e39c185e121d7a0ee2c92097363553bbca58a414751c90e6015bc4,1646.000000,10
1,df220a2552dbc3d1a9f7e9be67eeee504f532ef2ed62d2df14c7abe087650e82,783.000000,10
1,811968d805476e265a9e208c19e27161b78c9c26323c328a2e6a1d20dcc3731d,275.000000,10
1,e2c59660d25c0a53827bfc23c1864127efc6ec9333c2c281cfe38d10a8a96f6b,2968.700000,10
1,6b467253415d9497a66a325ffceff69b3c52d5e05ac2e74588b746bf1118f8bb,1641.700000,10
1,1f19432f81bc3ebfadc39de9d98aebb55748e43723247a09db60297c61863210,1271.700000,10
1,51d518b16fb3d7e4d62f81035d0a70361763d91c7c60b9bb0e126c96ebd37d2a,1390.700000,10
1,6fdbd1c39a6d58e5353e30e9aa105c4caf4472d6592d5fb44107a76b3aa5f451,597.700000,10
1,6b9e2dbd7c0ef5108dedcd6d9a42f5658d1b9d9f7706516b634f34d3e0950a97,3257.500000,10
1,9d89f75ef987a811edda77a9ce08a671221a34318f8bb2269b4ff1a456805f45,2719.600000,10
1,3ee349abcb051849aab4e616af9ba6bf5e3dffc71e47de6bdcf1be82565a5d4a,1551.600000,10
1,4d9d259aaad9626d7464714170adbb28844830c5230f15faf9051e8a795fca18,970.600000,10
1,b4bd3dc7ab6ff68e32921567f88e54b47147d3801776a07a91da6d9fe616c474,871.600000,10
1,ef2505f4f4cf599d835d94d02b1488198f5d92881b67630c86a424829ac62b89,634.600000,10
1,eee916bf184b635f65c7109a869f213a930f6337db23d5bf59829e7be11cff5c,376.600000,10
1,80f3eaa6500f2e2f56aba2197e36ad968c01223e0e794f072138aa71fb1149d7,3078.300000,10
1,21bdb57964863143d072ea6c0c2b34a6c44cb9d488f6e8c9e15879bc975f379e,1423.300000,10
1,eb60a484054c8f570ff92280d506c624149a2aabf665c52db11bdb820cfee12c,896.300000,10
1,6985c84cf456deb65cbe1c1ffb19ccbc218bdb9cfca54bdf0335609bcec21a46,3290.600000,10
1,73db053671e74089e6e08934bc4eada210132033c5b098b3e64fb8cae6444526,2773.600000,10
1,0c8416621df9a9c7d02b6c43c074d7e2bdf026e3470003515078fe18968b37ab,2687.600000,10
1,85f4bb7c176b34726c3d87e899120c76b235b3d3c6af288d0549e935e7a9b3c4,1921.600000,10
1,e7d8197b2318976baf0b7df130b140a86dcfd47ddbb15efd5679a212e3bd23c3,2023.600000,10
1,318313344894efaa0f24e678edf7ce5d8e63fb71c0446b0b002360f0e53f30e7,1717.700000,10
1,e67c5a980d484d26c7633ee4b0bc7051c4b55d24420fe0aa3cb6de689adbbde9,3276.600000,10
1,08b62a872e027e7fecb5bc8f9195d0cbca5e2e7225f91a659c644a296226023d,2634.600000,10
1,085467ecdf13215ac61b033343448453a392f93bcbf9a56735e811e0a5a83483,2280.600000,10
1,19baddd1111e214974655c305ef0f4965313cea60babba5351c77895c4ff40aa,2109.700000,10
1,87d8a14017478410d85a8ac7007ddacec0965607a04f17a78f7f26ded4fdc7c1,1637.700000,10
1,5211175a40c32b48a38893c2243a30091acf3e8f6ea8a178c79c09f6120e6153,1245.700000,10
1,0ac859ee99dd25afe4ae6a1d82595a8910ed4ff1faf580e25f8940549c71dd45,852.800000,10
1,e8944176db1087a7eaee2791c685189560088b0322e2104628baef1c27e461a0,3131.100000,10
1,7e9e57161b8fc374f67184bb113ec570710539cc10b9dae41eb8a96a913b05e5,2382.100000,10
1,ac0dc3e9b8f2cafaee7b1e2d5f26499ebe45ab4acf271ea51e5282e375eed9b7,2167.200000,10
1,75de10649435adc5b4bc8b4526b8e3f6607d505e4be85599b0cae8d6ec170449,1165.300000,10
1,1257e87280f236db23b5b8d08fbd299b3bb52b3aff4694c145703d53ced1d124,2826.200000,10
1,b5f62387b9d55ed244162a35e88b7a568af5e5550b820ea9975e458e7f241b50,2709.200000,10
1,568a0cacd23c0a95219a5c606e2e62e0f7dc41e53c456108e2de8e189ae49a3e,2273.200000,10
1,01bb1fb1029d25a3903022af5bfcf11002f6f3bda39461f71575644ef7ec1a7b,2198.200000,10
1,f8feceddaf8f5dea9ea985d228fab66dcb428edd98eac91c28091f977cf7c820,1562.200000,10
1,7a6db0e687054c4937be6d9669121a6e034de3c42996cddbde190170015d422a,808.200000,10
1,6366aaec109708746f67cdbb0ed5f737486df1803cc8caf4e41c0b611f05c187,759.200000,10
1,bad6e641b73f5d2ad1ca58349fe9ed607671bf1469456e63efa798f64592d547,568.300000,10
1,d9c45ef6baa92961b3b1ac8304ab642675a1512370677cf9353be8a3319827f9,3165.200000,10
1,e5441dd9037ce9c1bb83f8f6d4931dd15a3d400e3e0b16d632f22a077147d94b,2265.200000,10
1,00d4d4c8e21109813d4238a6cd082b09e1d63a4d92c825049c6be65ee12a8f1a,738.200000,10
1,02a13555c85ec70ff81971d3067652c7fd00e7191950e75ffade1146848e714d,572.200000,10
1,6335d2f42284e365fa1376cf551737c7d79cd9e1f6791ba9147fb2fba4de2cef,3237.700000,10
1,5d5717681957fb21e771dcde8fe16b82e92fcb293d5658b1153e8cc0a6ec5dc1,2808.700000,10
1,b59ac0b3a6197ac994cfc8d41c111616a46b51b7a9d68173a15ce6ec08104033,2718.700000,10
1,0b3ef5d94a2013dfd897a4d4af0a701659061c76e8b7011f3e77d49df4b8bbef,1827.800000,10
1,4d4a99a6b0a0c509c64b4dfda07eda8c1b874cfa8df917cfe52816698d7706d8,737.900000,10
1,91bbd86a33ba83dfc007ff0aff77da5815a7305256284b67aa79ea0581937754,677.000000,10
1,4a91a7a762203e19294034d2dcd0b0a8481f738f8f044053c51cabe53c1d1578,3325.600000,10
1,ccd53e432fba7de63c73e201a41c7ec84bec3f80d45b77402308bd8c42fa4b1f,2736.600000,10
1,ea002309a3836391f4df0cdd544a0b955a56a52b6235420fcc051d581496198d,2536.600000,10
1,880fc63181f62ff04f5e5908f72fe973e7379bd8a421b5c2526f0fcad7439cc3,1593.600000,10
1,ff0f1ded7bd59a9acb2b3c16c12753b0f162476eb406ff8e174515ac3cf420ba,1598.700000,10
1,72b5eb2c30f9eb3a7b3ba2de5d9c920a69df5556c2a5649c2493bf191b852885,2783.900000,10
1,ee3bb9dd50044481a0469ba9d63352e9c809e0e028eb1782b03c51c10333aeb4,2504.900000,10
1,0b31730673a296adfaa35977dd30637f60c7d5a681a471979a3ee8617038f86c,2415.000000,10
1,c4eaee949fa7688806e56795b7772f5e461a1b72891ffca163177721c1924bf8,2040.100000,10
1,7ac2c11c86993b2247a70c63d915b6f091773809ab96337c4912852134d5fe8f,1951.100000,10
1,144a302cc476b51c45a4d620f9349b8ac705c23abd8308c6bf82dc0e6366a4bf,790.100000,10
1,5265c61f674ad53dafc6c500718abe0238d559f043ff0cb1e1cc512d5233247d,331.100000,10
1,741384a01999b6999e41031a5df3444e45dd09f34fe937457624f877d36c2e88,2872.000000,10
1,807e246b05f4846692310302d5c757863c3c47c8a122969b68ed8b8849b88b43,2745.000000,10
1,f497b4c29bfe4e9dd48ffe766a80cdccf110992a20a01289f46378776fa484e8,1365.000000,10
1,6157729f39cfbb5d73967a3e2fc4b6db09a07a7b0f526c676494679d360baddc,1020.000000,10
1,ec89efdc7ac67cc9e586e407c5aa3f259f92731184ff6b4b015075f6be64e8c2,709.000000,10
1,8af40d261f4d5d7ce0297725d1bf2cec1463d3a2a6c2311ba59d685780a3891a,423.000000,10
1,b018fc5602079f419a952a8fe8782657c32693c91d94655cea4bf1962d4165c3,3136.800000,10
1,926c2d18649a5f07ddc135371f772e98d622cc0f7e34ff4ba9d68d8d4b4fc23e,2402.800000,10
1,c718ab2580f12ee58db2967bd3285c2372865417d6e231125d953459661f9374,2321.800000,10
1,81b37d2ac58cc0af8e537131b9f87f2ecc82b521e26402ff5c623fbc01e046b6,1628.800000,10
1,765cc28a8832feb000a96e4c395ea94755384db7d1d46ff8769d5f39684caf6f,2643.700000,10
1,d821bf20ce5a99f4c702db4e6ad2550c54c19fea40b61ce47222fb0e8c5dadc6,2480.700000,10
1,ad4a2f3fddca3e44507862596de56f6c4f82b52e46f1f06c10dbbc86446fe72c,2122.800000,10
1,d3f5f1a848a06a1a0cb465f2fb024276761c917c9b3e121bbcb09a4a872b2d38,1886.800000,10
1,63da242307d6b4e780bafe523a8aca618b62ba45c86309c69c0da3c868481938,1571.800000,10
1,a36680740238cc6f97e03d1b2d5d08a33e4ad56ea85166017865bd18f433273f,1394.800000,10
1,1026326257fd4f294ec984162a4212bc50883274c95b4ce03c48bde3d414ccb8,929.800000,10
1,42a1771de4a7c0e7deeb6473b8c88212bf3d10a80cc4d90522ec7c155bb698ae,274.800000,10
1,426da51dbb13e9fca54c9f380c74385015ed2a007f40ee523217d2fd8e9c8963,3229.300000,10
1,fd913e8d14eb3dd5d6013953b69266e61c85873a36ce6b99885332f48694142e,3316.300000,10
1,827f596f4f74f739ba9ab6f13795f4a00aaf85b53f92ae4f2b3c80aeea02e8fa,2507.300000,10
1,1c766f7ed51dbcf8cb74dd7cda45efdc23afe3803fa39eee0e5c579e1d75984a,955.400000,10
1,467645ef5582f1da8afd2fb7639337647654b65bf250fccf2d877b001548f339,2569.200000,10
1,9f1b2695231405c60d823867670ade814c036e2d19084768e75178738f258555,2243.200000,10
1,763728f1761a4b7b0b067244ca478d87c66b9d3e61b7b7b3ebd7a872d2c24fba,2124.200000,10
1,ac37edca85f6211294c7fa3f22291f11269b95f72b016d3c549d2f434d910493,1931.200000,10
1,71592b1715779e57562dbee472119bc673a6be50aaac137ac5abec39e9e546a9,1910.200000,10
1,42acb95c3cc37a23d29434f9ff752cfb4d4aba0ebefc12dbf83f0e4a055ee42d,1365.200000,10
1,b354b93b730dec27f9ddf21a7b3afe9669c52aafdc05830a1b0f28b8d62a3db8,1157.200000,10
1,9cf4c61557018182446620b4ea95e2497ebb91415a6f17118a14e5f82dbe00d3,613.200000,10
1,9f2dbdabb8bf575fdef90b7615e5cbd405511be5f8cfe98d89881ee7c5021ffc,3191.700000,10
1,1fcd08c8413cb5df832c692cf47077bd438e59dfd2a2cc1955df5b7653b32cfb,1725.700000,10
2,40e26019641fe43e6a94293d39779c5af14b9d8f55adee7b0b1a5432224f6bd6,1430.000000,10
2,42d7aec7dd95ff7fcd0ffc089e3a6624b23594bf38a3842f112db05d3cb437fb,1343.100000,10
2,3234ff71830464ed05383a421afbb053f5bacd782a78c39bee99162fbb9edae3,1245.100000,10
2,12de0ac8f837b4dde9a390879d6275eec6212df329089b40a7f77c1c58ee5219,981.100000,10
2,ac7ec7f25003cdd51bcb236c25004dc5c893f872a7413868cd8af1a67dd0c055,788.100000,10
2,b0304e1fd49c198ae6cc4cd4233556f85bd382a2aa9bb809b449392f92ff704b,877.100000,10
2,696eb32ce6928bae1b40e993fca8f475bf6eedb6ef5f425ca0ca86a548c3314f,1683.400000,10
2,600f37c6d4e098e2f589ae77f6aa6e506bcdb968383390b25dc71834247c73a8,1449.400000,10
2,296a908a5791c35e7362f648ef035386fd16b7671bc72322a43e6e1916008386,1027.400000,10
2,b5630d3eb51bf5d90b3ca1f21c5df23d9eea2bed517cf45df696f63b3997c686,1619.600000,10
2,e51fa4f7e0e0e0ca871ad196e8e00d835f5c32fd13f1764aa95182ac78c81ff3,1302.600000,10
2,ea16bfc292f3fcac29300e1ab8e9486d760d3fbf386fc7b84b69834f1aca4e9a,1754.600000,10
2,d2c596c3405a0d1c6da83ed8a25d0d3d0352c21496087b495311c1ffee6123d4,822.600000,10
2,3446eb894c32144f08d226ea4a47108af0c70700cad96a41485cf1963937d8f1,795.600000,10
2,6216b06f4383756551142396b84b7fd0ec51ee8c0389641fd655bae0eca2aca2,464.600000,10
2,3f38b62ceff50ac7d7a44b6709e4b17c68f1acccb1bb3f92a7d130f00d57c556,1077.000000,10
2,28164a4e27a7ffbadc91d7626def1e7ba0458af144bd95c74e438ed3c6654505,673.000000,10
2,80002b4eb729431cba4cd71b9b576dd1b183f6cf1e1771b702ad1742db4c56b8,667.000000,10
2,a503a14902ae6e4d9bd62523c86ce75044dc890e5c30481acf007f1f13cde868,572.000000,10
2,1b2944447389b3fe18d7c50c3af8551b1f480787b95bf194011b43c4a63a80d5,1514.700000,10
2,398c7aa5c6aaf3bb3ad942d3e0aa0f960a7a06d175a4417bbcd47737e84b6e83,1270.400000,10
2,d63f9a1440f2e6ffeef5c3671a96756ec0f19bf62941d9ecaf8d271c69fe52d4,1021.400000,10
2,c2e693a852eb30a4e2f129201dc809ac120dd50045856a02ceaf5901589fc578,389.400000,10
2,7e6e9c55982573ada5a322dbecd6d1b49b2b75067f281de0f46cd003857f1c3c,1609.600000,10
2,cb6e519a4b3d0c13a7e03afd01bc24e6bbb5a43cc831f7d1248144892f3acecd,1497.600000,10
2,b50f4d774b8644611ba592ddb8fdc275f774806ab011853af15254ed69e004d9,900.600000,10
2,699ec06583b9779247d16c40d22e364b96e9cbfdbf5ae1b285b4345c79025126,769.600000,10
2,dbc418f4ec01be3629f76854bc33c0bbafcb8c306e362594f88a6c5636263330,472.600000,10
2,99247862692472a51174073b2d3137e06be56632c5a7e9fd15bbb53765e78715,472.600000,10
2,01a171bc861282338a550ea9f07ed4f690f4241d83d8d9baf7f1cf93af56fc03,826.800000,10
2,37f4016573d27f452927b2627db4dc758d5ae808cd3daf43f987ba6189dd9c31,415.800000,10
2,da795d0097bf89ba6f3d25d39198947f9d5c7735f61e32f05f6a8d2c459dc0ad,300.800000,10
2,af067b823f6dd1eb20a35938eada402a89349674b8b94270ee00067aa57c5b46,1682.300000,10
2,d96e312df96dc59697d69c90edbe80cb7b408a4692e919709fd0be2bde08ae4f,1026.300000,10
2,b4caf59cbeb5844e037e1bbc9e24370a89bc9c59f15e35412df3d36186343f6f,440.300000,10
2,4a2089d28f64d768f985f1865a342cb498b03ac3dcda35de9832403973cbd893,1831.300000,10
2,f789e2101b86acf7e352c15d8649148c472e5ed9040b36b55a3e6aa6027c1e7c,1585.300000,10
2,08a80444d5e07f830f2c79f77756d03bd6e60673feed7307716e1d7e47e0a85b,1209.300000,10
2,f3f26d8df9f87e7cef35d6f287214063d5931f517f58840a2b67ba6a1a0ca593,688.400000,10
2,166fac3582368df26e7cdf472dc44251100d2db0d30d9c70a4e3adea1417b145,437.400000,10
2,855f61c2c1f071563614348f6d173a1cfa1e4cc7abbcb849e5f06908f906cafb,1978.700000,10
2,111e343406b6a986f22e252f4157a41222b4d4c79dee569b40558c5632dc83f3,1659.700000,10
2,ff323b97beab6c8f915de63c196ac6769bb71133c2dd4b7f3ba5903ec0b8a84f,1905.600000,10
2,b812cf5ce65df7a2f2843e1353125fedabd883597553bc3ae6b6977aef06de4b,1743.600000,10
2,ceb41b94c69830bd977c248877c4f75122eb789e04cb609ca759d3c64ab6bab0,1569.600000,10
2,eb7f03588e8f8e28fa37151245ed5d1750606861cc8ea17052a6d53cc88a6087,1551.600000,10
2,fe8ac5ed03041c54f6e363cab31e47c4c83afa62db273719081f4c24bac2cecd,1357.600000,10
2,beb3e6df3752c859af5ab9b0939d6a9ad3d994c51ddf66d95517c55a0c0d32b3,565.600000,10
2,8838bdb3b20707e40ceb78736942db4fe18dd3b3b2316b69a8230b1b00d3177f,1710.200000,10
2,b121b85c02a78eba2a67055daa86809f02a05c2f91f02211d3c9b4b605ca8506,1602.200000,10
2,54be676347853bd98d39026d1bcffd7ddb9beef55c006ccbcab1c0e3c1cfcc3b,1249.200000,10
2,10f119f2538625bdbeb61a0310fa7cfcace1fa7e35b4f29158016b0b2aa3e27f,625.300000,10
2,875909a4bab4eccd634e6703abf32ebc03d1af0594c42d90176fa27cb1b93dd2,853.200000,10
2,d6f689740378cba8ba9b2a63af5fc339ab7928aa2c8f2d251392dfae984ab5a6,1460.900000,10
2,e9310fd83527ed30504f23107ee7da024c42f00b36f3bc9dc1748992d6a631bd,1075.900000,10
2,0515809a867e72bb7eb65cfbfb7d6df109481d06a1a0b387f4c775c069ca1c08,631.900000,10
2,49de0c148460fb52e5aa67203ecb6c2e05bdaa077d9eba9e87a91490b61af1af,531.900000,10
2,cbe9c7d5195b02bf0e3ecfcc26951a21c5ff6b0a2004173ec09fade57f1cfd10,1327.400000,10
2,d182f39698b8ede5b97d5bc65f1d2612a36f28469454a35f1eb1e855ba8961e2,878.400000,10
2,0015314d43506e1a9410232ccd75c38710ec8cedff1b30cb9e28037aee2264c3,588.400000,10
2,e7650a0b35ac1770bcd6f80fcbab83edf5e129db75cfda3b50b6e791d8e68b04,1384.800000,10
2,1d4dfe2c98eaedd60ac8ad6eb58533baaee904be6e266570c0620858db81da23,1268.800000,10
2,e27d749fcd986debd849a2940e8bb227b53cdcbc15bcd8c50e773bb4ce1e238d,1702.900000,10
2,e226d978889031a626a1947ed318f7a2d8c11a62c8235c2482968d8fb9bc1aa3,1445.900000,10
2,addd1be74c96d39720ee63218682c6e1f66e6ea27678c9e26f7b8da3940c2063,1066.900000,10
2,68a0b355e444ca32b41db69132c0525b214b571d2fb628a7e498f194431540ae,1017.900000,10
2,9781874981803e63916f4274ffcf0c9675cc5bcff95c9e825beb3a29b0d1e698,1681.600000,10
2,8102c8878181a1c5a02fe676c1f9d531af7839757ca09e64444a339b317c407f,1617.600000,10
2,a95f3c297fa11af694d9b502974769d971c9f4e20a311431791396552db53cf4,1506.600000,10
2,9dabfff8947c3f7e9457b803b8168381951cbc4c598419de9143ad7a8e5a1d3d,1231.700000,10
2,f81baca0706a5ca19b7ab852fde7702b80d4dab3e1c836e199f902f5dc083f53,1272.700000,10
2,fd65862b9f56a0c1f8bd8860753b2b591f320207104a1acfccd223cdaa396fba,1403.700000,10
2,287cf66e7e564b38aeefe6fdb12758609f36a8a413c26aa72651084d3c6a6995,883.300000,10
2,964f59d90ec5b4faa3a79589c47745170609306d396a2de8d53f3130cf108fdb,1750.600000,10
2,ebba822cca6dc72ef9b20ae704f5f37961e7963b9888ce1717645f18a6f432db,1616.600000,10
2,c6fe5c8bada306bdfae775562996a8dc774fdaa7750245db2e98bf5c5b0323f1,552.600000,10
2,af3ee147ec7e4ca692df4b5b3a0af38f01543ce60b2246fbd98ea1b252edba61,472.600000,10
2,0c78c3f0793d631a9d9527b6ecec110e11dcf17ec475a24a9f265d08a72d173a,1852.000000,10
2,743dc65abfc2aa4ede9b2e955b6d631e1c11c0e4f92753a0b988461ccd62d6f4,760.000000,10
2,2dea157542a12065986077d507f60206c2b7fd467a26b6f61465d7011b82da7d,1829.500000,10
2,4f977490077738b9d0f46c70202186eb5024825827701e725017c4400900dc70,1457.500000,10
2,04910c877971eb5a1c8a275c1ca7fec671d96aa88f056cd46d2501398227bcfd,987.500000,10
2,a91a13b23829040480036f5c2da949c4a7c4e3e37e06b1a1998ccb9ff98b95d3,823.500000,10
2,d188e51fdf25eb1608f12c140f213dd37575955e86f928d532dd8fff4404a18d,1508.900000,10
2,fe8c75d109128e6405ee9fb3bc11fc0d4da52bc9dcb6fb12f9495beffcd09339,1556.900000,10
2,35dd05fdfd127723b0ead1d942db3f35846c893d250f8a691928e5e73fd2adb8,907.900000,10
2,80f730e01cee4b66359536f6a887446e5e68e61ec80be9e473f40add18834bf1,441.000000,10
2,1e98e20053059253d623c9b91b6a1f40f91b9bb2cd79d90ef7550226054396f6,1441.900000,10
2,34477818f895885f6135b5900f086d899733538c0a51549fcb27c72186903cc1,1104.900000,10
2,a1fa355b670da43cbd928dc750edf606cb38301fd694525dbe9d038131af4f6a,775.100000,10
2,f3704c7abadf5cb6ead3e02d3dfce0dc2be59ff43182d40a03c022f208059128,419.100000,10
2,741e89a052e535460b248e91080e52376d03c500caef58ccf1dedf224ad3ca82,815.900000,10
2,1ef096ccf695acd336116056de760bafa81557dd8d70c05f6a5d47f059c2338f,387.900000,10
2,4d777dfb61e5c969e6635ffbe764cea752df7db1237d0aa17937986e5a2a5eff,1490.600000,10
2,0c4c79cdf7eb379f9257d457bf8497a3df6a6358ad90dd5c8bfcac467069c107,1131.900000,10
2,8e86125a7e0648be732b2efb2225e6f5dd8c068dec714c67d45455a6f91993a7,727.900000,10
2,7620b4647bf64ce458b9097152ffc54fd3936e8d9102067182eab950efc996ff,1055.900000,10
2,2358c4c25d1027edd86813bf5fba5e178ee3b012a49d9e40abf86e9420d0cdb4,999.900000,10
2,6e6c6e3c28a9bc60f583aafbe8b1107fbc3c403bb750677f13615e9f99a6aafb,735.900000,10
2,4d89df2b4739032c2c2f88796e0db0b0bb93623b0c33237a3531e580f651d2a7,413.900000,10
2,c38e005d9a4624f4a48fc9b175774a893dfd15f1ce6a3c9dc4c7abc835175d7e,1426.800000,10
2,b6b4b7ccdd4b49d180fbf89c2f56d670faf22076aaf20cbc5d273c8f02c65a1c,1555.900000,10
2,67e021cc27afaedbe0ed7f714e21e2446b5bb9781d1e1da3e312dc1ad4bace14,881.900000,10
2,c8fba81b5b62018f5e79eac3ccc977cf0f3f904c756bb266858cd8d74351f913,375.900000,10
2,5642009d31038c43e608fdefe4edcd41d5d567f1f090926a2b1b2f885f707446,1734.500000,10
2,a4d261561e7279a3e7aecdde0a7de3f5dff7a9b1e00bde0186c7cd9c2e306ec5,1691.500000,10
2,49df16af2f76007bb9602684c4f4f07c3c2834744f720394987645303aa1f068,1198.700000,10
2,fb3bd0991a503eaff8ca0ee360e968127b41f66412066c62894765852bbc18c2,428.700000,10
2,c0fcee170aeb81d6ed149a391bb72813fe6229f4fb36812e402a1c78fa032bfa,1671.500000,10
2,a827962f41595d69110985a828525e5d98c89f5a6055728b155b1a1ffbd32eae,1558.500000,10
2,6d206e9c8e28e16ed5f76a5486b180cea217127cf8cd210e69e752a9818e5d6f,1340.500000,10
2,00b1afdf15135ce75d3d559c53ad292253f29324901a46339ce3864528991ac4,1150.500000,10
2,aabcc8de3e77289ebe45045cd34471de5347912302158756bab582228b0e3156,940.500000,10
2,8d0eea07403d09a9c6e322c98ae68208f5417b96722fde4807b363dca8e553a9,1410.000000,10
2,548a77b35941aeac03ea4e91d924f5bfe149036a50f179bfdda8e54769e8a650,1309.000000,10
2,ec6515eddbc8c3543b0c92b22ca643ecb68f1dc5a47c60b5439e4bb11a7b19b5,527.000000,10
2,545349d399f429563b5bb1d0cd0131532ef198972f68dcd87498621799fbfa30,915.300000,10
2,7b9d27c4352e3c5ad891f22db17383964fbbdf338b520a0bdf563123e3d1df98,1562.500000,10
2,96df41cd388624a4b1c00e4db8c2794aebff3b8150c9239c28134ea2cfc22aec,1310.500000,10
2,19726266ac5a60317fc79ec4bc6eb100fbdc90c25b1c05481a20d22045a5c223,767.500000,10
2,bb25d1930083c86a75c0c43e55032a0c2313462fdd6a1f63ef525baa83bcc955,1383.600000,10
2,7115fd3854bec0be6a77a305e937db9150f82857f9ae650da0c0142b6e8f63c0,1200.700000,10
2,133e71eb79ee907424ea927651f2ecea5aca07ae9a9259d61d95edf35a7eea4d,1203.800000,10
2,e54c4c6bcbf6dd253846d49dbc818b522e2068c5d3350e910fe1c74d452b095e,535.800000,10
2,f5c40f1f2f89b7f9db805d6a8aafbae6801c287122afb1e89fd8cb3e01f83af9,559.800000,10
2,16100e25c4bf479919b3e7f9c861929731186862d2b123e452723f28cfe1d938,1546.400000,10
2,1f89e771038b3d696c250624315f68d08717bc1fb1492bfc46921d558c030adb,765.400000,10
2,7d21e46e44ed6d609509903dc88e557136da1efc4ed3b6a8332ff5c6acd92ac8,857.000000,10
2,cd360a8315f24530a07534680443e038d4843fb691470de1c7a1ae55228264b9,489.000000,10
2,b0d6e5d0220333623d9291948855659e6b10b76a3ae1cdb305115e8575ae53d4,261.000000,10
2,7ee7fda8884aae08b99d6ae43f649dc432b59a83c6c826bb531b8e35a5da77a4,1395.900000,10
2,a83c29cd8f3278a675101375445ccdf821d9d14fa28d76c19566830a7d1fefd9,1313.900000,10
2,f9d0098f36843e841864f12ca7a6071ba54733c822c9b336e07490a96f170ba7,1455.500000,10
2,49b4be0ef5052b641e7bfbc8afc8333fdb20a6950678fd18d0ea4ce3a5fd5d2f,1263.500000,10
2,e05438bab6efc26cfb5608823ee81d81b9a264912bd8678467644b7b558e46ab,581.500000,10
2,5d4ab3f0362e3f981f9927c5694a96a1b424d3538bde8d3580894199f6488fcd,501.500000,10
2,6d395ba76ff9056addd4785520d1cae5ffb3702525cec66847076ec0acdef9e4,1334.300000,10
2,a29976bd3d2ed7700eaa4fcd220315c1311335b2565304bd09ae300e801731a3,601.300000,10
2,0eba89844f9e4c0a8ca0578c4e3745c0b0b633600970ea5ea91bb4ea1e7fc928,557.300000,10
2,6c16d1a423ca98a53d740652c2169b9d2b8bb9025b0f98b90b38ed9a005e9451,1236.100000,10
2,5bb21a747b7f6afdd3026977c4702dfcfce90c6636c3247ed4a6ee7d2c32c581,712.100000,10
2,7c7712c390ac5f0f9c924280f966b8dd6545544b6b219e7e022190cc0143ac69,1626.700000,10
2,3a5d0957e3b5c48ac3cb62a7a215e11d726dc77d40efe3f758d396584a30cdc5,956.700000,10
2,86351d74db465433c7476c9647086a0f8bd001b74f35f7c8c5e184d2acbba78c,441.800000,10
2,7b807cfd8c26f19a0eafd95d1ac8b2f62c236abde638badcb6fd7c3986f29fab,305.800000,10
2,3e16acd21bd941cfc9d759ecadb942fa71efd10f65d1b8d53a9819ba8ce8eb85,1225.700000,10
2,d418905e5eb8db17c75251680767aebf2156af67430f2f71bbbc58681eafd0a0,1086.700000,10
2,d7d2d634145ede6f2c76f25b753f212c2a2b0921896ad31d476db8b9633d3c67,838.700000,10
2,cadf5be07a34c21868d7f36757c34ff8b6528bd2f7f58536afe320d143df1478,690.200000,10
2,29333630f2ee2f3461d3f3ec5444e2a54e7a21c2d1f5e8afde02ea21e48ef3c8,2211.100000,10
2,c3c11d770c8035a59dbb1a5e8b27b938fd6535183c0fc225faf7c0a5b18f2a2c,1478.100000,10
2,1bc5e281c9661dd9c21038619e137a229fb6558cb553458b234291d5f6118a9c,1341.100000,10
2,ec9a5ab6ef0fb4bcd37057baaf9429db6648c5310c03ec0305e71505451298cd,567.100000,10
2,53b2a1a5aede7826d68de6832e12b2c537c3ef4113a7baf09f552ae345bfbbe5,447.100000,10
2,6d60f88be0c68c697a250d509c79a7f889e95952a83fcc75ea0157f988b0900a,1390.700000,10
2,1f1d03ae31ae1d002f12019a69b9fe8e9864acea82731b81282a0fa89e2ce5cd,1306.700000,10
2,3341481e7419e7220f6fd1311c50b18e38377bfaf44fef1ff78cd41b0fd49858,1209.700000,10
2,0fde98b1b19706bcb51aec1f7f41abb0af98b77518d486c8d5236b15c5680cd4,615.400000,10
2,01d4daa39302db81106c443328b3ca33095beac9fd2059f7e77e82c81c39ff8b,1766.600000,10
2,3fdf23f824223435749aaa0b964896085201451fd5ed220fbeceedaf20e19b69,1317.600000,10
2,7ba7ac6c262e19f0fe9777a91c699a5ac2db752b50f1f7d4579136a7265e1b71,781.600000,10
2,64f74621e39c5dc7e673d1bc535ed6de3a36455dc51499e24d0cd8c894ad620e,1320.600000,10
2,0cfa4e6bb3c11d44f643b6cb163b2dd41b9252de3dd0397fed34bd46fb503a4b,1293.600000,10
2,47d9270e0590f73b1eb49c33c5d050eb5391c5e6eced69249bcb6d6b51fd3193,1167.600000,10
2,8eddd39695da31de6408e82c509e7e643aa8bf1b74f752f3b50b1a4afe464ef0,1427.600000,10
2,5a216482b6092f99e665d7cbbee6950ebca589a187cc030098a5e4889540cb04,553.600000,10
2,b0e7bc002fe6aab35af5538f69248832dbd79cae570da62159eb635fb98c29cd,1719.700000,10
2,24cc99f85db09bd1ae6fb81cbbddeb4d88bf3f996072db218498cce90a396b62,930.800000,10
2,8f9bc93012c153a5a3074b4cc399ed716bf809c387a798dd45a081ec59c7d2cd,1637.600000,10
2,00970209e02d020a4e73a711875f3e4fc350bd72498f41fd1e13fb3e854176bb,693.600000,10
2,6a125035e6be99f7f8e080f0f7c38bda29bb51c81c8a72d63592cf422468fb62,515.600000,10
2,4155f696e0f4a98d9691cb376a5c34dca7b5a7fb85fecfe43f8aabbadf319b7f,1752.500000,10
2,d0f12aa564a032e0bce85fac7e6cc0bc46c8fa9ab02ecea9da5c4b877feb3cb5,1265.600000,10
2,c87f9f8487b41d315fe28b6d708fc4cd06ba625a631f7abd5acdb5566a9c6856,1160.600000,10
2,c54ae37e535e92c352024ba7d837a1b1056a1616b6edb5b96c72338285703832,1467.900000,10
2,c4248ad78d0c513fb82975d710d0ad29e17dd51d9be87ee5e6601a37195563e6,1212.900000,10
2,eef4d41d450f7f66fdfc31401157aef6f93a0ddd5863ee4480b294a945c564ee,985.900000,10
2,e9642fd6c67932e7364bbb6e44c2902afd4bc460a240767f640590e866a484c1,571.900000,10
2,ba42e1518c065e5a030ed7d756336d366a7eaaa30ec50cee28125f137b62f23a,1514.200000,10
2,d482e7a97411c1af007effb70a85ee73dcc01ca16d0e0f97a4e9d83c07d642e9,1541.200000,10
2,4672e55461a944b29552d14f687fddd2d6e8be1135e71c33071b7d5c89bfc57c,1275.200000,10
2,bcb134c8431bbf3652c844eae9eac58534d61a6249d8ca4f5bb30b6bc9288f4f,1075.200000,10
2,13c02f75ff23142044aba4a8c49986786dbd0bb8cf33c0e8b4d208adf04d3fd1,1017.200000,10
2,18cd00ce400df7c85f8b2b38eee47df438a064664cfd397d1c46f7348de683f4,388.200000,10
2,7a4af8f9ee19fda58a8a27483cbbdf85e96b7cb023927593bfab4b406061500b,1528.700000,10
2,69cb14e3adac517e4dd8817cb4caaa763e158bd8c4b623c3ebcebd3faf6a7ccc,822.700000,10
2,182e50dc2978ac5ed7559b4f173fd0790d410dece878959383cb1ce0e1ff44f6,1658.800000,10
2,16593b03b1d7db23262c537159fa24c9391c513f9678a21daeb8833c3636c087,1358.800000,10
2,c392846bd9598da3ccbb767112301a9cdce7bb75feb1808bd79d81eb181d53a2,1298.900000,10
2,140227f4a5bd1b18b54a64175f38aea9244fd1defd129abd144dc72f17afef69,957.900000,10
2,8e7a9249e224ab4232f8972c0fac43c4d7f3704140a09673585dddb1054671ee,404.000000,10
2,c91e4e4e8eec92e98710e920122479224bc3a93b22b939325f5b7faff330fed9,457.600000,10
2,f0b4d2d581c23fb9da09891a6acebce560adb45952cee15ddd7a993991c493bb,351.600000,10
2,a58976ec00d8e255a802db223a68e5e79fd3dc6c33d09d58b554ad4f85200dfc,1368.100000,10
2,ef7794f6e494aec5716ebbbf7aded8fc730451bada52dd23c58c82ffd03d67be,873.100000,10
2,3e9e8c457b67426990c0ec34e98ac775cd39ec6dccfdd562fe65e5371e5f629b,671.100000,10
2,c9ba3ee7916f4eb6298b62b33f977d9ecad96f57d553c41505b5c17694bf1bb4,625.100000,10
2,8def9d5a7f07fdeacdd82ae03555d7b5134f93c1a31876439000a76f6321e7f6,373.100000,10
2,995eb3907fdb212adc50af5c3a840bf4ed4ab04bec5da522e781b126869091d4,1218.200000,10
2,eb07b3a64289e1b40f3e434e54d9859e39a7cfdd7df5192f105d47820da1d01e,1190.400000,10
2,b0da3fdad5dd5f1daa1ffa52ad25cf81e43a902db10d36756088a31ddcda0511,367.400000,10
2,7cb80fa43c3f509f5ca96754bb1fa259f72533da5d2b3d8cd4348138ef5e10bf,1672.000000,10
2,6e4d189f205a54ab433bfe6d6e8598acfd97e3f3662b6c21c6450bb6029a79b6,1615.000000,10
2,470a7ebfae05d5528b9ec37667fb06dc6a45f53f8dee2bb88b14cd5c5aaae7af,532.000000,10
2,28c97639089c77ab6ad60b24cc6bb95a4e0bef89027b0d4d11429274afa0fd7d,448.000000,10
2,c87348b8c950cf0e6a6350ee5b51662273ca9fbef0807c0023fcf5da8ce01558,1666.300000,10
2,b358c41142b6c771b831977d01b747d8da7520833c619a8191caf913acad5a6a,1233.300000,10
2,251f703d6c57aed7541615adcd3a847295baf582c068dfa4f77625b7df8789c2,1109.300000,10
2,cc25d45ffbc7dadc97e0d7f1456b96f15ed164abb95e8f2cf3dab63e0ec7fdae,698.300000,10
2,dc58b2a0d12b5f24a5ae4ff9602f70ade580a33294f950fcc742b9f9f95b1e37,1568.400000,10
2,9b28b8d97e30eb9502757256ecd3458a0bbb6102f4542456dfafb9288104743e,1150.400000,10
2,f0b68a9c93a477df7a11109e118e53467e246e9f0904df77cf33e1f172aab4c2,993.400000,10
2,cabb77f12e4666c1755f0f23ad57152d38a4ef9272acbcdbbd5c321c1be5ea9f,852.400000,10
2,735a00198f521a9b077a733b50e05ff4e8fbdae13a120fc2283413b1ebc4cf32,429.400000,10
2,b5cb3819613c115afed970055fb9409f67f6e1c7fedc64fae38a668599b983d0,1341.400000,10
2,190f10b76cba0c9b50a722d74de016270ce7d1edfb66343e40ea4d4578938ec6,963.400000,10
2,7e2de8debfb3f6d01e750d0197641b742676b6fcc3adadb849c55739bb01ea7b,584.400000,10
2,1716124f6d8d7aace9a0d8b85e60761c4038f5347a5afab499ad2aa7b4c03b07,618.400000,10
2,89503e2580aaa645ab9ef91d7944798c5b27e02e6ecf429aa70aa286b5591454,1182.200000,10
2,61ae436ef0241ab0688b4250b21033abcda5617c17ed2cc609af56050f40890b,1189.300000,10
2,4b72af980f021ced394d67e321c6cf9d96be2ee60f4eeb49bf244b2b93916141,1589.500000,10
2,46e09736a361359903812ee4d185a94ca3fa8ffc6c6ba08cb71f7f47c8f6f1ac,1792.400000,10
2,d603ed5a6547fc134611dbcce2e07a4b5802fc2f0f116366ea4183b84051b263,1417.400000,10
2,6f234a5a65d83bcbf2b499c9b152405c2a0cb92b8acfeb40ca5b5fc4694ea220,691.400000,10
2,8ba9a7ce87083cf2d7c8a7d6ff9c27fee518ced3cd372f49f10d29cb4346e512,735.400000,10
2,86226b655cc2ef0abfaa52f7780ba1b17cddc7065aa7d31c069d08e3ec11d1b0,510.400000,10
2,ffa93a40c46b2839accd2a8fbc3fc9f6375285c946e6092f7fa90309719acb3f,793.700000,10
2,affa736c9bdff5ba8ff744635c26fb368955705d7c3f4fe49ba0f4e2e36dc1d2,1716.500000,10
2,62c18a97eeecc5f0fefb8ba55bf2c7b8715ab72d5c3a9658f23cb10e90354031,1557.500000,10
2,8c51758ea9fe93294c1dc2a014f309e593f97a08faf98277754e473474f164b2,1233.500000,10
2,c843de9f06c111c9e01a57a20e00bdda5879e214c12c1226b80e5723e66de6c5,1123.500000,10
2,1d7137c731c0ff3fd3bba6137141b5560d386cee89be72aca2fd545402a7471d,1133.500000,10
2,b372396906c58a8ba4223970fe150cfe559d0c7348188024e2fb80da687da3cb,721.500000,10
2,d12d0e5a1ba2a1a52aaf8811d1da14f021b0eb70babb9be79b3c5e1533889e5f,1357.800000,10
2,c1f2adfe2b74e2f1f1945dc988d67ec39f2806d3149e4f1dea95562c5dc7d1a1,838.800000,10
2,aad74fdffd460278293e336c581e7d8166711f881d00a2533d7f34676ae7ce3f,1750.900000,10
2,7bdfe100d0b6fac50475735be91049523d3eb69bc08331249f24dca0814482cd,1498.000000,10
2,ee71f49393f8d8c86a4e5e3ad3782cc5ceda8f82ec9517a7103a0b8563c1041c,1152.000000,10
2,1cf36c2263b52b43aae141361406681c7aa06c75b8d94098e728cb5e782fffbf,888.000000,10
2,83dfa486a3125b63e37e012f0c51e6925937706f206cfe77a3021749393f1495,547.000000,10
2,eb1b8ece7c4e07cc359f97be190e2930f0b26ddd10db044a4487a70943541d4b,1657.500000,10
2,8afa17e9d13a00755370052a467eea581a0725544ab78df551044f17df0a3c88,1443.000000,10
2,096a31794d80381ba4804eb4e036a13fa1d59489af2a9ce7e8b4730a8025ddd1,1491.000000,10
2,bf60de5c8dc7d0a5372930646929a613972e8b87ba6580eaabffbf030d97ad3a,946.000000,10
2,c8b58865899e877eee59f50e7bf8f4d4b17a746c22ee94fc8ac5d0e1351165b7,488.000000,10
2,93b3a095c261ca0d8c14c9e1dce641a02e13357480618049832107fc891e23e0,1555.900000,10
2,576fc5aa7296303c5110059f19375ef4b8149ab235fe3bff36964c52838c095d,1461.900000,10
2,6b818f47ab1e3d1635ae97f5432ddf520ffa203add825ac456b849979ab1eef2,569.900000,10
2,6f3571fa5db5f8e76626f9c91349fd7b444f0528f7bcb5ea456d7e46c2490904,286.900000,10
2,0514d423f62cfbccc6fa84b4f491c0c9b7064d40108c5d757560777e916645dd,1747.500000,10
2,b5aea5ae203fd3975bfbd9ee207c7068fa7d6fb7437c223766984f6b29dad272,1464.600000,10
2,27dc24da8c4269028c712cb8f32c8ac5c162a2b50bd51992378c8a42e80f672c,1370.600000,10
2,2ae7c77edd5818a2ef900df4e72b9bbf22b1800e3faced2746ac26082109a198,1510.800000,10
2,826b2b6a980d47724ac8946f59e63244591c4cb27023d0a6fe5b12cf5c052d45,1145.800000,10
2,c9b0cdc53edf1c823a2bde75443a6bc40ceb4c10522b7424ee8fe4641650c500,1245.800000,10
2,92d31f4bc4f5203db64294c0c9f5784aa4b0f13a246dad50768fbaacdccb59aa,1907.700000,10
2,e566052f52c897de826c8acacea3bb0cecb93b8efd58d949c0d94214dadbe756,1121.700000,10
2,c4a55e852d2a333ff88a84f50f8f995b9bd67a74f92f7579e6c3fb27d99f7a0c,898.700000,10
2,7a9e078701e183b317d8e31bb39819eb7ed38fa0a24387301cd2716d2de25e20,1601.200000,10
2,ce984f886c318104c918113a6a5de764ed30308a8a972b3464f9821c4d20b32a,1522.200000,10
2,0ee5f8997294b1dc47a3ad8dbe51b4720fb181145e236bd9c14bd50b7d89bae2,1306.200000,10
2,e451fe4824c02bef2957e7c5680f12db05960ceb63cfa15123dbf27846085c6b,732.200000,10
2,6f6342cc7e6d5dbc6cb527aa7f954aabd302624511f44e2db631a31c7ab75364,483.200000,10
2,cb4ff3fd43b3b515e89143dcaf196ce23141ffc1b002f7788c63aa8fef4bbad0,1739.800000,10
2,6dadccab3661d9d82d03293f5ff0cb134bc13941f377fa4c52cfc8fcd66c5df3,1693.800000,10
2,6cf92df23b1504355f0a5be25c307b9dd69cfdc872fbdc298b2e7a6ea667c47b,1330.800000,10
2,c7f1f7786bc7eb37fd4215037c8ae8c36d4c774ab3da302bfb2811e9fa541c04,1056.900000,10
2,48303c933ea5537d42a27db631ebc1e1a99ed105928c26c1ed8cdf9dd78a07e7,798.900000,10
2,3faa1006a727fd15a9a9c6fe3c6c5074d956a755e72d1b4915f83a26296fd224,390.900000,10
2,980295edf5fca0f447acb29f865ba24e2040f8f51c338cb1e4eaf5e393bc5d74,1610.700000,10
2,7df316726c515144f6d81ad1e389611cadf41f4984be00235eaa4f848c1b715e,905.700000,10
2,7531d37072bbe4446f85da8256cb34d73aad48a93bbf3699db9fedcda0947d89,600.700000,10
2,48036cc42d4f85d6a5e0555781b86d9e9e9a2b48a72caa6f9cb09a72a5babc66,637.800000,10
2,2e2b2ad353d47a8f4eed9cc56a7d783215360eda8b925aa0aa29e3e3af881b78,1641.600000,10
2,511e9a00731673b6967f99ecf4af9ad34e85b248e1207b601778d716b3f652c4,1591.600000,10
2,f9a7c8110b7d89e0c4a6acd4ac095686e788d9ab61a99e5e57c6e92aefb1a850,1621.600000,10
2,4c530fa46b7b6d3851d826b38a70359918152fd2e2fb1629cac499448311e84a,1046.200000,10
2,0bfaec69d16f9a26937cb24ca48985d2fff638490927581018d52aa450982609,868.200000,10
2,a93b7c4f3bbe889a6a56c5d14f9a549f5ad9e5bf9d73562fb872017fbbfd8f5a,731.200000,10
2,ccec96d6608899c5db92b2dd7e2b2eb28f713e5dc8ff882e8e9c57171453d002,1564.700000,10
2,c46d2fa641fb150604f967f1b649b81f23becc73c1abeb6fa0014b07dd24d4ff,773.700000,10
2,1f1daedfa554188a92051999c97da95181fd434438f4cf697180af8f8e566491,735.700000,10
2,cdafc31cd02b2c28f704fdcf6e0edfd21a9697ab2b8cd40431fd1d44a4bb034c,1837.300000,10
2,1620a4bc0108b05e0458b56fbce583a6e21b4b0470f38adced06f0b73296bc2f,1766.300000,10
2,c54dad1c2000e0ad42d7a18bbe1bbc965f2372f7013caa4ba2b145b729fa147a,1547.300000,10
2,6dbf4d7572f26b6ddedb13918f10c1cd67e74d6ad571e152cf20ed9ff337fc03,1196.300000,10
2,e3f2ba3e5aef44554d6b71d9316df0a40feb30cea492c6344561b44d213802cb,1033.400000,10
2,fbd8974c206b72e973bf124c10a5632f01747004e45b23333db47aecc6eb142e,1849.100000,10
2,e5ff78f5e999863552a1634e12145057db442f0d69a10613037631081117c0cd,1286.100000,10
2,8be7989ecfe470fe47c9e642c2e49c9ece36670e074f7bc10ca0afdcdfecc707,1272.100000,10
2,b7bb0d738126ad6d26a390ac77a485381dba02c9297c0a3cc87f272cc0b3a3fb,482.100000,10
2,de21cd9c52092d45094d3e067d9219294c8cad544e2eb7a2eef865e8f0d1f1b2,361.100000,10
2,34831568426122d0399a830f7918a77bcb691ea42ac8050696392555b088a4b9,352.100000,10
2,905b209a0ebf085f52a6740df26096d49b9592663f8bee899401498467acb709,1553.500000,10
2,85be48adfb3277b5986d228bad8d542f7097b04399660ef262aee723ec78d865,1476.500000,10
2,2debcaad5b917f77cb8b900568476cc94149501155b434470d19253168573644,927.500000,10
2,c655bee17539be2ccd73c1e7c89ea77dfb24c80c5930192c4aef5ebc5a8e9c61,1738.900000,10
2,f12668777ce5d3d40ba4c941f70e260984c5b6f2a73474b1d8c8d050653847d8,765.900000,10
2,3596d05eb102d62aedeb51e7b2a49e6179de2a2289b168d80586fed6f590d5a9,551.900000,10
2,e810a7569a542eb814ebe169b08de33d03d140e55eb01346f94f9666a97e7a89,520.900000,10
2,88b16ef239b96325cf75f8386569e1b7b97048fd853426cf7497fa202f91267f,508.000000,10
2,0ddd7df696c3eeb56e7c68c927be80e90fd2780e25fd9d81cb9cb21c2b8c1e21,1679.600000,10
2,716e32f92cee0b01291e762256332eb9f23353d97109eef966336c303c3b0cb4,1508.600000,10
2,cd41b397ceab64d89582747544d9c349336231d40056cd74bf73672802b8026a,968.600000,10
2,ae1bcf43283003d5670c54c4ac5dceda50400336fe811ad471d9d19246c39702,555.400000,10
2,4015481b8272b8c53a030155bd57d7dc11b02c0c9fe2c88c2270df980d95ad98,527.400000,10
2,6c921c9cf4c490405a15f6d99ccd4e02d8dc1106fc0cc67d7ed56122323bde5d,446.400000,10
2,8326183888f3b955f1af140eb9dea4dfa75bfdaef5b6437d3ef6826c17f4cefb,400.400000,10
2,0d054ac07def6ff6956b30285c96a380f0733693350aac55ffdfd94db57421c6,1459.500000,10
2,21fe9483fcd6003c3ed2cc62f31fa9ed5692ccb000124084ff756ee09aeacd06,1020.200000,10
2,3d5eb1290a34e6bf72a0417ee9147ebe7972ff4647f72ab678363a195e5b7633,898.200000,10
2,69646c8d92fa5e3995c3bb809661292b99befc940007ab9fd760ac4fd1eb72f1,863.300000,10
2,350bdc790ba7c291afe98dad6206d1ae6655fe0c7438ee0127325e6d6c479bea,1861.100000,10
2,8adcd32585f33c7d06748b31d012cdd069961c2c40e605380b8166147a51ba76,1782.100000,10
2,58c5b299320d2c30b6559b5a984d7dadc196eceeb9cb8fc21fe2a172faf8cd92,1597.100000,10
2,4f26aaa077b4c8fec8354f46acea53962b1cac04d85ebaafdf97b6235cfb2763,1455.200000,10
2,ff1e69556145bf0361ce1636450e5b2b2cdd5e4be461e4870604cb126c554f9f,1110.200000,10
2,130bb2ebdb55cee7bc052381c45db8c4a72724d0c21aae1f2a9543b5705aa86d,840.900000,10
2,8f964065e0260969af0813f0841b7ec0da1d1038d38336f5f3b1a0bcda1d0b05,1361.300000,10
2,45544ff7cc968d8324c0ed3ddd418e8c2c5edd017a443b8a68c253bf27d3c7c7,1039.300000,10
2,aac7984705440a4c0343c579eeb1cfffb3960d5e8f2fdef793fadeac361092b8,687.300000,10
2,068439839086dee8ae04abe0df19f85d1bf371ff322d84f1ae6d44bc0c546c5f,570.300000,10
2,74644c3dafc748b2dbc1adf994782312e23baeb5a3648c6341cd2e83a733516b,1633.000000,10
2,79f4046e78bddda8697e2e7df9f943d5cfd2d4d8de667af36bca3cf4c94e4f75,1270.000000,10
2,8b9bcf10adafc325ef68e56cc1be2e716378d57bfb451a24432a06909d1d0ff6,1100.000000,10
2,1d670b32425eb742baad76f71e8526f3d4d79eef6b464889d7d7456713406946,737.000000,10
2,020a332c01a6c48c993fc0cb76eeb77afef6a45ce1262477dacfe0aa6ef157bd,888.000000,10
2,220a1736aca4321c1feb2de2127570c61e556d5062bc35aff75550ba10955d35,1897.200000,10
2,e71abd32ec0222f46850e08170d08cfa647f4f4d564dc048bfd7c839738fb955,1821.200000,10
2,242e9e0f174debb925d7c31f66fdaefb318d6595cbbcc69361c7632dcdb6d671,1863.200000,10
2,9308e807c546d9de68956a25e2c858a156c7457a0fa9c3b7ff30b3ed71c19f2e,1454.300000,10
2,cf7b97192101ec1d77385d35f4a29b030be1d88838883f0e073899244dc84f08,1290.300000,10
2,a26d4dd93e80dfba2daccae38f65b6c7a1aa9b58f79808c2b7eeeaf71639e831,908.300000,10
2,7b075cf2320db3d29b0c2ed41f2cbe2a929be0608a3d199069b6818e582cadc4,460.300000,10
2,d3e30e8f6a04675d0b2437ea2f674097a7dcf63cb6e445ed1d928154d7894310,1999.000000,10
2,f14c96d81d26cfdad6cfb6cfd3774ba44d8998797b274087bdade5afde87f329,1787.000000,10
2,e6325a23362c8a1dc0c02a3e5da4a68c14a5b3d2ecb69763490211a165c2837c,1569.000000,10
2,ed7e89f399d13092b6894e21e283bcc80389879ac1eb5b1a8407094a2c73f92e,1350.000000,10
2,a6db9bd0f4c25edab159399a2241341f9d13e61d90db3e948e2fe02415cb150b,974.300000,10
2,903c6b62e439cbf9316c5ae89b3bf00576b838094a59e3dd5507d5d181caa35c,1528.800000,10
2,6648f2258469a25dd311fb02799246255af7d1ace0e3bf388e1204dadcafff3f,1410.900000,10
2,90674a6d13089195719b7b638c20b9084950b514d9342bee045e61899bd79de5,1361.900000,10
2,76b9f425b49b201a6ed9a4eb10ed6e5f5218e8acc8701151f24a70cd7b87f720,1203.900000,10
2,dbdaa2bd958910cbade2b2a03f1c502005a94bbc30f952e703043328553792e0,645.900000,10
2,e6dfeea987058dcde9f8b68fccc0d8eb265e40adf957ea076c15aef178b4c995,441.900000,10
2,44be99fd3fc6e7f91ad0ae1cd2911ece461bc9d65ba22b1aad20e87951254039,978.900000,10
2,125e27350bb5113c1f15722951c638afaaa5e920412715d91989476d41135573,716.900000,10
2,94ac4765b2746ad771878d9927edfb0fd468f99f7fc673450b27497c32e41a42,300.900000,10
2,e811508cbc216523e60175a4c56ee44ab5661900c10fc426eff6f4ec5c67148b,292.900000,10
2,9a8cc17915e066d2cf419af6fb4d37aed1f0944de1f739ed1261cfc4ed8eb6d5,1550.000000,10
2,f1acf65f6bf2d1267d939725fda7704f61acae06b1f022acb57e5277f178407f,1457.400000,10
2,40cdff8e76b4cb8162e4735249daff342eafcd62382052a67b559307fb68c04e,863.400000,10
2,4dd8909fc03239ecdcf7d9f57c7c58a251878af4e40f273efdebc2398f38be3b,775.400000,10
2,d15af8019520b43a9b82ee46922eff1835e061ab4f8fc8ef8d5d50f92aaebc84,830.900000,10
2,14a6df388214b85f5297bb67aa2f4434417fd52babd3d7953173df1183b53596,657.900000,10
2,35b207fedd6ff12bc3d8bf5277f322952181c15617ba9958dc69db0cbd4eb297,665.900000,10
2,cb83f335ab40d28f2d914148b134434d824969b02175e22a5d36dc49d157a121,1776.300000,10
2,a01e599e517a33ad7b2a8b966a7652ea1ff6393fc611171bb419a2cab134138f,1399.300000,10
2,0a130ad473a84d90111cbf0ce29668bcd7e2b2af6b002a2e10d3b160524a3f3a,504.300000,10
2,1061371339012c2f78ebd17f54f8f4d2c9c94c01dedac78c1b94e5f583080a43,502.400000,10
2,20a139e4a681797305720d75fd9181ad1587f916ef3bc051076923225e872821,1514.500000,10
2,fa0beb78066aeb568126526c974a2d78a39cfa2c92683d00d7f054ce74f96606,866.500000,10
2,e3153298ae9d4a539ccc12d96d7a656ecfb994be1768a66ac2b1323672dd7573,1463.600000,10
2,ebee90c3635630f2c98a1c4e9e98a006ea75830c039476e1cf3f5305aca62e6a,1453.600000,10
2,33e3f2b0852a232ae43d18657226ce28114c3db500611652b4a83eed024338a8,573.600000,10
2,843e08a25172baf142eabc1c1f020a3fb910673e55411bb9fdbb615045975ce3,1249.500000,10
2,749a734dc92ec9a958441257d4e6d89c1c4c84411b61bff0ad608775733e4294,1239.500000,10
2,0af6e15195a10554af1f4eab9994c14f5fcc58629aa528e51bd8cb64bc7e4f30,665.500000,10
2,62cbaa1500343d133da15f2240df520a0349e7bbfa3362f9b97b080446aeabb9,722.900000,10
2,e8c16385b1179b5f0f273221dc8c23982fb08e9876fa6e1dd6dfc27795466637,680.900000,10
2,1d8b7ec800845c5877e6378acae2aa4a96b56cc2e589dd428d4d56b98a2d9e58,1224.200000,10
2,a1c848d3c033d58fb30b02dd8d607f154f18b6633a94731fc3fd09675ced1a68,898.200000,10
2,f8528b8fd8e5fa513fa4850b686c4151dc1b1b262227a596a5183996e550073d,1658.300000,10
2,6c497190f66ab45f53df70e4134a0caab9d5bd3209160a08f7d03914a112bbdd,1603.300000,10
2,358a6fae3b911ccc0687f5c591c1307d068516916aa25f9014357e5412a96e4a,1611.300000,10
2,d24009838dd41c88de26202b2685f18d27c831d06e08190ef2626175df1ef3fc,1811.000000,10
2,e00b21c010d18f2b7ffce3445b1529a115f67b06185088081159df4be0357103,1857.000000,10
2,3f96626d817458785bef847e1fa5e160dc5c386c22c93534dd24ad6fd37f093d,1208.200000,10
2,22efb65e699318a573d3ccdf597972930a3f049c1f1699789b29014a4404f579,1073.200000,10
2,63720faa79685e63cad40aaf9d8fcf105927cd9ca3090c531c500ad8bdd2e324,743.200000,10
2,11ce89d5f767e0a80cddc00998fb144966d59cc78aeac717609f2e770381a106,1634.000000,10
2,6210546c5c2cb7f6d46a0ce0ac717e1eb12b35b4fc4999fb87d648a78b4efe7b,752.000000,10
2,f2cc33feafcd2548767072a40a0acc44a3e8a5d3da6829c967e5b6f4ed93d3ae,481.000000,10
2,619c41ace8e1fbd497a241d890bf4e501f7674afaf01b12b5f64001e94393e25,1615.600000,10
2,f32f7bc24c2013c2f01f1f81b6b4685d5ed83d1512655918be7763dc05499cac,712.600000,10
2,c4e4924c11c2d20dfb8f71d12fcba246349088a8f94ee32c681ef60c340244d7,1442.400000,10
2,eeff3596415d89b40e32ca99bd545858eb940a12f2a1618e0eade77c3bca7208,1456.400000,10
2,ca83c7b8e61f0719bf5fc0b75ec4b4ad0b5c5a9c9d2ec22005f35f886098bf1a,276.500000,10
2,196f25cc22ec785c5402fb715da1a79f5a908b1a8342c48a66828f8cdcaee041,1660.100000,10
2,70151c6cafb2b8e4a43b35eb8a0360de589e2daafdf4e9c9893e05ad26acf876,930.100000,10
2,f3446c725d69a593ad2112db3fb8bd94547fb53a1b145cc99a11d69f7383e281,1667.100000,10
2,69537c036a01fdde73ed398a9e58479b0888b76d2e1313e7387d7b31474ede04,1271.100000,10
2,1663650396e6784bf59fa8cb5acf188287da6d671beb488d0f9d394e1e82154d,698.200000,10
2,7aa01d15aa0fd542ca94d11aaed9532aca3c975ea12206c2e888b4e8bd67adce,1378.600000,10
2,f529c29a0c45abd3d20c81c9ef1a1098b5fedc1aa14351e74d1b4f6c40299209,1162.700000,10
2,95fd2efdb07539de7201c1241c8ddfebb83e8827f6425aae88c0af295241078b,1263.700000,10
2,24f39ef16bce59cffbe6d78ad3e03b729877b229334087e7d6f71f4e86df4fd7,1074.700000,10
2,e53dfeaf7d95d58a008c7d19873da16c3088284ac0f023327052e384fd05af35,391.700000,10
2,66be44c1a393b3d4e4da8e18c001a3af5ff3fb49d87c8418edfee611f06ef24a,1448.300000,10
2,3d1117535584a22ef761b4478a1cbfc89466a647d0405b9aeb8d8df917b1f782,749.400000,10
2,7f12deb101ee30fb5102a11bcb392a319900c05b367d6e56e89b8d981730fbe6,765.400000,10
2,75fdb313cd71f8a232946c4438f93ea9dc7f61dc2eb2c72de24fdbaacf1bc3b5,394.400000,10
2,75baa65bd4a358c4759c0c69a54ea07e39877d7d6e3b6caa28ea8961f3a64129,1072.200000,10
2,5f5ad52d2bab698a43062cf41e9e69f601da605b9b398d746b210d61817287fd,1801.900000,10
2,c780b0b1bbaea6c5b9845bea21425d207a4149270201fa5bb08987cd6376cb2e,1311.900000,10
2,2f9e2791cc97a68d413df9549e8d10801249d897b00edbc5bba90ccf30648f4b,1150.900000,10
2,7370520d5d59d45448e465b994378bff5e54bf26a941bf2793268431a71a3c97,902.900000,10
2,e8599090c1d645f11368d80aee1ff00a4dd9354799bcbf5b0df470abeaa87097,1393.800000,10
2,dcfeb6deceb4282d969f92ea6fd8dbd27f77a7c50bf53940b1a52a463307f095,725.800000,10
2,e341866602290f760607be5f069f455085418f9247dd15e2739970cdcb335d49,1519.300000,10
2,ba0240779a7579afb5b7c786318f29590bc0faf86f8e3327ac28bd5af8667318,1071.300000,10
2,8c677f4db7035df5edd9ce1cf82aa466e7574419e9f06f4b101cec04bdd0a356,1052.300000,10
2,03bee9c9cd28c5b293eb0a718dd533179f5009d2da27933341a0f911dcc383fc,793.300000,10
2,ee361684e18af33c97593f384239fda84f89a36daac55f21b8ed4ee1b435dfde,1044.900000,10
2,2e9bf225a7640818df856d2b0223b657b821c25a58fbba87efe74bd882edc085,855.000000,10
2,175781541d07f0940f9d430d799429739e0496d49b16941e4677ee0222710684,488.000000,10
2,509c6815e6b5cdb25654b985a49c027c7c968a7d108ba146dc1edcd080cc7963,1055.000000,10
2,cd92d15788c85cc94a4c55dc97d3053f4a13bf4b743ab57770f86d9445787c0c,2091.100000,10
2,bfadcfda3e5cc0107f8447b9688ba163ab53961b0713d037cfc9c9145ce73f47,1684.200000,10
2,25b17dc24f492792ccd67756b0daa8e29a9cd953af9d32466011f1e4672c6e7c,1553.200000,10
2,5084619887a1bb55b9a9ea59627978b94deca44219661dae81ab730379bf5c5c,1905.900000,10
2,451f815f7b667bdfae2e142a10bd44e53bf3611f6388696182a7f68fa0a86163,1570.900000,10
2,9a581619ea42860ed4934c84bd0a610684ec7556f78e9d1f0309fc1cc89aec31,1081.900000,10
2,8f69773e8faeb0dcb3cdf9cb82c8f5a0cff52e7a9f91147971dc26c4f3cd6411,1264.900000,10
2,f19d123efcbb8c391eb1a5125e8ea0c4210bfb27b135da985b5e05b3dc2ee87a,1397.000000,10
2,1e98abb8b7a2f656adb0ae7da3371e672f411e5388b972879b1f04da5e02f998,1227.100000,10
2,916fe22fa20c318f0fb8dd3b3d45e8527624da9637232b5385cfe5d50d221fda,1297.100000,10
2,116f77f8c852de8b8e9d42e4185cad231727cade1ad3c80400107546562b904d,1838.000000,10
2,8856261086cf4d58a3b98db9c2635dff53ebba8fbe1242f4f55f73075d6a82d9,1733.100000,10
2,7a765a10e057641d132a9b46718dd0fd86be26ebed728821c34907274f35f073,719.100000,10
2,030dddb0e8de28eb69b614644b5c2c518d08d6b6412ebf92512cd445c32dc948,630.100000,10
2,128674e92987165e359802bf3fd0f9697240612859accf18a874bb1436c8a1de,1777.600000,10
2,a5b8ffb97da1f5e4393de6d49a1b980c706ca7b53bbebc3815c29ded7eefaa08,1438.600000,10
2,c3748e770ac87fd3a4ab2b9df3d3156168598741102c23f8ea790ff0d86755bd,686.600000,10
2,6138e28c4727ac529e0ba818bd7cc0272fc995e3ebf7d0e40b376ab935797412,399.600000,10
2,bdb4ca950f9dfc64aea09702ae96a82103e7fe9589dbe93e0663917d2edab84d,328.600000,10
2,97432f1ac0c3cfcc4c5e0fe0bd69f4f89d54db51a3b799d5b03e3eebd41409e8,864.500000,10
2,b3b5cedc31e05469609e191eaa16f29aceb93c4414a029684054be2e9cdd334e,581.500000,10
2,d64e043ccb819e33ea15ac5403cf4def306dbe920a259f9891e602a6be42d3d8,1451.900000,10
2,2b0e745a02e7fda38e3b4f0a2a2558fe93cb2e8972fa428daaf97a2d072ba07b,1474.900000,10
2,d401ae6018abf4c777efa0b283f1644827b7aa636853c8c72426046e4675168a,1256.900000,10
2,ac5b9b52e27fd98f82e49a7f3998afbf7b7bfec19930e82b479a3fa08a5fc514,992.600000,10
2,f546663801c5a0d596ac2d01ed5a9fbf15611c8ca3c2f2e88cdfea25e74f1ddb,934.600000,10
2,e55c65c4d2564f7a87b79b9e9eea19a98a7fe074adc95cc59db8ca19a97c47bb,636.900000,10
2,0dbf08c3e8494f9c916bcc0103c3becd6c60ebcfdcda1049ab49dd367b2d66e6,544.000000,10
2,286ebee6fa15363d9f5c0f51a7d0d59d4fe87c9a9dc38509eb9b878e2b727cf7,584.000000,10
2,3a8fdefcbce682490e36bfef87cc2d2b66df42d8e8ccd313ac79d48d2a71ce09,1408.900000,10
2,b033ee2fae7e99fa994360007076dd898ae6a81314ec0ce50aa19f718dd92478,1278.900000,10
2,63ceb3e7a5b507d196b45c20b8bc529ec6db5ab53fbc628d7ae3d8c6a0395235,923.900000,10
2,3aaa804683454f207c98b7f5a628b4d6f2898aaf700459a6e0ae8fbb5d90b06e,1374.400000,10
2,549abf644ea249ce8af1fcfb46d7e4175eee9c62b60f879839886becd387d25a,1108.400000,10
2,233f9efb2e99051d042a6d59379e3849e80731cd1f2a302ab689d0d3e387d924,377.400000,10
2,c9f8177647face2688a9f662005950117b93c4ec3f0fbfe538e08dd366c198aa,883.400000,10
2,5cf224994d8ccfb07f684294333caadc2c3e8a324f69893ee08e931aa2abe83c,1464.000000,10
2,45fafd8a787715cccb012ff0e3dc9193a55640eaab0aaf2fdfc6aaac4c728724,832.000000,10
2,f076ea40b7cf85d7dde1e6807d9d02103fefc8937f61768100678d22ef02fef1,363.000000,10
2,408f7a60189a493ee5b7322f77eeffd919567c60a50c10d042b63a2e00565164,1759.600000,10
2,dcd1cc6fa384d41e0d2eec0f277be0a76dd15ac6ab8370e9c9b0c05a883d2d67,1405.600000,10
2,7543b6fdde67b3cdd0010d9ee42657e20d00dcca563e9a9bc5d96e701d53b0bc,1321.600000,10
2,0e8d104d71569da100732eb443d7941311c0b8351c07a686738031ccc4181419,1947.100000,10
2,2145e68f706282810f99e02b428505ff6110ac65788c1fe00f767416931777fa,1763.100000,10
2,21224bbc10f23b0d080133db77f071af7324cd67df2161b8e354791df67357a6,1603.100000,10
2,427566adc01aae375c306f91ee4cecb008ffbc7dc9c7df986ea9d555d41d69b8,1486.100000,10
2,6d7a19a5618206014f42d7f77e94f64570d66b8e31271adebc0ffbdd3f01f2b8,1379.100000,10
2,f899d219fe98bf0a78db323b84f284b486c9b9542aed24798d6a8451f7383bc8,637.500000,10
2,8588d262e7c45ebe32958703e688759948409dfd20c17c86084996910ce70aac,622.500000,10
2,950da92c508eecf5e4dab27e474b35de3dc549db67fc7a06fb48369827de4959,1507.100000,10
2,7d1ef21b9a19916725ff971ca5c4006d30b7284f51d75a034fa3ff575e76b922,1429.100000,10
2,7a3438b8b21fdd5099ceae76a6cab0c4936a8cf1f9b7eec1ffc068b97980f420,1370.100000,10
2,a5b949833091392a0fb592e9ea010057baf6918ab06a464c1bd96082957f4e94,884.200000,10
2,c3f2f62e3e93be6a3f6e5564335d05c719d74be0ff018511a0f5d55672cd20c7,747.200000,10
2,86e55ba6bd752872249a82fc58512f718e364e0588b58c2eb58287883d0cc1c2,626.200000,10
2,65361cb6ee57f6eff8630ee578f3abaf9ede8f009b118983e5e207f285a290f1,1632.400000,10
2,7f7653664a45fefb0269b423ba8ed139ffb417d301383cb1b867a2b18c2cdd4a,1134.400000,10
2,860d2d6db4541a81d2c1cc0555b64566393a9585f4634d9d0edbf0b56a60064d,1919.400000,10
2,768a4d5f94ffe9318a8ffe600e6ef150c4f9eebf0b37794c171987a52f02661d,1730.400000,10
2,461355c5e062ce358f9fa0ba7d3afa1e328bbdbe480340c4ce99c7b646df9f8e,956.600000,10
2,7bb8bfeb0aa1ed29b6e54a719a0b4b5dbc504b950616bcd9ca2db874dc9edf73,776.900000,10
2,184b58dacb1b36a2d59520e2fb6784366e88ff03753d78bae7b5c830f9c997db,281.900000,10
2,8ce2519a3e08bb3e021b79439885d22b9e48f9e5a170b53fc0f83f9b09c0e2f6,1291.400000,10
2,8893058d6d98abf2de5e97e86422b707b4fb47d383c19faf69bc25e717c37346,601.400000,10
2,9b1b93625524f02db558aaf894ecbbe827b5e826a6f059fdd1c6a93e41b3a7aa,355.500000,10
2,b728187007ee1f8578eeabe0e80b60ca336dc2624c33026255f55c538af37593,390.600000,10
2,1b896b197aff9d5686b8d686f9e7d5c3346902692453ab839ec77c0e8ce306f9,989.700000,10
2,8b8a113e9132951010335c94481139b244a6ab2c9d7074bf420a14ba785cd6cf,630.700000,10
2,700b54492447a66d1a3ce3bca83cc5091e2db807fab71e4bf315ebefe13f7e85,582.800000,10
2,ecebbaaaabbc096b87e7857607c1c440a4ad48f3205283dd0fd6d95a61285392,1005.200000,10
2,a0c6a1268b6e198d0fd3e367d953177ac343fa8fdd205d1ca5a446cc2378b840,718.200000,10
2,13c0d8bc7bfc623dbe4d187ed751a8a3b70bbef918abfa59a80af7aa4e04c1a1,735.200000,10
2,583c4ec6fafbc968a23263bbe911fd67a41d09388d589fd9e7fd908f4c8939ad,1312.400000,10
2,83adef73164dbeda1d2a18e9369d6c72ba63616948b0ed593da86b88cfd26234,1159.400000,10
2,169fa0ec6891acf74f7f77ed9e715df3b0300f6fec4654ca311b769b65da2c72,977.500000,10
2,1ef945a847a121d37d58472729feef29fde963b9c6f15aef551e1be9a575bc09,753.500000,10
2,b4048bf36c093e6b12507c18b109bc8febafe88ce5f4cff2075601f55d4c1b00,332.500000,10
2,66ae1704f6df93c86acdb040f90db1a97cd2bbe601527273574117415c2b36e3,1110.100000,10
2,ac32d9a61de8311a22e145a966a055869f35b2a60e2887eee9943e6fc564fa60,960.100000,10
2,3663fe28eb73cf5aeb939a261c5968c9a9639c3093fdd3797166d39f748ce7dd,1308.100000,10
2,85520de9afb5c6e391dffdccde415f4bff78a32944c7487970ec72ce430488a5,1442.400000,10
2,55f981f5eb34a444f3f6be95c02a07c760e990f7233d4df10beaaa4c3eb99b01,1316.500000,10
2,1d7795afea5463749b31d71b978dbd8903f32c401bfa4dae03e96a424767c4d3,1253.500000,10
2,df77118193467fb22e94565d996993fa498fee1ac12e5539f518a9252f15dc2c,1097.500000,10
2,f9955d712b2fbe72b67e4d80671408787cc0210b364968dcd78e37ca00ccc995,1450.500000,10
2,e2c6e58014dd2ec99dba2ff225ac02a9c502976c7897d89183e2765e4692588f,814.500000,10
2,58136399dde1dd9d29be4a18cace054d15fba7fe96139bad1eb43e6b14eded2d,606.500000,10
2,d355b07c091122d4993069ce9ba15d6b022319055def73efbb4ea7c7d988c5a9,1226.600000,10
2,0692ce5ed631d610842aa5694f7a98b7b82a373c335a8459b7b11c93d5b640d6,1019.600000,10
2,c231711809159efe6537ec10b7eacd2d9d21b2fcf5dbefe6d82bc61cbe4fe81e,690.600000,10
2,ee68bac387dc703bc576e1ebcb2124cdb54b02a99d8c291cff72b03133fa5543,1168.000000,10
2,fa1f06d37ebd0b1ddc4dd8891f709455e307a0e83a5b713213f1095592306a25,701.000000,10
2,0af47cdf4094f7441385f0b5ef476a98b959cd8dbd22e0cc0b6ec58ca910b65b,484.000000,10
2,0a57d341a108e07a98a66035b2586bf22b676a8e354b342ac1c43cd16e82b48e,1581.600000,10
2,e8c8ff726383bedae347edced7ad1ecf4a1d8e6998188480d5033c8fd6ed07d1,612.600000,10
2,40b1291fac397854361bc0d4fd55dc5b50e5400395b4dfb7a7573c8eb5852027,521.600000,10
2,2c5b0a35863f7db922ea4408c6266a07f25626d9a5e37a92761334dee8b08208,981.900000,10
2,d3e3a9634340afec08fd202694a66ea27113cbd0fafecaa1df97359e7302f9fe,904.900000,10
2,699bf60c43c912b6368027c1bff57d62f2dffa0a5aee434e789ff83a764e96c8,669.000000,10
2,8ff25a2be42dd9e47f3f1e467ebc1a5f8df93e3b373777afcc7174322add7617,1409.700000,10
2,2902180e9e18fad070e49c1aa6fa590d725e911d49dcac049d840a3141eb7d19,956.700000,10
2,0b3e7deb16f27909d2e9ce7897262bd84ba84adb48571dd68f635ddbc64b1fb5,644.700000,10
2,0583b0db947a02960b92bf68ea0caedc0d0e10f6f139fd7951c1f09feb31cd1d,908.200000,10
2,320d046f60d6225171434c000e7c97db8c795c6bac7d870e4d1d7fbd07fa1778,795.200000,10
2,0b8b9b1d72ed3948853411e7a6931983de897d9e14e6104eed57706a86f29977,754.200000,10
2,e8b417e473c539890461a0cf0f306e32607c2862e3fb531a65a6fa34401bf3e0,420.200000,10
2,38fc84c7c31c614a2ec965a7cbe44e5a0d210730046b84c37a1ee19b2e5c6ff2,1308.400000,10
2,8be2c318164d29fc4b0a437596e47174f09d8823eedb9333efd11474cfed0a12,1235.400000,10
2,046afea9cf690f7135371182444fb21fa11e87f4023bd016e677d8feaa7fc287,959.400000,10
2,5bf9fbb85d2fbcb7dd29fa88b2468f32b20eeb4b5978749e433531b8c4711357,933.300000,10
2,0f3c162260609cfcf2d8a52311ab9fa2eb6e039f0f6bd7138bb025b27e5c68a1,1594.700000,10
2,bf12c2d8c5752b9a5fbed9c629a8f49d2610b9fd96d2601aa4ae76cbf2c147a4,1078.700000,10
2,f2daa7a42d7b4aec9c05020ff2dd6e65ffa2d7483944c348ee050998ea363c2f,779.700000,10
2,eaa5f13e4c4358642d7f825f0698b933c88251a6515cf8790f4bb898d5a4ae1a,715.700000,10
2,ce5b36ec7d52edeb0fd6204c2cc446850ac1de1796a7356c68ec23a11b0bbeb5,1497.700000,10
2,75e111a244797ca79e7829f5598dd77d7aa845c797d01326e429599c2584fc3c,1124.700000,10
2,19d2e32cb1ae0e8dcd59c03c00138afe3791395fc51885cefd412ce6ed7ced5b,1074.700000,10
2,8d6307ba463d037834aa268b00d5751f6508382c2aff8cc6f9ea510e58b72107,576.700000,10
2,87a415033c09a8b75134ee97d4e4ecf378f945e9e59978260c9eb13d32dd8787,1335.500000,10
2,b1cfc2798b7a2579a3356bea83a3cf7053e6ea6c6856b115cc8e4ab91989843f,870.500000,10
2,2f358b1a4c9b72cd2ea9465fd8e11789a53409493ffb3ebf6a4eae8b8cf06ec8,458.600000,10
2,6bd5e208d56ac8417cb59829883bf08986bcecfef0889af50c952798a9c5e190,1360.000000,10
2,158b40edeb95157d6c2176ff43b453c15e40b0c7e56f11ecd6115fd8c37e2a2d,676.000000,10
2,2dc8405e78d3ec12e25dead6b9f67b1ac833a21c27073d67955f01e335b0cd3d,653.000000,10
2,16a25d2045ca3421b188196a224c48fa06c7f22508f14f2ceea5b91dba677dd7,1481.800000,10
2,a074ad799f116a25d47099aaa7c6139751e4d25e4a5702dc3fdc9edb277a5c9c,1353.800000,10
2,4eb4c6c6b29d909138e1ac47be4989ece9ebc081a8f17774c284d0e089a130dc,1067.900000,10
2,5ae6a43252c5014f57b072b7965ad142deab4ff519bdc121955445303503b2e8,562.900000,10
2,13b336293487662f8ebae14b3e4372e3c18fe0802639e969e2ce27770f9d477a,515.900000,10
2,80f408b5be456603f49a22271067888a2605a80c7833d4c25cb6c67c77b72615,1784.100000,10
2,431e539b5c080d997dc4319e71569a366e0c1f3ce2beed6a3a6c7b10d280d3e6,1171.100000,10
2,d7e4332b4b0e8871825f3c189cc02b4e415b1433ee5e16c7ac839b9123b7ff87,1177.100000,10
2,188f3c2b303aa5f795233a20fac2b0faa74e9b7d36c830b2d513a37fa5cd0b98,1368.500000,10
2,fc8fe1f880a32bdb9010ab580c255d488478e0e8a249185eac00d86c75fde24f,1131.500000,10
2,adc429a9bbd597cd714637125255348aec1ab6dd78c1602e3a1e82bac70dc5d9,1029.500000,10
2,ccf136fa6fc0d9cba53a21becd979aa2475a3585b55c9d5740a3c2a2db1c9db0,1042.500000,10
2,bbcdb9d7bd319733df853773fa1b816834c0e7fd7d0c09e2090421693792c651,616.400000,10
2,97f4cb3765e1b568a90ab1405ea6ff2aa5c37bc9f889599331e55aab51d3a252,1833.600000,10
2,390fa1ef1bc599864e0ab8e7e29dabac388d412ddf30f448f2a83895d4c19495,1364.700000,10
2,4aa03820d08304fc02b7e07316a166ff4c6851a768fc138999e8715bdc24a3a8,642.800000,10
2,58695f7e38c33b177442c22dd91e37afd5fb9eb9b2340dfaae9514b02efd55d3,1930.500000,10
2,5111ffc7508a34c30ab79985b2e99e23e126099d87a4b5d9afdc501bea266470,1781.500000,10
2,0af291eb887df02bbbe388dcb48a044bfd925d04637f646fc9a58963ad6eb330,1206.500000,10
2,127861a2ad4a5c530bbc383db54b4bc371824a9953cabd1552c16e52ae6768a5,952.500000,10
2,230483f9ba5c5be2c4eb9590aa848259cb8a94e4ac25a289974552aa8c55d297,949.500000,10
2,f46d5f196986ac0dfe007c1c02e41aeea0625c2d33d80412c8cd734f309c9a9c,523.500000,10
2,d2cc668cd3093c1f9c1395008fbeaab6770da715c7e407bf9f1940fa6e43dab2,515.900000,10
2,d585ca3b0e3424e0441eb6b34dbe4d6b63a5bb1058837ece3030b228c454a3d3,1667.000000,10
2,b39c4e89b1dd0e21606690bf591f9443d81eff8f707d8c9bb5c8e507c2622d93,748.000000,10
2,a5b2d7f404b68909fffb2f19a2960777b16ab20445da3afbd7e0a3982f7664ab,1651.200000,10
2,c3b5a58cfdf825cbea1e9d6e25efeeb9960651fcb4f9c7994627e84b66c19ca7,991.200000,10
2,0deccb38a986cdc4697eee3e2d10fb86bba74cf8b565fb1ec7aff7d672a81598,736.200000,10
2,64bfef3fb271cae179ce58356e705d9e650eed56cbc33ac64f30a45564180b11,1716.000000,10
2,8df02b899de10fa3f4b1fa60dfef6867f74508106f6be05774e167089e95c299,1642.000000,10
2,a63b6e737810fd8c7c31de2eca701ead513a068d426a5758b6afcbf6a71adbe5,1579.000000,10
2,158cdb3ea9631dfb3d13d359f4190b4eca5f1ae6c7d7abd1a4c483f7344ac1ac,1558.000000,10
2,6800a2e1b76798471825b576a2fac45b4e811e64f0936a55b3f64625406726b5,409.000000,10
2,58531b33750a15202659b2d2fe2c08c01bca34aa289759cce4c23a62cf126992,1553.000000,10
2,9c45e19ebaaa4e2170b99b4fd9132dd4ed3594b5124cd3fc62247841ce063e87,1534.800000,10
2,d5aebea06723c2b051de4638e6493820f9982edaede5fb937db12ab6ecf3062f,1383.800000,10
2,3b064359529ea592ff06f51281394a1eabc9c71e25e69c0d0a4fbab039bec20f,1179.800000,10
2,50926ca3ecf70e338fff3149865994ca08ed43ead3c8d295e4c0a29a4c142ba5,930.900000,10
2,170aaaec3e4968edd661d32794e41cfcfa2122ac06447811956734cc81f64fee,609.900000,10
2,af5185a1d20da6858968a00bcfb7ada756a129b3621c7c3ec3687dc0f08c834b,735.900000,10
2,9ec39cce9d9e26f07d70904ad6197ac0a880ffc1278691c7144b43ea627f2d9f,933.900000,10
2,1f90e0fbe755535e9e21fe75330968d61e94c1ef676c174a40eb23fd6ac858bb,1675.300000,10
2,0724dc8098fda99b8e74b5d2012b6a6698409a19bcdf762221b7d7d691503d59,681.300000,10
2,d8f8b649f518e06f7277f6596de7af636ee96e13adb6c6f81a5f729a390593e2,1796.500000,10
2,089d1f48a0cf386026fd31120cd3b7fe0814cb66a1e1f1d644cb4483d1c3b706,1737.500000,10
2,491b9fe7c5c5d861f470cb9cd85392002c6b89182362825a39e66208d0b32d73,1194.500000,10
2,06b51e1aeb5c8e1dfa8e4814b365baf348c6f4bc102d7d22706933be5d20ebed,679.500000,10
2,f0ee02d95ac4670fada0291008a51f6c5d6ed580c095a9929fcc003ddc2d805b,1438.700000,10
2,bb94ee23b018805dfb69ef0197f0401944587855b0184768a91cce2fd8f090f9,754.700000,10
2,b29a95541819ad4c5573081433db7dbac313bcba0d2b3b874857a903a01f5fe8,538.700000,10
2,9e192aaa93ae84675873b5727f1db2f6fa1735750797d8ea2a48ac00c2a73926,501.800000,10
2,e998b50e8a2e874b09fbc16c85b4e860fc13d402ed0f939b2f17de1cede519b7,1544.200000,10
2,b203992ebfe4ec1fcf4b2686dd8fafa68f0feb214bc14b02f7a7620b4c9e7b30,1196.200000,10
2,ca2d8e3a00ce619549bbfeff694721f6fa1488736d889dd260311a27e7c800b7,811.200000,10
2,7c4e90ffbf4b616b2716a976e03aae6ccd5027b7363aa477f87df2ea00c119d4,633.200000,10
2,c74380ed870aeb06d844dc05974d83f8813b559dfceada899382f428d745e5cb,464.300000,10
2,5ac06720713e878bc96a4f4ce6a75c5766126c29dee4fe93a63db8b58f98ff5d,696.300000,10
2,a0bc89f8fb0b93a2a0043bb15d5c89a09fb32e173246350fb34e46c273f82189,591.300000,10
2,9a24b6d2a28b02f0368a432585d8b0a11fc1f28ea88f8d6a4cc179c4e2db5369,989.200000,10
2,69834cfdaa8a79562cdc044e0c54aaebcec5bb3f1c095e16fa923ae65b9d53ab,748.200000,10
2,087249a5b8c38fea35a13dcc806a735b9fbdfe5f07cfaf5389503a6b2f685b06,1592.500000,10
2,f6e77816792f56b4cb2489f2b4230be46b8a44a6c684f635e7133af49b9e2798,1482.500000,10
2,76c773628d459da0903f8e6e6e725e228344483cc0203d25042a6d60ab7e3172,1509.500000,10
2,c00ca33a2c640037445a3a9fc85a1829cc7c5d1634c104bffec7bf25a99c9136,838.500000,10
2,f839b5451324ad4bffc59181f513edebbcfd685cf3e14d1e18e4b2731a36ae21,1555.200000,10
2,e906ee6322f3e7da249fdcce7d260ce8841244e3697f159085df39b36332fd95,1211.200000,10
2,e240cc788c489a33e64f8e12f4ab3d67db000b6497e02fd06afa68953a26b795,490.200000,10
2,2523719b64acc46a13f502612894bf24c526a7b6fa2e5be03291c8a82d35ea9f,1782.900000,10
2,a6acaaeac0c0357e0a0d6bfdc033fb430477983f54d242256317e315a6b2ad58,1695.900000,10
2,3b078f4cf48ecdecd0e7d8d609a15749485f01b434bf793a4e3a31e4c92afc4e,798.900000,10
2,92c787b2b652f8a6454a4704dd2f23ec50fee05f53f4681893571816483d09dd,1260.800000,10
2,7aa9bd41e031f18a58b9cd2706ea6609ef3436195fed1220cccbc1f54ed5d5be,1134.800000,10
2,568ab4645113d7e022d91b0a85b096157bd340a2a8153d7c757867bae524a347,556.800000,10
2,5f6075084df6a1ae37265fc3c0994ed4abe0b2dcde14794c59d1aa54be6e0124,1872.100000,10
2,4c273cb17f3c28ba3d7cf234f2ff8651c789064c53c19cf8f41dbab95e72d995,1196.100000,10
2,c595d363e8951caaac7f9a5b4703b01b20abb1c70bb4b051bf22b9cb41bc07a3,967.100000,10
2,36101679eda25898fb3e4485fe5254d9591dc6f3a394e5ff57b5d559819850a3,867.100000,10
2,425cbbf5feb04ff0190d525e15a9c0911f5fd2251c746e02ec3aec6ff0c54c12,436.200000,10
2,1505442232c9ff2bf0193a5301137a08f8d05f870999512bd4b1891c1530a0ee,490.200000,10
2,d5b304bbde204e6a8cce8a5521f3f91fe49487142630f49c235082e1c1438fa5,855.500000,10
2,ec871a389dd087461cf8fb51f5494273ad2c0644295760fe11cae84d9ebc4d29,346.500000,10
2,da82955361dbdefdb73a944d412b1f3e3576c49d9b84d44ca4e31eae491b95a2,379.500000,10
2,659e2685d9c868ce509ddd239dbaaeede1e2dd752a24f7197a6d9618e3a9486b,886.900000,10
2,c3bcdcd2ce5aba0f7ba5450ab91c90b53363b541bdfb2238d42afdea1d0d9cd0,843.900000,10
2,8383eac2724fbdb525ffeed827dff0f3ad0458950973f5de813f30d865afe7b8,543.900000,10
2,02ce5c3b2e367d4c60dfe5d7abd0d5952c1077ef8a9b981f9c65635f8a489168,504.900000,10
2,5a1580254a4e7a3cc7e91d1e9375c8062a3e315204610b2a5be85c154c092567,1077.600000,10
2,a0ac79c1ccacb7475486c5572c2db50a0a79c0d11c3584acdc6998bc2cfe3132,950.600000,10
2,869d25cec482393a4e4fa3423c84ffd18750b93f617c740d5bde329240f9757b,372.700000,10
2,4884ecdd2d38d301d9194709b3aa7ca975f4613a090df6e7a350997f45be987b,292.700000,10
2,3ce607d17b1bb717a76df8f0380436116da61400051b8ac9345643fefedacf95,319.500000,10
2,f5dfa8681136c60e92457eef98fa05e3aa1aeed5149776449d29d5e950a96f6a,365.500000,10
2,e6c0798ec611cb8f0cdcb96a91087d679552907f8b22be9c2c555144d90cf749,785.100000,10
2,868c3e4f2605e0f9287f11c92c80e45c40c7685e6c2068c3226c66ba817ec98a,453.100000,10
2,24adc8ba080ac4d6c456f56d5fcfe0906276acf0687cbdc9c5235962ceee5686,1778.000000,7
2,eb6cf90932af9d1147798242f3eccb102b0ad33a57d746259ae5cf214f5b47e8,1498.000000,7
2,0940d234365285d0c9626f3e916821beb7fd16bbbd3407a056e7dddf0e81c5cd,843.000000,7
2,ed7c94c7a770fc38d79a3146ed9defc2d53f363b158a767fa43f293a102d8f60,998.142857,7
3,f1dbc9715543cfe1cba6878e38c98434c2ee16d5f4e560af3426130a1e5b7c61,1110.500000,10
3,59f6dd41aa265560aa9963e10a733d2fb34f3da771380e927fbfa2cc01072bc4,585.500000,10
3,c6db67f613b01e8f15b2e34d64f99f9b4ed979a95f76bc7fb5b9cec7b99d85b9,1162.100000,10
3,57f2efd7678df6f332cd6b51ea11accd35212a93eb3a6800c4923c51e0bd0da2,1083.100000,10
3,e28b26ac0f385e50da6a96b52ebca3763bc06ac1d283d6f659fa8dc1e9c78ef1,935.100000,10
3,58ee6b4e3c951943ca123349f5a698512a4c6716bad2b6420cf0bb25cb1c349f,311.100000,10
3,b616b0fb077ee0f107aba0c25d0e2e2a13b5835070280207a7085b9eede9a3eb,544.200000,10
3,fef2b4b06807ad91f59cfcef70e4e15b205dc017ef0b3a4fa303425e0dd9086c,504.200000,10
3,b4268f684b1cb205a76bfaa04fda639756f59d0d4a0e7795934d892782b478c6,1215.000000,10
3,46785edd0aae1a510877065125700a19e570c8d8b2d994353205a01cdf7bc848,420.100000,10
3,356f01aa89ebfb7a5288920a0eca5d322b02af1b55210d6a57c828280c039c12,346.100000,10
3,bf9b1ca6c2363c751c7059c9bada2704e0540b931b7b2e0033aea19d6142eea5,1083.600000,10
3,6a6127340d6537c3ac9c05bc7bef14b356d86a28d4597d3876df23061cfd8eda,802.600000,10
3,19beea6b53ceac9b5a848c164fe961a0986804571354bf4abe5d78d57a2ab03e,611.600000,10
3,948c98c35bd4d128600086382260c39959b2321e5a8de7a2ac207c2411d5480c,905.400000,10
3,e5837ca44e3d71bed5c9dde3c1141b7a5876dc3bbebc841d9bb0df9fa893f2c6,1120.100000,10
3,05d2f9c6eed9375b4c208fa4390b8489ec9ff02d10f8b7102a94f7a8f60374c5,1393.300000,10
3,dd21f46591976664c0bf31d10fea297f15162f894c2204d2816fa1276c82f7ff,887.300000,10
3,c574b0490e0839b4c524b9a451eed8a6e96e3df1334ba207e903aacc8e7e2699,1327.100000,10
3,2d94fe50447a559e5cfe4013677815d225883146bc4d97dff9b58f6347b267ba,1175.100000,10
3,4b2fef6482bb9677f36b9da54276bfd10688d8a9bb5b17b491e6596588062aa1,683.100000,10
3,bdf660969831af4de625cca8885704f8344bbf17d765da2b8ec42a5aba37a0d4,332.100000,10
3,02971694fad1073af047ca686c7b56d3fe0fbd150fe13360f12ab9e9cf99431a,1321.700000,10
3,2f03b20b0ab647455f40e77d36bac4bae4c15035023fbf07f5b1e82ed6a72f15,588.700000,10
3,5c830b9df0f41816d6d50d25ad8c42ab77fa0e4435b4c3c108c91e0671065b7a,626.700000,10
3,1b830513e86069d4fcf4c317b82b866ca97052bece3869a06e2aa2757b58ce63,407.700000,10
3,87214535913cbdd04e957a9b6c9ca577eec4fab7088921d3493f72e09102498e,1233.200000,10
3,00a6b8b375b28d405bf44ce2c3bf47319d51b671bb238f0e5e6ba99b01400c10,836.300000,10
3,6bb9c11baf03bdf1ca449de0cd3e33111a7a74f43cbeb56a77cbd70657c31ffc,838.400000,10
3,ce92b5b0a0e5d4a5df07e1993a8a7ae3736de94f7ce415386733567937c46cb6,1386.400000,10
3,bbaf0c633958e4dbaa87dc3ac8395ba4f90e2772ac05fffec8738a0361367420,1104.400000,10
3,66781ea8a367b465c973f6b5c81c67840cd4380c60385931f85afa78e94d981d,1155.900000,10
3,149f6f823377715332309aa078b98130c9e7e0968d54307a5b468c9287e34202,1122.900000,10
3,adc6eb844a31ae480abd56a5f847d34c4ec091e93efd1c378b36d1ddb02db9f9,898.900000,10
3,6d89c5f4904310a9d591b1fabe039cf21cbb27c43345558373efa4674f773888,1191.000000,10
3,261a36cd158b199f442d95bf2eec47e52a9be9702f09e34df68d740520dc1755,974.000000,10
3,9fb7ba81eb153b9717f71148f1e02eab7c8bee6e609d82617da6fb6a58d1cdd8,697.000000,10
3,850e72af3a6a34ce2f55c8855eceba2811c1adf3812a1c9bf6ea2c218b7a6b15,439.000000,10
3,de15410f9b1ea99bbab2c9798431b517f23632657f694d8673560f0551ba36d6,934.500000,10
3,1b9bd025762f5231fdfd92e762385062951eb35f20d89968273d9316a6e71511,770.500000,10
3,7cece94cae3a7d585c99fe8735093dda3be39d805026f33f603c30878dccd39e,811.700000,10
3,115095bff83dc719fa735ebead05fd9314d0a79255ed05d99977b06a183b7325,1083.700000,10
3,9c81da4d1c4f35e98fa96476a52ece9f26e30c24102574f202b277a60c622538,997.700000,10
3,5df21535d208132bdbd3ef4e2aa6ebdf066b76f59c0c68d3339457f9002e37f1,847.700000,10
3,6bb0188b41e637c2f0009db2eb39383b825abb0cec845b6a3d3137567ff81b00,600.700000,10
3,f75b474dc3d33e60a9fe5afac3db4211e09c1d7bf93fe74b00059dd6e5b556e7,797.200000,10
3,b3eabad8d84fd6f6c3e52f007dcd19c767ff0688de2c0ba14de5a35da61e20c5,450.200000,10
3,fbf13518175dce2673450d1b72519661ce63b04c2208ad72d7aa3a711eb1324d,339.200000,10
3,2627bd162fbd54a98618f690da200d01746299a3cd935a903baf96ec896d8ec4,1099.800000,10
3,e55e01b2be04107049eabcd79dff7f317544fedcc61ca444fbeb3b35c4df6ed0,664.800000,10
3,e8dc6d15cdf34eeb3155184457516f9758f43432b7055023891af38e67e137d3,539.800000,10
3,83cbf1295c4d42c9b29396a3d8649a79676e68c2514ec1e1603b24bda5f77fc5,1232.200000,10
3,648b7feac667a1709f3736465cab070df2c139b7cc4e0b58c2cd80d89f09ebaf,669.200000,10
3,27bb6200401f71652812eb0b61cc548ba05a0ca9e90fbb88707d5947162325d1,1193.100000,10
3,d8243b20f499556aab3cca139d09a8f13becfa24d4f9a4aa34435764c009aa9e,795.100000,10
3,7b558c5529d2ccf255d2b5a6a628589dd0e2a0d0da185361d38500ec6c612038,633.100000,10
3,7c94c1ccc07beb57870c680b90a9889aba6a786315bf787a118810e5fb5f1225,1000.300000,10
3,b9020a4b8b81c6bbb395bcf8e1ea203104bbdeda7b50edf436344e90d212f826,1045.100000,10
3,45ceae1b02c947ea68be2a1e27ead08074e8a085383ca96d9bd0d61322a230fd,733.000000,10
3,b397b978ba57c021816dba11aa8e5b3022e52e030cda40cbeb6a03b1483930e4,797.000000,10
3,34962631a3e05a330628446b007e5b2185afbf8795dba8f546c28627966aa8ad,1077.300000,10
3,2ef2c1bd8afbde13ebc15e41bc74e9307b2db624dbc7f96a7fc20eb68422c385,948.300000,10
3,0ab52437b5692632cfc8deba486b72f16202e011b3c0f7a1e95714d88a3235f0,971.300000,10
3,6a8853adb07c91369540e13b7e3f1166a827233b890faab7c051a5e4dc56d024,754.300000,10
3,6814b6a12ef4abf61fdff11a1ab1171e6b82a42b58715438be6db919d515bd41,617.300000,10
3,f4c3385e5b8058bba26ba4ca43189265d7ae3f9faabe630d5b0c5bdfb9ee32e8,946.000000,10
3,58e3b8240ea832cfebebd49013757b54610d872031248ab3b012831a513d69a6,492.000000,10
3,414ead46a98805a6ebfd6b0acafcc0f61127972c1234131c25dd4b80c71c10da,794.300000,10
3,425e6bd6400b7c29b9d246b5a57abfda3445b04e2d3fbce3b594c7adb0e17c32,1305.900000,10
3,2e3ea78c4c5d62d7ff915819612d694527dbbb48badc5649cc51b79d5aa102f9,896.900000,10
3,37f965d9ac4d81376d8d95ca84291a647018d3158ed1e68db32e79e85a7baa98,726.900000,10
3,66d339df306451bad0284586df0800d724b2a347549cdf25a2961d3f28ef4c92,706.900000,10
3,a7ed8e893984f8139c1376241de3af533a3425cb23481529c92a08f230ce520c,1013.700000,10
3,64fda2eed9e41ef0eb91961006e871629d6d1a34463ec2fa1d751f7f4f8b7451,658.700000,10
3,3c81e1cfd28bc23aa84ab7782c970eeea87da655e58460a16eb2e739943fb071,1219.800000,10
3,34920efb98baedcf4f3989b27028f5e9f5a63afde2cbe66bfa8f82e39b9d3949,860.800000,10
3,6be8738268c1a83f554407af2d23f7b5aaa6293146991edf433a4730b3865c31,442.800000,10
3,af2afd60565da5b377b2254a12bc061c3ba1ceb781bd66e599b4f7fccd56f631,935.600000,10
3,0ab5d2ab855f52cbebd2bd5fc1c41972c8f041bb1e11d49d830a35a472075c53,356.600000,10
3,fb1cf018a683d361136985ffa084ec8a5eb3bbdec54fcf6600efe2a6a977d43f,623.300000,10
3,2279a1da4f268162c734a7b403815d696fb4ce6024a067cc9982bec876c47a50,308.300000,10
3,ed21ec6512a652d1298f39f789dc839aa00797b48759932f38750aa9f794e47a,1059.200000,10
3,883014e056aa8d77c6ae417f02585c4fd24de05da49dd9d76960767aec461dac,946.200000,10
3,899e2a966f23910467d724213e26b490a955a97e171c29c2bf2674a1d8d68b41,758.200000,10
3,ea297a42a7d5157cdd562b35d3ff51d9debf2e4b24be38b15fc57ca6c1fe44dd,298.200000,10
3,3da23e70bd7186ceac16eb253f517d4d5551a2d0b1d98d1b64d04b1e458d33a3,1050.000000,10
3,a4a193564fc0fa0397d3b10fbe957cd3bb9782b84cbe39ba6d0fbf2601dbe748,764.000000,10
3,68308797f7fba9d328eba7b82b182aefaedaffc406f0f491cf8f7b9d57e840aa,957.100000,10
3,902fa1ade4aeebdd0eec9c61882f7d8f396ecbe259c616493956c9564528a19e,1277.200000,10
3,4d43ac4f2493fa117456c8dd4f10395ae9d825af04336f3215117f6d9398e7fd,960.200000,10
3,bdbff66244e347890786115a7f22bf2ae29a49f825be1d5b4243486ba096087c,589.200000,10
3,6278c473bccb12f3ab4c35da4770f5d797ffa5f2cfc7edec755a4497e3dacb76,1684.100000,10
3,6b854d51e4635cda3ecc554a50c7b8d086ef8e21888ea7e7e213ca9f6436557e,1262.200000,10
3,5ecf58d2d1a7960d965d1b59851f9fabfcce4ddf9b9ce164c619b971503bfccd,1095.200000,10
3,4e66948fb0337e688dd93bd5b0155fc5ece91b9e8187aae65fa2af2c848f42e8,804.900000,10
3,8ab3a3690eb6d493326d8483871d891862e166b01fa854954c0317f9a2640c60,1276.100000,10
3,dd62ee8e26986f46f5b2d9a59662fa315c527753b9317e3addb632adf35b073c,690.100000,10
3,cb36e2a8016b0fee9cff64f3fbb09b9cb3c25438818906e6d823d6d96b3e005b,700.200000,10
3,1346a9719643d3ced029f7e5220cc70bc9e9fb52f7486c70cb6516cdd2245916,291.300000,10
3,d3d1948c24df2d95dad6a833f942bf596e0995d449f74a00e8309c4d987555c0,504.700000,10
3,c86a75013dd0b4faf044f87ed5300082e628f2dfeafe846bf9decff9dd8d4089,413.700000,10
3,e204805ea62cd7fdc96810d67be5a619bcb8a3fab0a7a6121acb7f78cafe0b7f,409.800000,10
3,5e1e3141d8d15ce203ca1d0ad08925f077adb3a16825b56dbc87bc11fa53b6ea,482.600000,10
3,ce350fe913c5e8e1052b4655ef34ea5a02e670bde599267168c7e39983d348f6,673.600000,10
3,d3aac2508b2f47ac7b2ba9c711cc79156d5e678c9960ff9495a788bae7f202a9,1078.100000,10
3,84a2e9dcb66ac767efe71ad987984a37ba8145b03a65e80f02fc507f6152e84b,925.100000,10
3,fb1161ec16905f648f31d65e9e1f381f733b73b195bc9fe1cb391df6fe98c565,585.100000,10
3,fe1fbd5be0db95cf926b7f5096206cd539ee02f7d1d3ce31779b3a0305610d03,1031.400000,10
3,e9b649fab811bbdb9f0a1ab7ff56a9daec879d2e357a825529ee5e2216ad2ac4,1247.500000,10
3,7fb435c0d6b244e72f8a231e2cab8987da41bb6af323d8b0d343957790240331,904.500000,10
3,02f7efb3abce39d667dfd034b39379662ee4a88729005c842ef12037fbf99192,931.500000,10
3,3e6ce349d8fc4242b4565f9bcbf6f9975a61fd066b3acdd1f3da0d9ca18d5be3,930.500000,10
3,15bb9c70d05c7d2a80bcd741cdf22a95767298c57c8ff779427255eb6f94a4b3,976.300000,10
3,eebf376b875f140981758dd305391c6e420b099c86bece0c2dc50db1ffdc9cf4,1194.600000,10
3,99f708d75296059088d8a5f9d385d4e1fe40b2f39703ac645249f7773b18caba,916.600000,10
3,18b30e726e9b8724d1fa26a49123801b0c78373d3fc0630f0edfffdf9deaec99,783.600000,10
3,ab3faf8c4840d07be27b1c25bf83d09c82ef9f0e4117d3874b25502b3026b50f,1159.100000,10
3,b47074877823a438150ac8134011e6c8b274add89c79909e425bb895c71de125,1160.100000,10
3,9e8761bd7e0f7641db5fdcf5297709d2b96555b1b55f72d7e3fd9b18aff341e4,775.100000,10
3,42511dada8b346d55be968d108d446d2178166b4eea175706195f31ee676209a,592.100000,10
3,05b4cc117940f8621a2270a8eeeaf9b86551e146a1bb8bdb09480a8dfcefaf15,263.100000,10
3,71be773767870b7b36655349a12d95d9458c654eca02470348c5b6eadd006a74,1003.900000,10
3,234da001260796b2c5fe888f3ade53cc08587b8e890a22212fd685bf8eb83065,411.900000,10
3,cee5b0dbcf6a80ffccfe37ef2ddf2f9180664904a1aff45d5788a28ab1b25aa0,1137.400000,10
3,0a0499cf7a65362461bb3dfb08a1be11a7a4364c4427dbc12a7ae71c62e6e51c,520.400000,10
3,9f8009fb67984c0cc1e274d8a206811f0ebe9e05adc34c60321b9fc985bfaa05,489.600000,10
3,ef41dc1ed5d0eef9464b3c5a414970b5a4b66c07cb5a8ade0c1a94b1799e64a6,400.600000,10
3,2ef292049bc234c6ba2db34ffc901c2d847c5a798ce598d1034f7bf1ff893664,1066.000000,10
3,4a032896ef94b7ebce12eda13dc398c33f2717ef67f9c8d4f5b744433d8627d3,704.000000,10
3,4e7708c6918ff88c0d9f135ddcd396305ff8e6e96d748524a2fd0776d2e584b8,582.000000,10
3,6b52e109cdbee6b79f8738366c6a7e048f4498daabebc5bbda2306377ab3c078,501.000000,10
3,3a350cef2f936e62f6c7c7ae649c473826c127bfc7c850147a4c90f6829339ad,259.200000,10
3,52d36257d4ab6b0d2794cc438c4158b112794864742db2e134b16013bf883483,1204.300000,10
3,761eab7ed13c2568509fcff71f635b39f931fd7bd2d151381987db325add4aaf,810.300000,10
3,8cb27f82662be7dbfbe773f008b35d7de584b197bfee0f6ebec3fc10b6d881d6,1135.700000,10
3,486cac74b78b4720295367d65845e9292e9c070c4636b94813e7292d501091ad,1044.700000,10
3,9bcb435707e89b49c67a5c231934255323fe2cac2a8c37f9a2f2794e5ec92887,883.700000,10
3,42cfc877acbe428efa108fcf42e91545edf02cde46e726d4330220766381b2ba,523.700000,10
3,cf636f516186dfe4f22e2f0a40d34d2fb2764e8189c0648b7caa385c05a33b98,483.700000,10
3,4353df1075507276cb9159057a52b868963aff18449bc632c54ef6b2db5efd05,342.700000,10
3,ad42dee65ca4b4d73d61695be5e51dd875526bed9f39627b5e465f0f1b5770ed,1589.200000,10
3,5d475ee30ffc6253c3e8e0d7515a5aef2d360c7870ae0497b001459ad0f5065f,1134.800000,10
3,7a8220016b2357a4058e05cb1ab3550d05a41fa5199d12a4337a94ae3b33f5e9,1017.900000,10
3,088f147fea298df80d38bf7d39050b46cfc54858e8e870a3f4491358aca7097d,776.900000,10
3,6b033edc05ef60161214b578a16a817a4bea41c05fc159c9e38cfcd26656fb56,1070.500000,10
3,3b074593ee395f764566750500904ca9fde0b04fdcaca899a7044fed2a4d95d2,1008.600000,10
3,6c7e9c2ed9583a4e871eb0b5cdb045de3917718bbd8c54eda46bd47373259fae,632.600000,10
3,e0d27a3fd35bc31f6e8189ecb8f5eed8438ad25145bb9bfcfbe490f3162cffd7,1210.200000,10
3,a526cc361fc59f434fcf0fd7f771044fbef533a297f165db76d116ddcad7caed,562.200000,10
3,0be23de79eeec093b594c89569794fb5911f06eb75f0342287de8d039a608f27,1254.200000,10
3,dda0eb8641801f79b5daf46a75339afc05600ed22b6f970c470e04bb468bfe02,645.200000,10
3,5469d7becaf80a5556bd7dd6630badf1994a733868b542611478534a9eff370e,1075.800000,10
3,9f80f53b5559b0ef09e93b78c300fb378f498ea21ac67ba07cf3113bcc3d29dc,897.800000,10
3,47b705eafad531aa07d71132f46887a7d185de62db65329f1fc6dcc542f9fa28,922.800000,10
3,1c5bc4e1633824d1f97c44214103c4a7fe8060f77cd272300f52788e0ef94ee1,726.000000,10
3,90270da70b6ea4a5624a44f93b8f4455fef6d591ed44c2476eaeb8933a76abeb,624.700000,10
3,74fc69af24e6f531f65d14d6733539cc741d857264ff479427177039e97470cd,604.700000,10
3,8accb39a8fefa0275db7f0b4d89096483d11470cf5fb07f88cec7f2b4a8bb052,1009.400000,10
3,b68ef8229fa858c9ff6968af811f5d1e6ebbb787de2354e8ecbb5b4d28333740,884.400000,10
3,da4fa26746dd87418f153b0644c66baaab15aa73f667ebcd645e11360ad10915,1359.800000,10
3,894394ddceaf03aa3d7ae87ae7a30a1601a95c9b82b353082f1a464e3077cc8f,1168.800000,10
3,b190b05d1ad5706bfcaad2535e2d5f7c70907b28719f5f15f9c13f65762c3016,603.800000,10
3,db8a0ec3cc466b277ef895a91911c8592606ce4f858740e4ff72b0a5f7011c69,1350.100000,10
3,d715245a05854699e54c2f81c4dbdcb601a1f787574a5bafbf6154d63a287883,773.800000,10
3,ef9f36d9be2ddfd23c20797b0736bee6311bf10993ea073aa8a48784d7ad2bfe,1193.400000,10
3,397fc789610e75f8a9a0d26224e50782fa805b3276e9f01aa2149934c256aba7,842.400000,10
3,083857afbfb5844fbe0e743c28b657f13be9cfd62624d5c29b24ad9cd9141ae1,1032.600000,10
3,e01b1b93656661519d4b4baa8a215d7b58468c29c8a287129624675c33d72a7d,1039.600000,10
3,43c49d0eaaca61a59ae1f6fbf3e1bd28a2fdd17c14146771e768dd7aea71b64e,630.600000,10
3,36f846643aa838f5d120794a77d2c21b14329a44b005a42e5afc08635291a036,813.100000,10
3,b0f47539dc9e8bfb0aca843e752c881fead5905eaf31ac61ae5a4274999507d6,1477.300000,10
3,ebdd872cdf60d20e2613ab60603a11a98d4b5d3c9604b7747186b62fed3095dd,1435.300000,10
3,3f52700a3c37f3ab872528fafc5b9880d442d381f83c24bd25ae112cc26a75ed,1328.300000,10
3,fe2e6cf5768001597d8ed308fc478996fab8541b248401f761b418231108b408,1304.100000,10
3,bef55513856c5726e3aaf681002a6f879bd4c447bef01bdfdc428fc4db980005,1219.100000,10
3,eb339cf94ff30040a46b36ef563e98271fe8b48779a50d33b28d02c612f92787,927.900000,10
3,d92e5a02ff2f019b8613b9fa1694b695c44352128d27bef5defb4e7b3f1ee3fd,616.900000,10
3,5287f598c7356ca9b03d71d17bc5d2bc46684e3c6561c76c596800a253403548,1241.300000,10
3,6870d827487bc24640da9bd51453efd4b925abfb425b7cd7f8375a83300f6595,793.300000,10
3,19246660c36965cafb159483df474c1670a794939dc4560ce457a35b895e64ba,681.300000,10
3,348a417a79c49f4feeef9d0ba0fb9402f8b07187965b4da8b96c136651b0dc02,1330.600000,10
3,634c53f341fc62786a1d24f4d231d36626c58590eec82689fa85c417bc17ffc2,1319.600000,10
3,bfa27e0d8a10d4b823e84126535b6c065d9c1acd7cdec40e37ba2d096f7c43f8,506.600000,10
3,2f51422deced1ba47b27430b56b2da2950c6d71f0ac044fbc658732eb8921064,826.600000,10
3,bfe2f0d91df44335168c6a57ae2fff592487563bd9bbff3453bc8637381c22ac,1045.200000,10
3,eff420572cb528509d33f83d945515863cda6012bce9c3be74c7d82d3eed88ad,1266.400000,10
3,fccc8095bd00a054b9247e84cb6cab78ee9bdc0329931b2e4d148f17b6f74fb2,694.400000,10
3,9b0abd1745ecf6ca2b7ea5ebf581e12b6c86585a0ea1ae84302bf90c9fdca916,1200.000000,10
3,a88c0a1196f5bb6ad2c69c3d127bd74b7c6b836c68c7726eca20838d40ed250b,354.000000,10
3,11cf45f8ff5982a916bc660216f50816ecc9360cf96e39de5d7caddc0fe0d8d9,836.800000,10
3,0c981154b85389341fdb02584f88c915a4d0b0b4b09205752036059e6d2ad36f,1168.100000,10
3,733e6e6e572d18284b6dbd509a6211b492cbf583e96c4141deb766fd94fd9fbe,1333.000000,10
3,7ef7b4e11726e1810839b3e7b9901d63fe7ff3db6e42f70b7da5329a9f696749,1260.000000,10
3,150e383eeea38f8cf642bb8417889fb2dd43ee33c0ff20b38bb37774f370d9f6,464.100000,10
3,6420e36aba99672294671609154d6670f4283cffe7827ee799c6cc3e816e5795,1167.500000,10
3,9cd910a5ba048901ce3012dbcf5556704f7d4feadd7f229d215e71beb52f1d01,927.500000,10
3,43cefe631623f0fcb5fcd4a3da07a3e796e4c1cb0e395c59cb98fdb36ede5321,388.500000,10
3,e8b700c411b1fb860a7202b1d21a667fd5bde1816e1a4c14ab53c6b5e23b34bd,1423.100000,10
3,d91cc5d2e54b6fb9b6e6da15aaa63a13d84466fd2b223dee89929476a2ea653c,1220.100000,10
3,7ebf61fb241baea49088498bb005b43ed26163ed21bf820563a91e583b47c5db,735.100000,10
3,183c6b9614bf66000b02ecd74f1267e1a6ca57d4aff38373b34d60401a05b48f,1260.200000,10
3,f16254de5f39887b1d152b62d8e2ed821a7d1e594f8a7473a73d8f4e6adc6a5e,494.800000,10
3,d9ff557b0780406736c8d0048f11cab9306275910c90791c4b1f4b7aa0f56a76,1278.700000,10
3,a47bf33518db5e356d91a303d9d3a52b206617dcc8f84b03d152e95177b0321f,1210.200000,10
3,9084e9bcb26ae2a68cc0e450ed6fe286c7507eea697fc753e16fc28037e4b3af,963.200000,10
3,230c5641e1a179474f53f1d6b82d3300a42489c123b5a219e4837e0ded930a97,933.200000,10
3,8787ddac983cef83360ea895b62d16a2b8546231a150273e84033e8e898f4bcd,701.200000,10
3,f6f1ab719cf9599efebd9cf471e87f6f751745f46279a1df2814b49faadb46bb,1293.000000,10
3,f1f41a004107181d0380a73da05d551ed34810d9f427245ff2a9e78af8ba8217,1047.000000,10
3,d63763ee68c819b6c3d2e913df17f30eac6759f1f3cda12da0c8d0a7ce5b5371,999.000000,10
3,63525d0f491060a9cdd59d657739329ed303fc1ce09aa02efc74dcf24cd8d832,1024.900000,10
3,dbc35f51df679d06f6f84cd5391f8f3b1eb9613e0ad94f8d68e8d78692882e27,1201.100000,10
3,5f94febbd91c041649d24c299c4e737f2c6ac84463edc6be33db72a4cd32110b,977.200000,10
3,15a212adcd49a8e77c15e28926cf20e2193b33acae87abc3e4595896f0ccdae9,1018.700000,10
3,c6b2e3b726a107f6efa64b2badd806bb39ea05084002293f18d9e08a55b6a817,444.900000,10
3,2dd0c1bf1994703204627424a63c6462b90e9f27a723d4b4299fecd49788d9db,1257.600000,10
3,c1089dc269ea00f72c7c0596f09fd8e098d0867f1620ee90ea2a5450f4a223e8,1336.700000,10
3,46d1867cf19a84ffb8ce7ffc04718492e2e85d7e9576a928bc26e478a48819fd,1189.700000,10
3,3ef01062d0dc5f42a80fe2b270805b364e45b6361b7fa50d1456721429ae37c0,691.800000,10
3,7687f870a515fc5242cc533927d7018a844ca81eef7bc3880a7c448d8579a44c,468.800000,10
3,c88e636b0ab95f4c9a23f8acf4bf971b42ec3686603f15f4dbdc95d07a5544fb,1400.100000,10
3,3b844f2cf0233e3736a70b398c202451c954b107236e34b99efcbad9c67b4f90,1129.300000,10
3,d39d2df9d6fc114d118d78dd23b670591fb9a4ae51c6b9b66fd5e06e911194f0,1129.300000,10
3,a7ee28d5c6253d374549901a1ab67989aa0f1e402ea2768801f6b2730b0e4e0d,792.900000,10
3,324aae3b09d2577b1094f1c6d12050bb50a5dd9571f36bb4db26576d5449123b,666.900000,10
3,77ba09a8d8547d6c81271e7e768a5ead37941b86fac75ab441474e0299af9273,540.000000,10
3,2ecbb0b1fbe3fdf32f44b84012b7beee769b1f2e820217e04d7647e554c832df,1086.600000,10
3,5bb872653b849ae084d72c4808c79b1171b1c55f99d07cba777ed19764d57083,824.100000,10
3,3591cfd5cc99f11c20b595909ad0ea59a103444d5843072a83902fdd4535dcaa,649.100000,10
3,b1e6eb0fd5edaa6e3ceb5166856000b757badd1b68cdefd5927a9cae795154c3,512.100000,10
3,3c65622ea068ffacc13712b843cbf15656fc1e9816d40566cb52df4e02195e98,1335.200000,10
3,ba6e87d5fa13b7da27b212d94ed21ed8e100301148502a3359c884de72eb8eb1,896.900000,10
3,5e3abcbb0821abe7e10919fb73194dae65ab0ecc3bb02d203373692563771957,1295.800000,10
3,0cb318d0caa216f24097eff052e31a0e943c35a7a290b5a5435bea18863258f9,1366.800000,10
3,7ae97b3fd51e488d481edd3adfb2b3d5587f86c0139f04534713edeac6e335bc,1100.800000,10
3,e80dcc33d6fe812e5af34ca58797ebfa5d14fc471fa6b882e71b446d71d5545f,847.800000,10
3,b3575d54709b59e7cf3991fe2571013b139badad892943db99d97163112e1600,503.800000,10
3,8f44239a727b5d05afb8291e37005222c10043b3b5d63c60601d1a6142d6ce12,388.800000,10
3,24db3ae34af72df39a422ec477ca750561b81cecea491248e58ad6285e551aa9,1225.600000,10
3,226a9a0de2780b4a1bc56c07ee20e68ecb8be02f91c5e794e513fdd5d765f0f3,590.600000,10
3,83ee2f231e9e0a705d8089f5922d5aff4c8f620bfe35c0cabc2993d3df014479,486.600000,10
3,a26b6ec1b363f915e6990cd96691b52b645b24334de7aa4a2c04bcf6d2c38c57,1196.800000,10
3,144a5d2d539b9b72c47baa2e3199fa303f0351277cc0b9275e5495d08b7c9fa3,996.800000,10
3,56691f772bb3f67dfd2716b216d2c33e1585e6fd358c263703194a9a989b0343,810.900000,10
3,c879c7562457e1ba0dee7e55a757e29a27e337f52ce593b9d2a4966a8020e14b,1119.200000,10
3,180518b859a8a91716d45bd9c05b8dd64766c2d930881fc8759623c54c709821,1342.300000,10
3,4ce39a5d342ef6d286ee91fe6ae069821159ae2ceee52389a255e090d7fa4a3d,999.400000,10
3,6fa9a1207f334d35e9b9128c8386dff15f6cc306e34e61dd2ebc1c6d2930838a,521.400000,10
3,648b003932bf255f6465950f68e131689b9666d0da60e3b73e21c6d123f89e30,466.400000,10
3,134a0cdfbc77c697545169802a39b4c6d5ea141fc9b5f1877c93cba39e6264b9,477.400000,10
3,bad09ac0e0a8df4513232c42740d1a250cc2617264b7d5312bccea0ce3bba82d,967.600000,10
3,a0d7fe94616c1baf6069eafdb8b58d77c6dfcac40dc3ddc06655c6bb90170789,849.600000,10
3,74c81804d2c2dcf11fdd21f42d6ac3e9165066c2510402f8dafa56e596c55c55,387.600000,10
3,07e7c15585e2479d1d7d5564f03af0a51b6ff5dc646a0eb12017cfa46deea30d,1288.000000,10
3,add71aafe67b8ba2967571c0903f22f8636aff7ec0ab11674d1e07e755e27ecc,558.000000,10
3,874fec2d4d4fd59e9380ba9d1652d846c902c82ce9ab2385a5161c099da66005,771.100000,10
3,73c8eb28160481fc2cd9bba8416eeca4725c95c1e6c0eb656609b6d77c9e0de8,408.100000,10
3,5b8960d36c973c0fb798acd13ea656bd9ff5e840151d7664107a202daa4eb784,539.600000,10
3,94351185798c6050823e54cfe4746ba14a277fee67cfc196f25a68c75d9ef59b,1055.500000,10
3,b16094f4a15e01a4d7db18e7e3900753c38eaa2528eea1c23a4029679eaf6af0,1283.700000,10
3,a058895e1a0c4735161c5bf244efecb0980b7fed2b17bb27d5484e9197bb9c81,1310.700000,10
3,2412ca25e899a1348f65fe9d8f2b9dcbf5ed929ea24d02d1461d452007404b03,1245.700000,10
3,88e6a6f8c57d93dcc50f8c6c00d4018ac683e266ff2ed589d8cb40f140b065c4,1152.700000,10
3,d0a13022bf9fc844dcb6935f1d1c7a64e5eef65cc19f612636d274a0f337c1ca,1345.400000,10
3,26724bb14187adf1ebf76624954d5af2d4dd93136bf0d15c4634e2c27d36ff18,1267.400000,10
3,f2511594cf005e3e0cb3cb211f07ce7fbcb73a7ed359b5d5fab9204707436867,636.400000,10
3,ac4c537ca3984dd582afcd570308751480e6e03bf6bf4033bf4b48621f1b31be,638.100000,10
3,e0baefac707b94630303426aa577113837d30577a1bd59d25321e3e091966773,644.100000,10
3,e6462e282f56b85ed66ac6668f4138541530f35ffd172898f866fedffbd4ffcc,654.100000,10
3,cf71709036f06da3ef5f9b122d93b81aeb4871291caa3079d38be4cc1cb7a0de,397.100000,10
3,657194028a705d396ee980ae33d46f8ad3a374f75f277e8c929429857c87949b,1300.100000,10
3,0b5b4559c65cb0bdf529000b6edd6f297e7083b06189e99f73b82e202ff273d5,1096.100000,10
3,5cd247ab65b587f8202b1dad1fbb62845887753a7b73999601d37699902d87b3,1042.100000,10
3,c081307c918b1b2fd3b9bf0b02164f146fcccb4c0d085a2b36c1090e48717e4b,1114.900000,10
3,a1c08943c2f6f6e247ead4953d143575b92fc195d1f23c96884e55f72544ca19,1038.900000,10
3,3123924ddc991e7667b94a175a769897d52a17f966473d952eda4bc148de77ad,610.900000,10
3,5ec3ee85465f9cb5d39b3994e7b64cbdef3ffce0edec9ab229df14f845aa12b6,1037.600000,10
3,0a618d93cc78384593e8a3f1216716199ced20a2bcba26506e60bd887f888ab5,1043.600000,10
3,1613ba5bf1fca6973e5474189ed7dc1fba19af27739685ed2b3470971f08334e,941.500000,10
3,b3be65d93152ffbd982040d05d999ab6898022686714507c98d1cb3388b625fa,819.500000,10
3,2f940b2e22163b2995d007ebf3ba04b22408af442e2bf9389bac142c85b12abb,707.500000,10
3,ad34a1603443613f79c6487df3dc75ce81492215c3d8e283b097521912b0d525,629.500000,10
3,bb16eff2b2cdd5936e966f56ed2909493a7d5f4f1803d558e30a518474d90d6c,1072.000000,10
3,48eb5e7d6c940597e1e155f0e93e897c4a606bf7de7aa71df57ce0fc2a99113c,1072.000000,10
3,c9455c76c7ad57e3809163fe89c15f466641f629eef8a3ce166d170a159909e2,661.000000,10
3,7f6b82d4573d4f4f84975e9bdb83b611562087d148d64c1d580f6a2c052a7b7e,734.100000,10
3,d4774d2a665812591343a88126fb68c0358c53d4518b424bb2b92971b25e72e2,808.000000,10
3,9d73bb2827e4aa2e9eaffe30c4bd9f9c85a9e560aea6b88ab373a7ad5acc04bd,1641.500000,10
3,51a72e3cbd26cf4f5edade89a52a0b45cfd0d7cf1e3954daaa79939c0b2b5205,1216.500000,10
3,9bf8c2737664a62b1fef1aa5d12cca958a8600af40c8c1e4b8ebc4cd908efde4,973.500000,10
3,51f9472cb40dbfb39651391cffd63986217854c6eef8ca267ef031d53d1d8475,1124.600000,10
3,ba44530a7d8162794d97fdb24f046aada90a62e02205d0db58097102de7dfae6,1077.600000,10
3,6b587055cf216e54f1fc1170051851a42fbd4ebe64670003652c5efb11e112b9,548.700000,10
3,67945c5d1ef1b97572080d3212ea6a48da20c03cd06d66757021c0c0717c9f3b,1374.700000,10
3,870b28faf85bb3664c263c27ddd3364aceddf9bfe88fa52cf96da592c4fafd71,1171.700000,10
3,7c92cd560c4d9aee3fb3c80cd08ab80c601a2000a2125cdc2be22ccf567c9a63,941.700000,10
3,389fb9501a4e7fa638c844bd251d7d463e664c044bd7657b236c76286bd8537c,578.700000,10
3,c3e6cfa4344e22bd93c5ac4e297718b61f7f932b91dd8b4134814c51f2a7e39c,1168.200000,10
3,e9caaacd817d194763b5449db1829316d6f8315e2a2e3414d9b7567a0c8d5840,872.200000,10
3,a1c65b382ab1152d93c421e69dee60bf64f53b7bc086b53435a03fd267028175,516.300000,10
3,9550269818a5feb62e210dec8d70dfa40974d2686e2149a69951f418bf9613d5,979.800000,10
3,315048e50342f28df8967b0adcb871f0f765f153e742525650f7fb535e15d181,1375.300000,10
3,760ebd2ea8cee1860a8c66aeea42d6aa0b5e38846524ec157dd1b7cc4b7d2b3f,1380.600000,10
3,f2c27851be53512a8ae5586e4c9f03392704ac962f315584e1a738b33f5bd6da,707.700000,10
3,930387e7622961faaa5605314d2b530c5416a9ccbec4e54d017858a9b48547d6,1195.900000,10
3,c3593c9085577703f20b72a5fc7cb1c888341ec32c37d8e5cc90d61a88620ab6,974.900000,10
3,11b8fb813b4be9fb75f0eb7321276af87eafcd800bce39ad848b809769685db3,987.900000,10
3,15dadffc7a6b60a85e759b5e02fc009e9ab4fcd0c0f95248779b804778277009,973.700000,10
3,84d8a437c7587c439bc84edc58f39b48e0b0596e919cf182ebc3e77364478f01,1190.100000,10
3,fb7cc37f1c290261bbae67e4a2d9a4f7031060083887d3a28cbe345a48274f78,1251.400000,10
3,3dd92f345443f898ec94546c7a48f99ea8d473cd289f7f1c62c586889e247718,1240.400000,10
3,70fd98096987f8a9d94a3c5838b358df5fdcdc944bdb52aeb91ef0c5b0906b17,1290.700000,10
3,4fa48c1472076d13456303d0e8ea006e3f2b79a808d2be0bba961e4ffbf9f471,1243.800000,10
3,2b9c9980a3aa1efeec6ac00da970713149b25f6b089e548e8da5f1b19878d167,1132.800000,10
3,ac2502c6afc9cf6535d84a78316a34160bdec18ea53007fb145121a41effaede,849.800000,10
3,ada53ba05429e843decf70acb6b95bca1bbdc8994ac718202a25707ac7a28814,455.800000,10
3,0115681d5e89e7a8a894904d894220590b274c3c1f7b2c8b4c561c75236827d1,1045.800000,10
3,af866780490b505f25f7ee9272e70e353b63ebbf03a94fbf55e925240b7399d4,850.600000,10
3,52823bfeff5e39f45942ed55cb3778cbef7043d1264bb27adcb22d084441df5d,911.600000,10
3,59e420f46401b970b6c2c9c916a1b7e3d72c74cfd7c2edcf64d76fc4dbb50421,1201.000000,10
3,df3e56419b775998bec91735e467bbdc07df4835e2905943be56538752a1127d,931.000000,10
3,6340b5a5150986cf05341168c38b6151a5d858a8c37e4212cd67af38df562cf2,460.000000,10
3,9b24b449bcdde4faf8d1f9ab0ffd38803f0869d24db357cac755a153a6868b0b,1463.700000,10
3,67043442debea213331ef0ea2b850a811ab9315f8133e72746c9f4f9de559310,1279.800000,10
3,92c76b56107335dedb181b5df43bccf8448bcb8be331492856a9667733f96e25,896.800000,10
3,164f42a23daf5e96c7ad81eaac6333b00025027c2c10da4dbacd4f27d06bb14a,1040.400000,10
3,93f5d4bfd97df064dab32d77896a8ad058959a7b43065704701f3a0d98afef31,830.400000,10
3,eeea2e08d85be5af1042323f5482f014007580af2bf7b425216c6ceceac46860,653.400000,10
3,00dc6f19fd283da83b622eb4bbeb3a03b8daa89931426acafea51340a37a6cb3,856.700000,10
3,dc94841e3e053fd234e9c80e12d36ebd037518a0a94bf9b06ac6f3a7b7e69ca3,917.800000,10
3,9c552f3dd90a639ec08e23890017b85329c0825cde04faa0616b57d2971d41f7,1215.600000,10
3,3c34a47bf9574b3e5354db5809b617324f18ce4a4b3fd496e88bd50a806bcdfd,788.600000,10
3,36a322e4f9d7f7792fd8dc0ba3f87612eaef0e8cce4f458d1e9e5456e0a057cf,518.600000,10
3,8ceccc848c91ae3c87ddb2b727ede7c53952b4443c548cfe3cdb9556086370d1,916.500000,10
3,64d96f984a985ba18e088211084df3c2bf1eb1a52d7eab8aa8b6957283f7bf10,404.500000,10
3,b93e753004032a07f13002f7afaa4b65324a77f0592d8aba329e89882ecc9ef9,1263.500000,10
3,eb201595c436be2b2f0c0e3ffb4dad30d97f10eb809c9330fd21322ea9b323ec,890.500000,10
3,0c00596bacdcc13f170cc27e10436e32a9994254ccf3abc9c9c75bbbb2b7fdb3,1551.900000,10
3,a686f6948b60c779bf82cb65d522877f0a5b45eee9cb2c313b02dae047d08a53,1390.900000,10
3,dc991f2612b6a0bbde76a24443bdd04739a4a53f9b34684528b1f921fd16b6dd,1209.000000,10
3,727d651bcb36a58db3d45001ef3e761b775441b19411b5aa244468b2c8449c60,787.000000,10
3,6ab1ceaef336718ec6f69e759efc6e342ebfe78a98144a62b88cf6b5f0d02143,677.000000,10
3,339912c77bc11ae33f00693d90a4de74669c092e5294b9d744536043d18df0fb,1187.000000,10
3,808adfa3ab944dca2480c76401f82a050df1da773b901d54049374017e69422d,746.100000,10
3,0a11d5dea17258c06b34139640b3c48ca2f3da9065f0192b290fc06f647b6141,571.100000,10
3,902e9b108b8d94ed41b7c3895c2204227c6607a08deab5204fd2df263e4cb027,406.800000,10
3,d2b35e92d3702b73c98c71d3c3d3726144ad35e530bb859246d68f022f6b7a76,1369.200000,10
3,8e935c47b1e8fea6599bfbc3e33519b966bcfed1d1236b47f509c67a5206ca7c,958.300000,10
3,7582e9ad694d07d28ea7dd6a4d86c006ac509833b79d21650ff4f0d943150864,671.300000,10
3,14b2a3da758edfb03d53494384d64316867938073baaf3e94c0eecb2cb119244,713.400000,10
3,4c111b3c9aa03fa2a022ce088dbf7a89849c0412db95c91865dbcb87452bc5e3,721.500000,10
3,e83dc2d440e6bcac4d7c9a04523a89b763446299ff05d848bf61bccf50f92cde,623.100000,10
3,8744359e6588b94c14adb9a43ec0e441106f41f4a7e670fd3621ea650e40bc9d,935.500000,10
3,dd8bdfc5f2d8b625850e619b7b7fc13f85e431ca71c15319c0dd87a5bd56e2ae,865.500000,10
3,d15a4468e6039e7f5fbb28f2969831a5feb48f64546e537960e1682e50a6fae5,569.500000,10
3,06dd642f59abb3f085926fb02120cd977919c1647be0a388ab5afa5d70ce1e39,1280.800000,10
3,9b839b235851b3367fae905f227eb9b6a03e6e5122013d74321eb0b332b9901c,1123.800000,10
3,5c456bc527afe0640e5551b667d56e8962d811ab469eff54f2c89cdb35d510c6,745.800000,10
3,ff71c671d33ffd5741e4216e3818fb684900ee1c96ccb9a3d3b75ab8e736961a,438.800000,10
3,2b6a171a944e8c56a936820545c9a1768b4cf429d076e2270e0b4164fcd2923f,1171.100000,10
3,df582864d9f956db42b032fb93ffd6e62a0b91d6a18fee7bc93d6d3255c82191,977.100000,10
3,eb6c26ad8a7d858d121797ca7ac054c4fd0bc3d17db2a845a6824d504e25b4e6,1229.800000,10
3,2de1b201c317dadd2e343aad139d2f9c2c1f44d65b2a51d3cfbe5bc29ca1f478,470.800000,10
3,604cbf68f34658efc8bd32aad6003d6968ce77f58513af57df0f05a819ca3350,824.000000,10
3,6131f46fa8562ee15fa807107766cd42acc57e03c62c8e76f4af00a10dd0b3a0,750.000000,10
3,f44e2c3c5659290894688c0c12770aff5ae34e83defa7ff91201328f4d8271bd,302.100000,10
3,29094b83344a8f9f8dd145568bfc3059dbd18063cff1bd858eb28266e28e2193,847.900000,10
3,5d0d1e9a9c677cc21c190c5971acd474f0730d56e0ff0c943e989d60edc78b9e,1173.300000,10
3,c2dc225f53835aa55b9a45603d096d11a65ac871a44d60f4e7bbc8d9ff285f5c,906.300000,10
3,c71cee8ab12eec243989fb86b1e67ba109fa2ff7abb3a54bbc6283f0e193f0df,305.300000,10
3,9f0cce6b348b721a90259add19b8f602d817ebbbea75e7a332eec9f4f7a8657c,1383.700000,10
3,fcac8a9e0a09dd8e7c8a4df9ba52dca9444734d02fcc63fe7bfb8d0de83305b5,774.700000,10
3,075a8bde1c49b59cbfd1bef9f9d1285efef735270ec136f60745bae2e9ce2b89,822.700000,10
3,e9d0c66d0c0dcb68aaf974768a7268d1895644b285d234a73cf2c5e022fff669,661.800000,10
3,be1666e1ce51d00af7e057bb7a57ab466907ae605477b5db19543356d8c341f2,1184.900000,10
3,48830b00c4d7a0c512f03a2d6857dbbaedc5dd92ebd659309eb7ffe0c0582d7b,1213.900000,10
3,6e883a359a38aef4b7cc22edc49db5841e16c43fd48baf2eddc04620cef4d7d2,1245.200000,10
3,080fcb1dcfcb611a6d3d4885a2a2f33f477f5f2854a149b286472b01e58e848e,1193.200000,10
3,da88a9f6eaf2c86c0ea5b5a7e338bfdd9b15b1dac1ba904c5bdb67213029fa0c,962.200000,10
3,eb21d4bb7af798ff5f0e5c36520b7a33168ff4221d3bc0a0e670d4f5e02cd7e2,1260.600000,10
3,10427f1f7b8d60476e2e091f5ef27e4c450a0fdd06d83be1481e19175e02cd3b,809.600000,10
3,758ff6e79c26b7ed2776788d0bf1eb2f6f6e88527c1a3d59c8a7f905a05e62f6,691.600000,10
3,14e51fa255b17d7d2c74991dd8d66ed886a9f38c21356c9c00f9b9dcf3cb7202,644.400000,10
3,73980e9bf1a9b3433ff75912138848b7154b006cea82dd3cc4e9225c9f182265,641.400000,10
3,f16d49e3f4a16c65a6ca7f0a85f1f0eea1a08261c4ab0f86a01546e36beb6e26,1163.600000,10
3,e8b8cb600c7a65be59929e59d92a591f7757d2abc95446f401ea53b7ec15b0f3,437.600000,10
3,f6ed3f8f6b0ee4912b673e4c6c812bfc5cc5080f9eed9bd394c07983e55a1bf4,416.600000,10
3,ea9509c11d162871a2c58d9d2bf51ef7869dbc686a0770fce14d28a74e260ec5,1354.000000,10
3,a0fbd9f9b0866ca6b48ea044d40da0fb4269a33d8d05f57a89ec4962feb88aec,577.000000,10
3,91feccd70a87785ae661596fe4a0b4b3864314c9aba37f603c3785acc69d561e,470.000000,10
3,b8c055def363aa3cfb06b8d659cbd75da64c6cf68bdcb7a5cebd638b20a8c6cc,697.500000,10
3,eb284aaa9cffb87827b8cfb3351b0bac2a21c3474bf37992ebe9498e36bacd42,727.500000,10
3,60436518a9cdea8015722a6ab5b6c5f1bf00af379a8b83c009893db03a36ceeb,548.000000,10
3,de238d2ab71d08cc5e8a3928ba257d5bce7d8b33a0ad0ca4d9cf68ea18137b56,468.000000,10
3,1474b6f9ee0c4d143aa726a4a4584be4acc9fbe0ec6c24676d5f7d1bc57dc8a2,943.800000,10
3,7ec20e06e2fe16710e82b58b638c087c41f3e34e65f62f88714f66b10307180e,1312.300000,10
3,f70428ff042a671d40a404d3a463a3ffac397f67be52f43ef60dac75b0c95ab6,1294.700000,10
3,aa1195853b20f5748f63c50a57226eceee8984a52f9dbe141c7e1c9dea81a8db,751.700000,10
3,8c79fddb631d8067a2983689e3fa7f2c77d9dbacf7de4bc4823d3ae0ae8e32c7,445.700000,10
3,1a6452ee5409c91667f89d013b115066ed09bbf3f23557a133b6a713046c841a,1200.700000,10
3,163c160e0785889034ef92e37f03f2d1f17242401ffc46a0d4ab026227fe0a8f,1000.700000,10
3,9b4670d7121998f20b9d25f752c6d9b8ea7a62461ca4d95e07005e1990f672ef,565.700000,10
3,869d40f024cedb8537890844880fa31278a10a13dbdd8d7f58c75d74c5f53f65,1350.500000,10
3,274267afc0d4cfa09e94c64d8c4f425985416a6da71053d1f4c3309c46c46f07,1229.500000,10
3,0c0b3b8be994dd8334a3fb861fb720e1840abc8061b37cf2e5685005406c4a82,669.500000,10
3,1649aa81c4bf0c9c5e665afeb169d0cdc6625178a4a56ef53841330abdcaab3f,1054.000000,10
3,7b8d6fc07ee681d3a714b11e3eca77b7b9cc46d467d7592aee0aec11af5bf95a,992.100000,10
3,a843aa9f2bc1e5dd612991af25ddd6581e5eaeff3d845a35b00958be3b79cde5,1281.600000,10
3,2440d4c96d8aad5138cc3f340aced77727141e14a68f59f7d5477ae8296e4343,1089.600000,10
3,a12d3ae66001e6db092328caf2def073e41dfc67cdd2a76a98f498dbceff9edf,1153.800000,10
3,240afb875a55fb2d0081107d5896fd871580030db9e7f749610fdc7f7813ab4c,959.800000,10
3,efaad538a750d2b7cd5fda32a5305ad88fd600a554e6b0d3fa65ce942763619f,965.800000,10
3,46318a92cfabbd9f6b85f6866d7991dd59de6bb66b6389116c094823375ad820,404.800000,10
3,8cf8887d69a1ab3b1be6dfe76b3dc369c9598933e7a0cca1118a9f866ada43aa,1238.100000,10
3,9567b8949da4721eae5275aedafab4a49a204fe0d3ee700ea7004ad0e6bf77f6,834.100000,10
3,d869527c0cdb46d6c9398a53c405e239180e60450325c22aee3cdaa2b9990ed3,631.100000,10
3,adbac894f8b046aca9955d07eca58158315cbc21b965416cf871b9944ad88bc1,939.300000,10
3,d59ae7c6b59b807a450739c93c86ba63e656ac7d664addd440cb2932834d7ed8,1379.300000,10
3,59d990f186e133273d4323a20b21c80c08295f96ee9c50413c0a41e7e6a0ec27,1431.700000,10
3,fb5793c1b04997e88f8cc89cdfa4c7983d094e9a462e00ec3af3abd95f1256bd,811.700000,10
3,e113b79b789b8ce348dfe34bcc1452a09e1cf00cd690fbff37028773e2a9f312,1089.100000,10
3,0b05d4156dac301961213b3716e3cf0b8553f79a47b1e9071220bbf9819a0eb6,887.100000,10
3,2d6b829d833c9bf5e2a47f3a1a128619d3d40cf7a748d2bc4aa4bbeb3e7616af,1291.700000,10
3,4c1467b4550fb96d733734415e1d72911aa4fa151cae3a0288b2333413773614,848.700000,10
3,08c96b0bdb2428c20041a739d64e29dd42533fab2c0ee8efd7cc957713a769d0,838.700000,10
3,3b9b0226d6d8b9adb2fd63a951ed01bf9343a736d4f57f55057dbf9af31a1a11,1509.700000,10
3,0d9754468fb1316f1634b8d02425ab1a59c1487d71afebef8166e8b9ee39ecf7,1469.700000,10
3,f2cd9cf31dced3e77e732bbfbfc1473f9d5b3d97bbf827c53e90e634539b37d3,574.300000,10
3,25fac4c4d4d12534d93c96c963d31261de4ba0f857ee22c9f6225780701d87da,942.400000,10
3,6874041058affacc3c930dba6925a7ec992ea08a7b4cefeb30836c4f29886bbb,1276.000000,10
3,a6deb7321947d5e803c5f2c585ba1d2b640a9d21d6cf0fbed85ae972198ffd52,647.000000,10
3,e95c746b2b1fe2484b936f5079ff2e4e9a8fa81ae680097082e2f7b121e49f52,480.100000,10
3,cec6d48ff17e93793e57575c41093046330925cc204e87f3bf26414f30a4ca7a,1312.700000,10
3,7e8995d91e37ab04dea9c7c4ac31cb3e1a2a6e567998cc73d9106fef57d78e17,883.700000,10
3,3906d2d88b7a992fb035eb0d2cdd6f26ebd4f48c61371edf622790ea85566b22,1229.400000,10
3,ebf3d5384ae0467734676e0868166eef17550e39fe23baa6fbacedaa0709788f,1207.400000,10
3,26a861840aac84242af2c52da8428efcc183229851d51cd242ac773102efcd49,1187.400000,10
3,f2f4e8bbf60752d37a1141f7a9bd349386c347be2e4dc4dfd8a1fd03e73209bc,904.400000,10
3,f9be9a4c336c48d57cf5ba9b8ae72efb4943ae60d40ceeccf311600f2c5ccc22,792.400000,10
3,561beb0cf5f51095b664ac76db6b39006ae4cde9d4ffae06ca59a8248aa6cb99,1302.400000,10
3,2268b2c8f04e683bedb1a5afd4470c4dc86a83601a1a6881237aaad4e27029ac,807.400000,10
3,7de68a4adc6ea8791fc28eae612ffcf52f8e04c62bd4b8b89ac5faef4478af9e,792.300000,10
3,f428d0c958bae038ab9ad282c12e52252ee6cd1784110dbe4455443118dfef3a,393.900000,10
3,3ea54d5e7a4debb19336c4af28b330be65b97a9d041b52ee9f46614e5c59080a,1000.200000,10
3,66d8272675215a513b31423f517a1e1f2380e1436e3a977f5ba73c1bb5ad42e3,545.500000,10
3,f79809c31853e89de04a50841e2368ba5d4283de737e2451d5661cc80767b43c,477.500000,10
3,58a17b4f675ddd176c7d8290f0d6c57e02fde6081b7c69d711942ddb64e16b60,442.500000,10
3,914723ed547f471fbf740a4cc8a36dc3ffaea978aa040c4a7883360945a46cd4,1137.400000,10
3,86c126e63e2fbd5f2b1e6ea836db16f6f22944f0f4d79edea5b7148149916800,907.400000,10
3,03a81ce14e9bfd569f9beac0bfa358711f4a83ef2263c0840f160810bebbe854,650.400000,10
3,91fad695120041fc1876213563917672ae7473cc02cf24fdae30f010acc153dd,974.000000,10
3,370880ba4dcabdf15e6da673bea1bf156fb356d9a1ed0bf19ace0a9cb6527471,748.000000,10
3,5ca9e3e7683a0d52197c433bb16cbf3d0529a6303cad591450d69bde0a5d8fad,662.100000,10
3,8cdc4734baea79a6739d4f5c98a7ab20e4f4288820a2d04f082c3435867225d1,860.800000,10
3,0052b30d45242e0e99cc8ffb7264277032f600e89eda08ef4ccff25df947f44c,1235.500000,10
3,bb5ffcd2ab37231e61bcda7d27b71a2e0f09953ebc7739dad8304547633be658,1313.900000,10
3,50328e493bda92e89aba3836ba5d28cbc62ea67edbacfb57e7b6572158c708af,793.900000,10
3,963a85ae4efe7210f3ac3ded6083834a1f5305fbb3be8c6480303b41e7cde141,515.400000,10
3,3e584f6d34f692ef33d8f8ed2251435d8d754e5d48594ef38352ee136cc20744,1221.900000,10
3,b697e1885b98db66bfe13ed402ee9fb3d8ab25ac56ac7ebdf5101348cccf9452,1170.900000,10
3,24d25558c37561f34aac743ade175a531c8c452a3893010d1bf0e7be1051592b,954.900000,10
3,6268b84d9dad7fcb54a8190f4676901de68bd7267c54f04755c30f38f958a093,682.900000,10
3,928636f40931d38dca1a7a32ebbd9f063c88e6556e7e273754266197082a1574,726.900000,10
3,5c5e75eb4af99649ace0319ef02c8db49c4c65ce5432afc8f1c3bc7bf09a3f39,1154.000000,10
3,9d4b306ad48e91568070325b2335c91f2ee518cfc92926c12cd81966226241ca,998.000000,10
3,955edc4a31b668f05abcbd4ba9817ab20239f03151c9eaf935494eb8f2b667ed,796.000000,10
3,9fcb3e9d3223128eb045f9d6196057973288ab3bd83b8b561199bbe0d264e319,946.200000,10
3,e9ad1bb358a18b1384ef8ee2fe3a8f8c71f0eab5b879092ce7d4053e8e809a56,965.400000,10
3,e61fc611f1414b7f41b1c99dbb51bb2aea5aa2c3fb5d329fe0db01d10000f8c1,514.400000,10
3,57baa34222312fd544c26d720d1fbbdf99f936c0d0d2b5161eb13c37644d8eb5,676.400000,10
3,38a10adf04c40350d4f5850db2b6a712aaf537b2cdad11096c4620310fff653d,594.200000,10
3,00ea5533fde700c55425825b3af57ccb3f708a33abaa0d0c848395b363b56b49,535.200000,10
3,79b8c7154e13f75b6d5c0ce8e50cbd14cd00a013379c4eee614c08f0163df91b,1293.200000,10
3,9aef2d7e8dfc2aba692a71e0aa5a390d5ee3d549a5d0bacf037efa2d1316e5f6,842.200000,10
3,e0cb9aaeca2ed93d0eb27fe56cfed68ad7dad8dfb7df73d1576ee9a7f65ab5f8,853.300000,10
3,015e9827eba472bec2bd417c8fe3aaf0c3bd03984f56a543447416362fc8d506,486.300000,10
3,647d640e734bdd124de380541b2f5a2acf5dc55760c983fd6157339c2d0a36bd,907.100000,10
3,aa395c79dcb68d6cd0fbff20661d25d9ca6eb65f2aec3cbd2224a8f5deb0a97d,456.200000,10
3,693512b05ddc68cf0903a36318ccbe5b17ad8eb4ef8b0f2391f52a86342e502d,898.700000,10
3,6db834f0444eba695a5ba5b3ee38a901ff6a2c97087847f5f415a9229d496136,745.700000,10
3,7aa4f063f7dd8e691e927f0d5874119ee5422c963e183eb7425003d7aadbeac8,1219.400000,10
3,e83771cb0141cbca37c176436f0a98fb1a7992945343a1d18c66f031f78e6cfb,1288.400000,10
3,c205f1ad15adc9eaa02415068d93d1715d125dfabb27e8fdab267b76e430d1ac,292.400000,10
3,5f257df65b35de39277d7743bb8f0ad7d64e8eb83fc3528bb5a49022b70a9afe,1020.400000,10
3,03531e89bdd68450dc7b47077be6b2db229afb74305f1a087a8ef6e4a807ce5c,807.500000,10
3,1968a1eafca8bb2fa421dd55bac74c572a93301e993e9f6c70bdfc4d80a95b7a,1464.000000,10
3,04766459c4c9a5bd29fc9b8d7552bcf289c6bbc3304228da3e91b031ab34c955,1193.100000,10
3,b6a2291e41e7af2ac8a27237d2b5a72d2733af294735b86a915bacb9092fd1aa,444.100000,10
3,5754dad201b832872b3c8683f4949bd52b90659a76d4dbe88042bc3173f093b6,1102.800000,10
3,4fee191024ddc70a8f5f143ba002484568ee5d1b5cd11a958a752fcd4ece8f6c,1095.800000,10
3,c83c7a2bb202a0c4fa76596a3040aa4205b85b2177fd01766594baff3b3fcca8,487.000000,10
3,9aee4f3077ad1b222163bfd5500255f60905386d77eb84bd0fdc3e2c0b41215d,1237.300000,10
3,6f21c093f80b46439b2d80d9918e32cb36c987c3b47fd0799f24d334e0bc1d6c,606.300000,10
3,701e3851d5eda7ff4b16bd3cc50127868243fdfee818abdfefbaadb9fd8a39ed,1107.700000,10
3,720a8aa1034465e247b86b70886484898cc3b6f7e9fdc517bef7d9c5da7c4b3d,431.700000,10
3,ec8aa89256ef363e0520166444622d66fdfe07115baca357831633b0d814aef7,528.600000,10
3,3b5fab13fab079ce21cec19147c248ec605bbcb9cf2e8dfc5b4a6c25ff734afc,932.500000,10
3,c74b6c069310df43cb028894564b97e581f5e728cc79215062e5854c6f987aba,868.500000,10
3,82d2782d3bf9b2eb95faec46a16258ff313761eae69a3ddc76a9060126f5fc90,618.600000,10
3,a98c144372aaf4a7bfc6479fcd1e8f31ff59e0f74b167a8ccef16f999d9ae256,440.600000,10
3,73a13f548d932211f3284d04a86ea0549e7f1f336fda29570c9d45c37bf3c8c3,779.300000,10
3,8656e3fa2fa7794bc4579b17385dd72e33531db2c0942920a0ed908864689a00,722.300000,10
3,359cd80676d83bb1b677f3b7f83cc95be5dc70da2100002b14beeaaf8d8106f9,274.300000,10
3,fa021339e7e2385582f000f06b13588a0d9fdeb5a62ab5e556497b32dfb23f0a,1203.100000,10
3,62645cfa780a4266101a0c601311c8c2ad95058092cacb1bf7e8a72332a37f4d,319.500000,10
3,f5335dbdc7aabc48c1a33b25a000f68404e7890400f71639dd9b34e94956e69c,976.600000,10
3,1259e880eab69e59c52121bda1191bec1f52d7c4849d138ccb0c2cc26b6f5d44,1024.600000,10
3,fc2fc03cbaeb521dfa9d8c1466bc109f89046b81cea52c5e1b5ec409062374f4,603.600000,10
3,3e0b287758ce541e01b3cb386c43ae7aaaad6b4b3bd805f9ded2183ff89b9512,574.600000,10
3,6fc44d381a325bbf4f35dc5dbb9151c873004009391c622f6b98e42b1a8d88e1,1429.300000,10
3,b6db75825ccb84a40456149167d1b03b83eeedc3673a0b8715b778a181beb60f,1241.300000,10
3,c37e0373e093b5a7d3b595f287e8da3fe9c3458c8868b174e5532457184547ba,1167.300000,10
3,346a5171374d9334ef34e7de57f054e9fd75c49ef0df102c8a7f76c6bb001992,293.300000,10
3,6ccdb54d87208a73c42e7d6f79ab6b5023245d1675739174d177409a95d02334,460.200000,10
3,99c07bbc237ba7f893e9c55607dd3d3bfeb0cad7b7285b7ab01a9aa11146a833,1378.900000,10
3,86f32cf723549de4ff0494337edfe0ee9b41499e99a8b9aed8bb032c07d52cf3,652.900000,10
3,40a8bd20071cbf4f4e560e8cfa163d9814187f94ec3d8ba6cb45009fb35b1f08,1205.200000,10
3,65d5e2f51438709595ffb9652f02b8ad85f3121ce1d80652bf5648d28527bea0,1042.300000,10
3,5b6396b9a525586efcc600a44539fa83c068c1bfb3e8aab6a6dd3861c258edf5,967.300000,10
3,f5c88add4325d6c621d98bfdff1fad0f911676417a16b491aa78772c4ae996cf,792.300000,10
3,74705a1ff4769e941eb65e21c7c34fc24b8378cddb13c20fa782eded41f4df21,469.300000,10
3,4f0e97489151aea8a673b7774f36085bb723206dbad90ab3112e4850986ed5d7,1187.200000,10
3,7d71f74040d3cb0f93a2132ea87fab47cf6c77492266e7e7f104adc17774eb13,730.200000,10
3,b7aa2deebf57573fd496785c7ee11c2d49483eef4eed0c2ef6921313ae3927ec,804.800000,10
3,64899766bbcb85346012fb03e78d29d47de28474bfd4faa6c838d7147fd9e3e3,1246.200000,10
3,067ca99612571c18f1bbacb801cf98a60c346ad0cdac92e139b9e2989c2f5e9d,897.200000,10
3,004e1bcfc452c24fdf989cd63e9f24b7b17ffb6cfa1c00ab9146eab75ba72fd2,1061.100000,10
3,a69d6064fdde1250a960c6c26ee03c59aae38d5fd463615a9981721e0d610917,1018.100000,10
3,4c34d4fbf038d7b96c74e430f8e49e0e34fc9e1cc5cb1ac18b580cce13197ad9,937.100000,10
3,ceed4f09c9d232363807a39cd17d6d7609cfa0b0340dc778d7692dd8770c5d25,315.100000,10
3,d08dbbc54fb28d33ea679c93c34f5eb4334d9240978071c17213b4fd21ed3b83,1272.300000,10
3,9f12ebe5cc7fceb75c00334b2302d28216b3718495a4a35416a4cfb2715703a1,464.300000,10
3,227c64baea7c99852dff2836030e810e6724bf35e038edb16af44062897f3472,297.700000,10
3,f70f80f13e77b7692013c6460ddb723aecf0956e48681000464ac56e59079d72,985.800000,10
3,95154fad3649d8d9d8be796e168642cf3056b9922029868a8a7e5a5811fa476b,664.800000,10
3,8b6029bb54888ec2b52edd8691a94683dd16b7b634557473f608b6562d225200,1147.700000,10
3,185c7afe7f3388e3bf58b717001d6784e99986c5aeaf3def1cf7fac6247b6a66,977.700000,10
3,eee3a4e2bdb2117912b915cf02b2782f479d2807b0c3ba9dce79a34593e88cf6,310.700000,10
3,9f1fb9dbba916325b2e906f734f0f4e69544adfc488da05106752b334b263089,816.100000,10
3,d6a58996e3c09586577d4b555bf77e9f8a03fae60a7fe8dab525e4980ca09bc1,620.100000,10
3,08eb4e4798adc0a9f838fe002684998e672dc4d47b72e965283c664deef47258,1139.000000,10
3,7dcf4de1713c1fc5c96e990240a2515f7a7a9ebe2f11205e86f5c328f3d9e69e,623.000000,10
3,ffafbfc0d517d472163a587c831a923f6a89c936673ba0317688f96d75df1561,952.400000,10
3,08ba349cc2eced0dbe743599b42fa2e66cb6a90229d1e7c6109e257f2d196885,708.400000,10
3,192f32339ed063183315066ca3b9a9afd30395d462ff3a9a5ad22130abac05b0,791.300000,10
3,5639cc8e4cca18d548976a6890ca0117d224b47ba0399104c3dad86fce99c495,1445.500000,10
3,b99999eb2160713fe5db87d9161348a48002c01c8ed74e74eda816df097f3021,1342.500000,10
3,f14440a48bfd6361ef77ee82d6471f9aa7aadc40064fc9c88d2c644ece546083,870.500000,10
3,aaefdb8adc3fa6379e214e4bcd4df8412bf06ef18e891e8166312b235ff43e62,1445.600000,10
3,c230a4b51e22fa64f8178a01b7eecd31d03ce494530f08146acf3263f64af680,1406.600000,10
3,2fc083003e62e84d45e10fc6972bbae2d4508298cc0961266ef941ea616da9ae,1362.600000,10
3,de4947e4588d627ee5a3ebc6036f06e207f51c07ce161f309e9122e1e5a0e4f0,1136.600000,10
3,6d89cda5646e6aadf730e0d80e9ee58813385f0222c7350e8d3902091e155f7f,701.600000,10
3,5cd425a4f5ede09c057bb5bc92847fab1abe242eebe43d75b92a3f6aec34656b,437.600000,10
3,81ca940fba459faf9cc4a6ae5ce139a5a965f9a86e919b2b11d76c0e54654b1e,1107.300000,10
3,6ef9dd5bc8067795e12f8abd5c6278b9c74c3d0abdfceb0497a3fb0b018ba385,860.400000,10
3,4a193bfb0c9f0c8332ef116ee59ce7878ac47c181165e7f7a4ae224c81152698,494.400000,10
3,1360e97bdea6b924d0c30204760dc5803023b8ecf07b9e246d58e44ac45eb5e3,893.400000,10
3,45c4556097fd0518c039f154e9284b641b62898e46b8bb249cbb4a0c24f83e03,1186.700000,10
3,9678e432d837e374bb8b0502e915ee533d9a374f359d8847ec9c21fba7e9b4d6,1141.700000,10
3,d970da61a51f17cec9eef00d22a0695c52f9078018d70c3520e8f71c20e219d6,1189.700000,10
3,3c265fa56d974fb1112a016bbdc00d785f95d92e0355a757822e027f4d24f156,837.700000,10
3,7d833bef278f0ebfd0faa1bcd0b94f278eab95c7af726f6e5e68ceadfc81d191,730.700000,10
3,b3900f293f8927a3c81deb2f5f840a1ccba5ba38e001cbe0b2696b7d1aba6544,398.800000,10
3,323f4fe6e9c2037e888bb6a1d9d594728eb387f6c6afefb52ffa20a99b573555,351.800000,10
3,e68ea2ad9e58e623a2fd0fee4c38bb32b65fcdd3718841079741e98f8f03de47,1250.700000,10
3,307cc3e815ba9002cfe2e8aaba688431f970487d9dc83688fdefd40a71ab67a8,998.800000,10
3,2e6f7baf48c33f2e97f62c1782d311c0c1f20f7d276382577293d2bca072f771,796.900000,10
3,1d68afb20d51244bf519739fbbaf0c3e1a0ad2e66acc1ca56775d8034875e7ff,384.900000,10
3,77f59e1b9ad03628582975e231b6e3a7e116a16b49e8b68d6b8419b201022b6b,1096.700000,10
3,4c5f35decb903961656cfd08c8867d6abe48b9dcabb44242435527ff8ab4e596,952.700000,10
3,106ec2bd27e522b01455952a1b8795a9643921590d0ee06834e5828c3715b07e,766.800000,10
3,6d6d53f2d4770995cb31053b875328bd1990ee8a01290cd1a74c3c5180643f8b,503.800000,10
3,bce09be8118d9a389d46a7ecdf9957702e3020411f89dcfa8ade7c190ac57264,310.100000,10
3,c41217ef2503ee077b11f865397abd3ff33ab2952de69a37d15424aa2648f918,1225.700000,10
3,076c892b079d1833a5ed74e13aa17bfbc7a60e2064cd20978141d1b2186ebe0b,1248.100000,10
3,93d68c01b30c1cfcf1eb7f612daa03fd1c9d3fd8360f3dd4e171145f0a2cd4c3,1222.100000,10
3,aa8475abcd28d78353c750da55679c647d1da21660c6d9aea195115a01b6a6dd,1176.100000,10
3,28a140f5d0f0dbc4e55f66d7e489fb35b2f69c2774f993c4d34d9445006c92c2,707.200000,10
3,f5921ad417728ad24934fef42df98ffd228b1454c65f637ef3e13f4f472ced60,699.200000,10
3,e2f62e2a6acf5f6ff82a8a6206616f9bfde0494620a2e46f96c00ddf6a2c0ce2,486.200000,10
3,29708f04e05f1a04fab264419792a0c074e5a4ba0ffad9bac62a65af7d43d4a8,556.500000,10
3,9fe0e00756a2bce64094baaa41bd33ba8ebf6f609a0dbb16959dd21ec5d0fd00,1119.200000,10
3,24ea2bcd08f9ac8f6e96a32606c68608d0116dfcf5428e54cadfacc85f833e6c,767.200000,10
3,7effc43acea5cdf5737456ed72e43b793a7110817d411160a62f53d75b0c5c6b,426.200000,10
3,3a41ade42ed9cc9595f7d41ed8fda6e435fb9f7071e6d9f1845554b0042d4bea,1330.300000,10
3,dd5a1a60401758c194454c3f37b8ea37f596291fe52336e132680bca421a7ec1,1251.700000,10
3,d7ab9b0d91567f406905958bac30f822b2f4ea94fcaed824b1ddf18acc97a870,685.700000,10
3,8c9d0a8bd5e3ea03aebfaf3b417e1d1c27e4da099ffeb6812de57f3a510dcdbe,1043.300000,10
3,3e00bd14e9b43aa20844377d7d78dea6247197c0d2cfd1c5a1278dd8f8316d09,1011.400000,10
3,329730171906b6ceef4daa1f4bd1262a6ce70f3d5e42cf8ef50181f70c17da52,1035.400000,10
3,a1a19fb4e4b285b89c05b75b5974e9f7303f34a4700c5ca120dc4ec20a4ebd49,606.400000,10
3,acf862af869d2c03a2e517179fe75a11ebfceef0f4758141e21a1a67e66f7ed7,1096.300000,10
3,4fc033ae8542a5e81dd0d76215ba4ade96261c25499c9816525688752fd46eab,1305.600000,10
3,f71e012faccd369fae36163faf0fb363d80463cf917c47ec3f52ff2a90d3b65b,444.600000,10
3,d936592ca1daaf6f965356cddf9bfde634a549488ec4ff526745ff4df15aa4ec,1106.900000,10
3,64592b9b083e8d6eb17029b70bb45eb720f632af8ea02d90e39381092c57f4c1,927.900000,10
3,c9b417e894bbf1a31907ed3112e1886572ea09e60be661f33601745238a59ae0,501.000000,10
3,bd713862d55068dc9cf721af87355b7c3e7edb6ef0a62c8f3fcdb13bc3c81f52,987.600000,10
3,ec506b0843cd8451a97e7647f65ebe5b8c73de26cad20baf0aec80f987df4328,739.600000,10
3,10f980c946dcb40f374c3b8749ee9f8ec5fa4ab60b2452fc3e6e01585629234e,845.500000,10
3,c0aaf359b7d4d0772653d9449f9dd76135143608c359ed6857a152103f096b26,772.100000,10
3,2445aad167cf6b4ca5a674ebfa0f3ee09a361e0d6bde4ea3831072b9756b3dba,1353.600000,10
3,fc08e8ee6d1a1dfb560b53b2fe274a6d17b71504473ceee0446d70a82accb5da,806.600000,10
3,92bda0327becd53f238cc17edf6c5b1077f4f43d04507714f31171bfa3aff2f6,924.100000,10
3,016a9cab68cb385c210a6109ac51584b60481f16b42886f06a15666b34044f7b,443.100000,10
3,ee312e6e79481809af6ec9f78a0b762d5fa1e1fbdc2c69f8215c0bfcda45daa9,297.200000,10
3,d52e62ca8fb28ac5930165d91e486e996ed2d390cf881bd7bdc04c2dd15dafd6,1627.600000,10
3,a6034d477f4ef1fa3c0b48ccbd65fcd424af01f58a34cd98e0dc7f70d21ce9b0,773.700000,10
3,fd245b5d416df91ad6e819d0944f37d32c1393b4f0a32cc2bb9e3b78be062a48,1235.600000,10
3,2a6ef8d79a4bf036e36b15bf2dfc8c5f1873e43853c18e9ba7c190b2358e8116,476.600000,10
3,fa3bc03e2c2769d136dd93f0a386ce4bed890920d1204a23a2248da28f39a9a5,1050.100000,10
3,e01fcdc5c2264f71d670e2da76df543d5eca3963635cc0adcfe6d4aedfc36d74,1111.300000,10
3,11d8cc05e78facc6989dd3b344a28e5a2255e7eb59a7658bd49490aae0fea8e6,602.400000,10
3,9d1c8ef5860c56cb12963a4c672068d7a6a643d8a056510f01ac995103e9a3d3,436.400000,10
3,56e2ef36283d4e0b0d7ef2d21e45e19fae7886af3836d128935911098c3a0d8b,1252.900000,10
3,8045f3483fd2e5fb4fba483c673037d982c82ea9e30a5c63d5ae1265aee9aff6,1248.900000,10
3,2d88ff11c5cfca145c11b5d2c999e773b4880acd7919feb7fd3fd57766a53ac9,1044.900000,10
3,6860c59691edc3207cbb024f485b02a82aa3c28af48ef225c50957c9bfc5396c,876.900000,10
3,1b8931c2444f6fcbbf720d9e2a09e1412551e4f2e7d3509ada638df142e1fd8c,416.900000,10
3,df15da95761324b95d46facaa777c3bfe1358be6bfaa2750d2f73be5f8dfa7d7,360.900000,10
3,82ec8b784c3acf40d604f5774fc892c7b71b3b1f77ee02ad873e33c9f6a362c8,592.700000,10
3,05a24a1b81d24d0f6b914b778d3ae9fa2b80e123dd44bc57f7157c73b57d63eb,1153.000000,10
3,05a3009ff0bbc92e0c24e05c2be61bbd9056e0d51f857e54ee1ce31058bd7b86,1088.000000,10
3,4decdbec2d8bd9f7b9f2c69e4712fe8ff5b9af388d91d700ac6d84f73a6e7d85,928.100000,10
3,515f88603ec9df915001e2a7ed6abd382b629e4145391e55640d3976279b5eb0,964.100000,10
3,32639ae959f673a56d5f90fc07873261f979ef9bf7c41fdcd2056b3d662a3e4e,628.100000,10
3,e3fa3fec67a64759b7b6c814ffe705922c6c26a95cded6138d3a4d27c9b9fd3e,733.400000,10
3,fe555afb6b673ec6352098c5e149efcc8ad0243528dcf506d19b15474be91a3c,715.800000,10
3,feea5f5a9dc1fc4a1b934cdf271fe0fb7d7bc550b0350b87d9c25fb5f5b824bc,668.800000,10
3,4cd2431a300350d3107fa2947f16f8bcd2f157ae8f22d12f511e00a2c012df49,1069.300000,10
3,43459ce777fcef3f316496dd24f21a21fee6c0e9b03e990d7dd90a0a0e7905e1,856.300000,10
3,a02cf8baa35888fe51f16d69ceecde8c580bb1d29a93cca2ab16145d01433cf4,675.300000,10
3,835f707bd443b9ca666dd90de295d2c5d8f422fc1a76e48f23dc872d1dff005c,1179.000000,10
3,780ddd3086ffd577336c09672ed99d90ab55d6e92981da270f0c0eaa922ebe67,1009.000000,10
3,66c393a761ebaac49b4b3302fc5b90acc98eb16545299a21b0b9755aab8061ba,1005.300000,10
3,1e0a00f73fde9881b386592725a35b09b40c38ce906f300d4c40d57d2e10f425,977.300000,10
3,18bacaf9051d993efd5c8e8c7abc5f0001f1b4c1bb6b709c41b970cd2af123d9,692.300000,10
3,8855c6cee9ec2fd75229dd00a2cb719f62ba96824faacdb7a52889b4a72d6913,1382.500000,10
3,03695af5e04ae83f0f4ab6d8fc91a9ff681c965fe7286652bb2cb4f5d6dbafd4,1166.700000,10
3,81dc675bf8a8ff18be8a9ce00d1c443811c9383ad9465026f41821517165ec6c,1326.000000,10
3,25ad7d6c1699cf0c2526d09128c26ac3d2aa12560b38897f1e5ed5d29bf0d722,585.000000,10
3,6a3a9446c9a0f93fafafdae5343c5ddc4ada96fa01b72a54ae869515836d20ab,445.000000,10
3,e5abc811db1176cce23844ec3e3e770537abc1b9719cde7db786a938d05da17e,1382.200000,10
3,3bad105c3f3ef3b85b47f53a5b5413eabe8ae4a131b0e143d412b1fe31ff19d4,773.200000,10
3,a53760e536bc911b8ca3bae1fae5964608e7d6d9d6f05baa520e43f11d443c4a,442.800000,10
3,4af1232950982a06ffd885c8c30a09d1e4ce83dacb08481856a854ff38d37d32,1111.800000,10
3,2f008604fc8be26756ae52b058b54090641e86212a3ab58d2f8e747f327c6db0,1033.800000,10
3,19a670bab0620f07998450ce19d7f99d0966a3b6c81024faf3e10f788d1b1dd3,1494.600000,10
3,8e19a908b1994294b62d0f148e878479a4cb0318507717dab5653f407bbd4f49,1093.600000,10
3,6b1bb58b3ce3548f80d55138207410a2724d3ce107dfec44cf09320bd2e98117,929.600000,10
3,a77324e6a7a47f8c11aea181bcd190e59fbd9a41ecb588c7f6cc9a62db07a51f,455.900000,10
3,e3b0eef2629f20cda7ff0c80833e37018ad6515acf2c70820eab8f69a131c668,436.700000,10
3,bcc15b59cecf6d2bac510ee0478c5d49e19db28daed6a408f73d0c08fa27462b,982.700000,10
3,8f1788fbb6f490f54ace890b10b49ba72aa4559115266d6db07edfa76964a173,648.700000,10
3,b208b36eae48108f835abe5fa005de9c2a7593bef5cd8f45e111456de50a7f5b,712.700000,10
3,4ea7d1bb47db49310665ea8de64a3e87068bdbe3eb09682913c695c488acdeaa,557.700000,10
3,9ded80ec7397863f7c25d9728452165b50929cea67ce7ab017cb560177bc321b,555.900000,10
3,c97635ceab473a1778314cb396d1e278ae8771710b5145d7265f151b3ac5238e,473.000000,10
3,0cdeeb2e0ddfe133b5420e6e3ae8a61c73d420a24227851a94bf99637b1f8e8d,1030.500000,10
3,a079b571ad9adb03d14e1a2f8e8580aafb76b5f2855411110ccbfb5186133058,717.500000,10
3,d354d199da1c054b6114a41ac6a4b89fb2cd107375f8059e0b3bee15a63be031,1319.800000,10
3,6edd64b0433144e89bcdd9390b693168a1bfe420988105c5ef92894a9d799e8d,1145.800000,10
3,9be6d110fb45e2a08b64c7e9a715f411a8cceb46effda3c1569fc09e150dd8bf,1064.800000,10
3,5c949d4e81b8c8d5b7e6c59052776116ff490f39738b8b3450ae1d4abbb3028d,531.800000,10
3,80d7d580e50920961185a759811e8e4342439c1165580dd6d26a6b3410452024,624.200000,10
3,030fe97f9e6bc2ea0e33b666b2b65c560b04e6632dc63fbc31f3b331da224b87,1069.200000,10
3,a16e6bf1c6bd1563824d408973d3e7f7dede79c021425fc7afb9b15f5589d34c,756.200000,10
3,a9d9371097291dc7a3f86afb9f66f95b5d126015249c056223e267f8fbea14b1,1240.000000,10
3,3ad6e8221fb35641a9549b7562fac6478320ed5e20b6c52ce72bd51b35698fa4,574.000000,10
3,238b43508d8ed993161249b8c1caa3ff883cdc5993b5fa937ff3229ab01ee99b,691.200000,10
3,ab1a5ca282db516193e0908b79e9a5144ab009338a97a228762835246798c6b6,1220.600000,10
3,c1423e7748c3746c0785f496fd7bc800ec2b9cd30dc8930172391a43397f4219,782.600000,10
3,41b7465ef1bf11c9423653e9fcb4597970a74f47b697bab80796716e94eebbbb,442.600000,10
3,de1c1dd466d93df75db79dbdee61237b0aeddca24780dfe4c42bb4a2bb41d7f9,1044.000000,10
3,f715576d3c55fa21c67a0115e2918e0016e051db539d1b036e62cd79791f1023,744.100000,10
3,f69458723fffb3929e3c326a0322f4f641b9caa1d50b55c459545157ed9428a6,577.100000,10
3,6d12a38f3de6c1e67c66d4139c54c2fe14174b83b6c3cd9715b956855772e72d,1135.400000,10
3,5500838b54a97cd74082fed30551f68f7fa6f1ebf8c1e4680cd27f13b73a29d1,1374.300000,10
3,ddf9484a662c4e379520b462bca7d5f2dea0899f40593b9b617a679bbe4e20d1,1190.400000,10
3,ab37d37ebbcc15e7f54be7fec300a63b5aa7ad54023692b64b99c76599a17703,764.400000,10
3,030f4bd6c732319d20a017da4a1664f94ed9636a4f7443f563096f8f0e16b008,608.500000,10
3,9591db461cc8c0978e1d4769a49938a4c7a8793c429a6b0fa54ad4339670af31,588.500000,10
3,4a176f119826f6d736280ea8109aa769c5c76642958519a6740b548e3b097703,1084.700000,10
3,b7246c8f6cb0405d2b5d1f698376e668e37b12d52c282b4f71da36e6ac6cf016,788.700000,10
3,d2cb56a6c4ef5c2ca7531c89c486adec45daba31285f44b80beb2f29d4855af8,853.200000,10
3,3a8d7455b2c51ded4fbd054fad9cf1edc6182bef7b8397d48dd9e7fb0fcde0af,367.200000,10
3,c239c092ceaebca897900aca5bd1b6a56c2676217f89b9d9bbc5a0bb9749bca3,865.600000,10
3,d58136990e5ae49f9b31266ea7f91047a4faaea001023a8c499ba005318db2db,740.600000,10
3,513940891c31ef0ab3fc9661acded2976cac6c2f2f0da8f907c04a039085d258,609.600000,10
3,8528e9f022d8fb27e94aa3a1c7b6c3827f9126c3da691fb7ddeca98ae0cab8b6,1106.100000,10
3,d8b48e8ae5ee2e837b773ec62faada6302dfbfec1edcf516ac6bf092affd602f,778.200000,10
3,fece8a02ff82defd57b7c6b62967e5a8836d998a6d0ca56cfeaacadd38fcb4c8,1335.300000,10
3,e42b12551b7fc59d2d72add78da5c1e3ca6168556fbd293918474c36db028326,1112.300000,10
3,7381041ba6f6c37aac82d6a338d7c4929366d36cd220dad6467fe39a20641d1c,310.400000,10
3,4f7c90e5bda3c30f545977475dab8f3232019a77455bff0887ee93f2e32cef04,354.400000,10
3,863174ec7ee7ceab6f37073a9a284a6ec39cd9b6d8ec7b7e0265a3c3e038d5f9,1065.900000,10
3,922d592d18cb750aa9a4faa27e0b5ac39eb434ac10b8e46ff19b9fcc96b91e37,1234.428571,7
3,2f90b9de3fb68f132f31b2ca2a55c3321ae8a8e68503f0e0e9225d0584b4ff94,1205.428571,7
3,e4a12fd86fda893baaaf7efc05b517257960cf62830a736980aa18deddc5a773,1073.428571,7
3,c32d8fde4b7d9f0ca849da17ab9575b10afaf51f7fea5db07180651f190301c2,1197.428571,7
3,586a5e8f75920d620fb50edaf4fd143d693a3d0e8e026ff8a48034e8e6485281,638.428571,7
4,7fd8668d3f755860ef21bf76143d19c73d0d1ad2ea0653fee0402f6b92a84e17,821.750000,8
4,ca6afbb3bcc4cf36b1ddb583829b49cee6ef4c1ff57797607ffcb10b463741e2,482.750000,8
4,61f807bef422c317303ef3c652da60853b0bf93f418d433d3f0d9e5d2d4977eb,866.375000,8
4,ee1bfabb558c3d28c236cd27ca173b840325c48118a82432a265eefffc804669,663.375000,8
4,36cecef2878730032422e28ad0af841b41499487968be4953e1728d85c50876a,735.375000,8
4,c760d6bb9ccb88a3a4e617d31e1bc81537e8c682ef81b771c21da6c6a8856fc2,890.125000,8
4,b7992400490f48013bb3514fc32f7403f20c19c3ef599a93ab502972c2328b51,761.750000,8
4,7fb080869a69ee1fe601e7c4158b67fb3160034bbe741c6150a7c7dfd1cb0fcb,1036.125000,8
4,c39dcc792a3089ee9239a2046f89eefe24212c47f8eff2143bb41d161ac9c9a3,945.250000,8
4,859e6073ab5b3f3b9c3ad22c2af3f6061b9cbe0fd6ac95b47cdde665e7a1f2df,491.250000,8
4,2bb6b6063e156164326a5c1ff9779b4ce52ca02192f54f47698b33198b5acbd3,765.125000,8
4,5d65ee3ddeaff99bf3b48024c6e85945af6cd7b354fee6a27ed714ceee92fcb8,462.250000,8
4,536eb1fa861029520fcd7ae48534d25e0dc5594ca0269d72007d037ab4411ee3,1045.125000,8
4,d1df6e1f021e4f9625d20d5c614eb914a4f9310d37936f710cf3519f78ae9be5,747.125000,8
4,8db37baf60f4495d6969db98d084f7316097eaa3b1bb138e17c60fac5ba5fd0f,319.125000,8
4,c443e0af07787348c838f66781e41b368e8b2684e33fb236b84de99a1adc66e9,308.375000,8
4,1d4e79e703923e5c4c2ed9d15e5d5a91f1b4a25c2fac0cfde43856d13c9fa161,995.750000,8
4,21bf0032255bfea74af2c64f18db39905ce3fa90000033ddb7f320f72d130076,816.750000,8
4,7b2ee0058ab35d6e36bd476d269f97975f02e28fd92bf81beb6566d71312f194,692.750000,8
4,776f2a3fe30e89a896cad326f18f54c5944d4d7ac1e3cc72a010d3cbf9b0cc13,654.125000,8
4,72e513ae41412cc816a2c6bea41407eeae5e095eeb337ddbdf3b612ec480f3d0,568.125000,8
4,2161977db66ed88849268d2a675f9304b7115bd1c6cbe565e9fa383f63fdf37d,986.500000,8
4,5c89ae1a01b955dbcd7c8d73ed233ffaed0a68171eb9c186008cc82351aada20,428.250000,8
4,9af6fabe01684e352a4a470bf987377736323d434ecf727037688f4b3dc0103b,264.250000,8
4,62760a1b8e5eef5349e565778a26549d851f0daed4c0626b5d3f9057dc9ae23c,212.250000,8
4,451ccd3def523420bf3cc585616a6424f5c07743f6e63ff6cdc885ada1023967,860.500000,8
4,53e85e6f949d8e3735d8e192d08414487385d9c4d4ed4df588489e15540b6b7a,988.500000,8
4,4add6edf40dea6a7aeb8bf3d0b5b81ff8ffb1deb5ef854132ef7145b88a70d41,502.250000,8
4,141a435fe55fabf6ae6d642aa2c926681cca245d64d2c73d046281e1f5fa5d99,453.250000,8
4,ba2386ef44977d0700200b4b97fe6f02c4b11ce10ce4758caeed41876df9ccf1,553.250000,8
4,396dc641760f7e68c8637eaba00b7f5e883b49c1d2af11f8332c2d5b4a9f0084,913.500000,8
4,b6428795b09d2e215b0983357b09f8b510b5c480cecb66b7159f964773ef1227,618.500000,8
4,f6efb7986a0c6052fa746b3e18067cc4da55976425a68d7c393af8be26d2af35,590.500000,8
4,b393f1778969591e288881e214762cd1535950730669d58a200a899f8bfbc4c9,927.000000,8
4,a10a910815a788c429fa6ce8ca7341adfeacc3b16d59d7ade1f14d33b257e72c,573.000000,8
4,3a4d0b7cd6e436bfdcd3c0294618747363cd8cad6f7a13474381b133f65bec4e,980.375000,8
4,651f4a1fabdf7fe5101d7278fafb380a2fb179d24007e34c8eb2b1dac3ce3827,1002.500000,8
4,f6b31cd28e369fd86bc55c4a9a343429976412e79835bbfa50751149058211eb,557.500000,8
4,f515024d56d1778f98d62d444958cf53e999c2fc6ceb00d3b6fd2025195086d7,899.375000,8
4,8557846af8cbe24eea59ae96ab0c74c1109ff50386accff0c9d91f3aae538479,695.375000,8
4,9d543382269e981ef0d4238a3ed56f8ac7a96d4ac3b29b870c67e9c2ee2e3ee9,495.250000,8
4,c5217e5767de051a4bdfe28776cd58ad557e568075379e3f3278f018eaa3d0df,345.250000,8
4,85e66585c98f590165e59f701a7077fd3729c41641928892a20293c8614b4a23,513.500000,8
4,46e866ab44c37d2afb21048a9ccd885e409e29bf0f213342c233b42332abe8a6,874.250000,8
4,de11f9373cc07149573e83bb319c075040a8c40e7a1949a848bdc8dc4c77e5a1,875.250000,8
4,ff0276d77833eb6bde7cf82f4a5f5836e5a1714db327aa947a5f82c50972eb4b,689.375000,8
4,73ea84cbc4a63bb9c8007bde49e3ab449199b053075335393fa23c067951eba8,672.375000,8
4,15142e90a14c643cd2d85b398ebf318749413e63dc343c6fec8a402c272c8f38,1037.750000,8
4,1b401b298555be1eaae8873312f46334ef949773c1b0620c39900b3e07af7d79,1038.750000,8
4,a11d03ffbf9c160ac5e8b5a82c342e1858782fe80e14852b332646918db5205a,1061.000000,8
4,a34ad7ff7f8be0530a3e4ed7417e9eaf46e16677fe71c3086db4b74524a5d171,753.125000,8
4,49a09d98c738302e76dfda8f2065a0e55d3f45501a89f5bf5ed1cd92cb807788,593.125000,8
4,c218ccfd5c67649c67ff3c08ea56d49738f296feb2ae099391fe1412335dbdbd,810.125000,8
4,e67bc3f9df4be8037a18a55af970bbc57cf4a65007abba47762f142cc35fe012,803.125000,8
4,5556dec20e298a39b758dbc867c2c60c3ac1db87d07630ad9a424e2cc3707ef8,765.125000,8
4,637eb2d0d9fdeb020d69d2f19d692bc779c81af82d688e4f3f609a8aef5a969b,384.125000,8
4,65db605bfbba1a34968a5bc5ef312e912ede16d87d4b63ead89431163a47148f,740.000000,8
4,b30f2a77fffa526f65e708cdcf5e448f07a55f17f77186c990561395f0f456ba,756.000000,8
4,581f371335e3f96b7b16e3e205086e1a7bd2b97088c44279a43e2f1f2104d038,853.250000,8
4,71a468183c842f2772fc8b8bb250ff4106694c7191e7b9e9329e409fcfc1feda,519.250000,8
4,feb0c60a06486a1f91d7bf35ccae7a2fc7e7da34e00509603fc6f06d2ce0d3c4,871.000000,8
4,b8ae5a71f4f29780f0503103cb0190e87fbbc7718bc970f487197bc6e127476b,676.000000,8
4,b53fbca7e39e2a1986d7e000214fe7bbc3b6a71cddd63f0f8a10e777d9964e8a,676.000000,8
4,56538cf71bad56f6423398032ddafca0741aa373759cfc1ac651f03fa4615d9d,446.000000,8
4,6e99180a08655fcd7ed74949bd8897bef21ab1ac0cb45844eaffc00ee67f556e,310.000000,8
4,75ab89cc43bea725481a2fcba7ee53c07675e33af9740820ce12eae853e62ad0,932.750000,8
4,1bc4652e866314a624b8032492bcab58f769a505132eda02b1ff69c652dd51b8,842.750000,8
4,bd59df0ee9a90c7eba566422c5cb6ba333a1765387fbfd6b71696010a0d95aba,393.000000,8
4,05c31d51f8f6c30e9f24549cb7065cc7d91fc5e526a16b864ff24254053f0b10,986.625000,8
4,45b00dd510e3fbaf286fcce9c34d4ebfe51737e33ab02fdf28e479502abff184,930.500000,8
4,4800df495335d4da86965a03a184ba1da5b2344bc9cfdbd7572f59f5acc0fcb4,589.500000,8
4,f0df7aca7ed8df313b09e91a693762483241d4ec690963e02a4f90f48eada907,559.875000,8
4,030ec086550592d3cc75f6491c9853fec8b32c0c8b9ab75c48ba3683c4287d5c,951.250000,8
4,a4e134471be4200396a0f39a75c0268f7a9ac3840b4f5e7fd39e15bcdf8586cd,699.250000,8
4,99837d9cd03a64258103ceefc65de807f48cc8e2bc110e36635b5661504e580f,835.000000,8
4,6776c7fd16c08eeab9c10c88ea972541ec345c43d9c3c4def8b0baa580d035a1,476.000000,8
4,6f3b634319cc79a12877794723d2ee0a04c124b95c2bd2de2a70b6eeb8d12202,1036.125000,8
4,2e224506c98ef71ffc22ab26ccc9ca52b3ce8a4a99802f45e9289840742b5450,506.125000,8
4,b6b300d81b84997d3ad0d5b2ea415653f8e229e19bdc3a976c72be817a10ac48,1033.875000,8
4,4e518668e841ceaadaf013deb63094ec4e57dd1b335ae4dbedc3cbad8aad15f8,752.875000,8
4,079d5eccee63b9d6ce7d298cb151a41b6463897e7180253e33882753ed84dece,1118.250000,8
4,c7a843556bb75345a56d0baa850948f83a80fac52f07269d2b2f984d77838f40,685.750000,8
4,7d48a7b16604e2616b3cf1f23fcb2843bfaf8888df3721370e3370c83bac7e7c,560.750000,8
4,268df6ce23575a3956c6b7f42c1f45cac548bbcad4d3d8babd5cb07fc26da9f0,512.750000,8
4,abe8b3236bdc329e251ab77cde831a9f6d748607811fa3d5d5de7a789d63d932,953.875000,8
4,b28bf6291a4e9c8e7421572d35b7836963aefb44873e856fac2deeed3450019e,1129.375000,8
4,dec3f7c29829aceeb87812003548301cbb836101f95aac77b6487cb093ad9623,1040.750000,8
4,28ca4173ba7d8cc6beab4e82381813494bcd2b343fa5e2579559d6a519762270,1017.750000,8
4,f9112d363dce9f6d3c842933c9a2a728cf9eeadd07f522aaca02f5ec61f7bbef,576.750000,8
4,19d08718fa1c99210a0684c5b50b6fbde4043de488d48fee0e2703644cb321ba,827.875000,8
4,a1866bd13e2eae69fa69a7dab61b644272ef19df43a51e7651cbbf216cea672c,869.000000,8
4,8089ba882c0c3ac70c65522e37eea840030e7cf1925e48112e39c066c80794e9,897.750000,8
4,6dc23920e61c587b77f6c35207b41a7c2a84be211db5f97c50c88fe7a5e331bb,472.125000,8
4,418963711aae5440ab0158ef0f9120d271f96e297827436147f4655770484d55,1181.750000,8
4,98a15e8316d36c039b5d6aa27b8183ac1c8bcd727c5821392e36200898aeb05d,951.750000,8
4,759daeaa303c9025d8535f086f0e00b356b099a394821933cc9e0153b11cf7d2,653.500000,8
4,184a80461d316b16ee651936c99fd1daebcdb21bb524ee05b496c4c5f08bcae5,566.500000,8
4,108530f3ba77a0a90d774a232d3477a2911d741bfd6ce7ae989749a61d52e3c7,922.500000,8
4,b6ea14f9d31c28e217c348c6ae75f7ab6c63bea45a5dc01e27b156a75fc2dc12,296.125000,8
4,bfdc062a195a604d777b762b1468624688d5f235f42f0290774cec334c4d6f60,214.125000,8
4,efb82915f1913f3b4ff09ad5205b411a6d32644e2ee2c023904e4cf653ba00d5,974.750000,8
4,c2652d859861ed03aad371d1d28da11c51f639d6372c21010a7ebf84e0607e7a,366.625000,8
4,c8ba3e5a6813ccc5a6440c2a606950806a631cd3325920af48c8364b60a8e217,992.250000,8
4,cd82fba405e9c6103e76e556eb837b4e1d1247960e91c5b5ff47f41ee3397b9a,526.250000,8
4,f40a9c6d65181dc459b315690959aeaa44c20a490761dede7c36012b8d3424f5,1059.000000,8
4,29ab498567828b6580d14a90933be14214e6efc32266030942e15d208a0a00ec,730.000000,8
4,b6fda03e0ff724911c87940c815868dd113226ca319e3668f9ad479f02b2023c,850.000000,8
4,ecd92b115249241d8691562adda1f9b4b60052007abb5db884346a1eb1ac2817,465.125000,8
4,4d2d226249cf8c308753e28efcbc4c0828a8f2eac86c917c01bc6b391ccc4b44,611.750000,8
4,887aaf798033441c17fa8f968b3cfa296f778eefe19b2d409c346922d085269e,1011.875000,8
4,d7e78ffc3b2f93f0ac7c86784b72312eeea0779d4fbab0b820713a42c441efed,812.000000,8
4,e557f244ed6643b13671f8f23689d27c82d451d040be0abf1bb96577c9b6cba3,944.500000,8
4,1d69d05ad12c9e0f70a229bda97a53f17c773bca82bfcd88ba25e35cbf435e70,659.500000,8
4,15fcde4b85cac458331cab1682c8de54ce1c5c8eccdf3aa944d997f246ff34dc,805.125000,8
4,8ed7815075997079192e00d88f2ebdec89a7ad946e712e85acb91516e0efe006,924.625000,8
4,aa5b6eeb87e41a5092099072395ffa6dee22c365256403046b3de6278c5a7d2e,688.625000,8
4,35741777ea41240286b926ff649e5a7a0d216228f4dee782f3b26a503501f2a8,509.625000,8
4,3ff9e487c795c56745f8a3cf70ae3e61b94b567ea18d5efa973703e18f1f1b24,463.625000,8
4,12d95b1bfa21915ad91e30b433e2bc76e951c7f5066c4bf045576f1279052a77,529.000000,8
4,7c26a2cae0280484abb53abbc2d25b73448d9c243d2e37ddf40c1d20ec38861e,950.875000,8
4,cd0bd372c93c09929c8c491db616740b70708cb8f44311828bd74ad496453d7c,681.875000,8
4,73fc69c0693c19ef2cefd505139defb3e88514ff8fdfc6609d0e882c17bdfded,889.125000,8
4,419de8a86bb588db2c8c86cbb816a2d367441a4c259e9ff2ddcb3267ab5e85a4,1208.875000,8
4,eebc760f11672d9b63be5c64c87d5b729f7d16984c4557e183940f1fb7657084,631.250000,8
4,209aaf3f221f8d9e7062b9982baed5b4723e353c91a68b5a0b5c7c3e78a3df73,756.125000,8
4,41f554c79aefe34428bc38591a98b544c03b97360cc7b0f3865500097d5ffce0,1030.375000,8
4,c321d9b2de129787d059be84a6eb18db288fb760f726ec11d08b6f757dee88dc,623.750000,8
4,ebbfc5a9553a23abd918fb35cf0ec3e39e6f10886f0257b30e4fe525b205f6ec,914.250000,8
4,ad13de7a3a82c7f3fbe6cc76fc548163ed58ddc3281cc6bd96ef0e33addf15ca,389.375000,8
4,9bec18cde7da70f3cb056943989b3814bdd2121d1594315e4d3bf43e3a2b0fd1,545.875000,8
4,7e43132dea8066279d98701f20936cea73c93f4fc878c04689d22bd34ce38dd9,592.875000,8
4,21e2029f7d67c544ff331d886ae1fc7e2393c030ad3dbdce30a55a8f97505c5f,447.125000,8
4,94bbfa6cd21cb64f647192e944d8f165ac99ab4aceca8a149e24909f138a373f,932.125000,8
4,a5a8c320ed2d2067120ea75bbfbc64071843ce0b7b07418edfb1d4c4150ca2e5,299.125000,8
4,e6428e40d1d3036f0d412cf8a4d8522baa79842322f22efee02bf75cd79cf034,787.125000,8
4,43763f68f6cb6924b0e49843feff05ffa11de1b7da9779563c72613dfd761ae7,1000.875000,8
4,724abb25f13a12fc55e29bcb04eeef97127ae52bf1f395c3a217ba1d8b9573c0,973.125000,8
4,3d80618d05d38754d3ca375084f6ee053b622eabc222ddb0bfea0c73b6bc0909,982.125000,8
4,11527af476a134f49ea3bc27c5e829eecf83f48d7fe3226d32f5574343d21b6c,729.250000,8
4,21e9b83bbaa50c5a449a6baec84960d6cd51b3636af9fe2364c5f55578ac72c4,376.250000,8
4,80044940398ae90e75db2a0d6d11e4da0b88df0f2f90e6752ec29ef29a1da1ed,668.000000,8
4,9c2f3f73fe191451e8f17bf62619bac79e0e5c7419757e1901a2d12d6333b244,664.000000,8
4,22ec4e00c0c23b7b8aac3450d31e17dedcb21599512d4f731e4ae6f0c46be934,1043.125000,8
4,f157fd4e529d4ea32b9cbd7d67ca74fc1e0be67c59c02fa63f12ad201e535a31,638.250000,8
4,ccff1a9a92c2bfbc3cb8b7dd4b2b5921517dcc5701af4a241ce0e32069e6f154,797.375000,8
4,e02b7cff1d3bbaaa5b9d125d014ea26b9231d55fafe49873fbb9dcc092890ecf,493.375000,8
4,3a169108000bfed9fec5bbfca029576cbf1d2c7e185e12e4208e626166a97092,1130.500000,8
4,ccf9b448cf208dc785d3b39792ca91e954feea8db59a9055410a7219e15207f1,653.500000,8
4,1ba9bf74c91deb5936852a088fd08a2b8637b2ed4d44c979d5e2ca40f7fad2e7,1093.250000,8
4,5b5e1de26a1172392e6aa498ef3bab983d8a74ab1bc028e6b247ee0ed2cc6b2c,903.250000,8
4,c096bac4ce0529ee37e4f119b636f748d5b3afed499c72e0ba764d632f31ffee,860.250000,8
4,9f4e3a3c54d8f5093f8bff046f73dff4aa9ff0b2b6080e17b04f685af4cd7435,646.250000,8
4,ae92e264323463bd83d58b181e3ccb63136a10060af583f39bc3307b57e9f651,707.750000,8
4,bfe4492afe3e42aa809a96aabe104a66022fd563827fdeb12f6af4040a932bf3,535.875000,8
4,9120d9fb0ad9902e5f94db39c5817504974f2b2b6e5dee0f1a6e9e6e5796d050,907.000000,8
4,a99692eb15b0c4623db2fd1bb67bc55dd1b8c7f1650c258134af28cbd44e6792,505.000000,8
4,caa82b94faaedb761971f27bbbea1fb48f93d614497f98c8255800446a49b310,1029.875000,8
4,9257c639ea0e8b5a9c6139921675dc66350a4b4d365eb3aa43373e173166c45e,859.875000,8
4,6eecd5ab083a4aad89dbdf2349ce5295390cd53142e5fb9e2162e9fc5b394284,849.000000,8
4,5d37545ccefa4eeaae874d8be22c41a51bb9d04fe9ca65693634c08b0c6bbc5d,718.250000,8
4,b63b0c2849045b19fd92b33d81eb91f080849938843f1a898aa885bbe630ec81,630.250000,8
4,3782d46344c53d1894463bd150250f19aaad35a4aa8f4db86ca896f5812aaca2,503.250000,8
4,1b964a20ebc1ea19dedd1fa67fcb274de8f631bde553ace7fc1a974e5e12fff0,428.250000,8
4,47e9e6812d7eaee0751992639254336676b761ac7c17ac3bb3fb48c8fbc7569b,426.000000,8
4,7a2356c22e0c5ed9a4ec375521c4b756f32cefa3f99cc4d580e81ff610855308,1459.750000,8
4,d33f9a653b705f564999af74b7707464dbeb3168aa0d2b318a51ddcdfb9ccfdd,1078.500000,8
4,490fccb9d93b848ebc60b12b1d210fd4c670024b675dab680fc25b94892e2998,912.250000,8
4,0c38dbf9d3d64cc3eeba4639b52c5c8e45c9f3eca84043b37a69ea78418e3ac8,816.250000,8
4,bda711d6b4462df5b1ff31327e23d3f835af9ad2673290d6863c7e755f25310e,573.250000,8
4,8d0aa97055c46e7db6c76fd6a1eb68444f56e0afdf026c5faa8d2b5ff42bba51,390.125000,8
4,9f10de3361f6e3422566dc8504ac80765d6343078102207aa3c40b7dfd1be06f,518.125000,8
4,e20a205c7bc351fb91857fd63f0f1f29a451c8326ee33bc9f624d817844f92be,780.750000,8
4,d6c2520a3481d86acdac69bc175fc95b8f8c11fe636071ec19a2f33c390570f2,634.750000,8
4,a87a0fac00cde790be10658fb3cd26772ea74d32ee8e4d34b0b19eb514e19e98,1051.000000,8
4,bcc400168d66b4f280e7651f8c1a7fc56599666327e1a7d34ad6eb8f8fe62166,881.000000,8
4,d9a253f013c7e00fa03803e89bfa749d77a47521eafd008be9d4f538a87b932f,791.000000,8
4,9d6ca70928302636ac5092407b2de426726184d9efd4c50d8d1fde88d2cf9c40,480.750000,8
4,d1392ada8f03f7eba0ed57961b7661ea28a4eb03644a1503d3b406e5bfa742a6,858.250000,8
4,538dd921ba08777f024f1c2c37c45e5dfafd8a688f08b2898b2fd679fe96ce9e,570.250000,8
4,81cb7f28b2eb62d3c0c20300d8547241527940a05bdfc71fe821084bdd562a05,381.500000,8
4,374affe1d6f03fb0df3dbb55b702b53815e70239ab795c3a4abe707b7a1ddfbf,863.000000,8
4,2b1d742fbd4fbb886240ea9308408cb73916bb15761eefc117661cfe96784a87,591.000000,8
4,2e48d9648fca9e9505ee4291af90eeffec1c00bb11288989979e5885de8cb9a2,919.250000,8
4,0fb69ff4a003a332bb61727a3f574f87b195edbdc634386daf3a656ea3b07788,641.250000,8
4,dbc019709a60d846e52a138faea3dc7048a433cc299e691a5e18f866757febc5,662.875000,8
4,19147c8436d4dec5c6ad6ec277d62b838827fc0f8ff59eec7bc4976340322bfe,489.875000,8
4,95aa45cdbdb8e4cf9db9289c891af9ce7a91481f7e3300e77a3088aa4d6d0b77,261.875000,8
4,46847d076547b574bef5e88ec857217ef8da6b72686a71cc1364e7ca42ff7e39,844.250000,8
4,acf3c355d2ce6982dd7d1ec6f6919beca0e3dddab488439fc66a717bbc39a7a1,792.250000,8
4,e4cb7b75f41497b82befc9f27979dc54d38a4cd99fa58bcbca91720028649d8a,942.625000,8
4,7651b7cacadb92f2e66df0d116323911b4948b98360fe6a65f86d49836dba6bd,803.625000,8
4,baf2cd8cb0a47164060a10dfb6e240e982b7a8be5a1210615b78447e8f574dd0,359.625000,8
4,018958cee5014fed73c9db68c93d2ff14a4eaeb7e7507d8ec649a061b086baa9,350.625000,8
4,a98271f40f070d52c8b50d01adad079741f7bd8b8637337f1d511285b870092c,670.625000,8
4,fc4790e156e581cad38334c17bc6d536d25e3bf674f1bfe07f516ca0e90aef22,339.875000,8
4,56bc62c59d0aa5b4cd1aab495070a88f11d371a2568f69477c8a4f34605a454c,797.500000,8
4,79cb50b3e26a5b1dd6330de6d650d9c4fa774f7c41bc7a6fa4b4c2aaf0b9766e,685.500000,8
4,23694dc905fdbfafe37fdad709b074db7b63039b698a2742279c5272fae6de00,614.750000,8
4,236007ec14c0c8dd8e6599462c912c1eb159a7d3406cd5ecc02e79293422b1bf,420.750000,8
4,e464c28c7797cc535af305e903742d7e0e01cd52d37df507bb37b9a28c0edc10,492.875000,8
4,7ff4abcb9edbc16af0d86d65563bd1ba9ae13d80fe36ea4c4451b960cebc1337,387.875000,8
4,2fe616e958746468b42936d3a2c9c84366275f253b542d3c92d0b6bb21f219dc,846.375000,8
4,cf4ed3f2708d2caef6a43828037a6ddb5315ba9f58897ae142e84ab3224b9396,335.375000,8
4,fe7b20765557cd81b1a3d7e4db81846dceffef04aeaad37996fb16011d298b22,800.500000,8
4,461ba8bc3509bcab7a026b20203ad396ecd0d8b052e1fb0f7999983ac392493d,709.875000,8
4,345c83ae6aef400f6d4b0cb65cacecbbb7752a7fac0024cc89f406303d8f5095,351.000000,8
4,86d92c66ee82bce12c48481c8971f3825054bddaebc8e64995ba5dda050ec760,1020.250000,8
4,f9fb73992e28444b516499cc1313ab32f86395daaa8612316a9bbfb7b888fa5b,453.250000,8
4,59526944b3025079b024693ba42d7d9e42976674f8f9098c17b9e0606be0014c,344.250000,8
4,7f6d00fad4b862d9a55505cf45e9a09199a8156b8f9ddd76b129bdfccd4e8cff,1037.125000,8
4,5da439adf5abf3c1e1946c3f2a5d2db3386b03fcfcfae8482b7e5bac659b6948,517.125000,8
4,397cbc5c3a7269472cce6214626d98725df759851bd1fe1c3a32d5531970db51,829.250000,8
4,ecada48972aa8366b8463f1353f160b2f7f55b5f7020c4a34c3d013d7f1fdff8,484.250000,8
4,3d21c0e2b031460e221e8efcedb5b5c43d61ecb5cb92849d75fcb172abdb76ad,882.250000,8
4,d84400432172760ef6eaf454ed0d9df02da3733e0730196f4ac4f27aac933797,735.000000,8
4,dfe492a2f454a3011ac708b52675e43fe6e1ac65e735c5fcb8f829aeb0cab922,733.750000,8
4,d095b6fae21e0757ec903af8b2bd2df6988be92e0f17f3d68c642306963d0555,437.750000,8
4,52803dee40e9806338b474e347c03e46216e70a6231ebab54a6ed85d7d43b395,651.125000,8
4,e882a3c561f624d93f67657d1f7aed07e2a7611b36d0f3d2b00b7b6227186fb4,605.125000,8
4,4cba9d3e8390edd62a24fbab6695721e75197c8bbad996e0106051c88dbfa87f,588.125000,8
4,6c4839cd6c0524c81f5652e7dc2572c830116f9c4ea876621f2ddb9fd7a7337b,430.250000,8
4,fdcf8bf13f96ef73908e6536e914377f6f1bc5d154790e013ca003eb0b77cd04,356.750000,8
4,251855173c5a4a97c0abb11d4291d6198d3adb9ee17b1e4a6a25fc9772975364,770.625000,8
4,7e0bfdfe4608d200524fbe396077c02f57a566735f27d985f94829807e35b643,624.375000,8
4,4f470fcda86194101d56d874d06d2db1a2e1373d0d0521f6cedfd6cf7e965adf,360.375000,8
4,944a96d3d19de1bc45d2fe0a466309828bcd9d6293e125219016097caa3c071e,320.000000,8
4,a3361db195383b8fbf220c00103b8206a7f7e3ead921912fa37cb51514e2c474,1012.625000,8
4,dfdbba8a53b4f4672daab3bd202620ded4fd8b9a2f6d021e14006d77d974ffee,849.625000,8
4,72398cfb3d426bf14de635ecb68e2b86f99777acc8d431b25a42f67e3348dd6e,794.625000,8
4,0c99688d55fc23e2c8e9ee0379c86842e7452d9f5eaf4c9fbc16a562cf988306,714.750000,8
4,dd491d1c0d4a1820c70a6223cdfeb308dcb7da0a2ea57832da833bdeab95a157,674.875000,8
4,a9a7e77bba55bd60828b8a6094ccd54bd4b4c8df4a9315169e9497050d30592c,429.875000,8
4,301498ae95e98ed434abd17b9ec2a69dbf20482f7535e0d908cafad53296efab,765.625000,8
4,939ecea08b12fc10f9189dc61914cf6d22ded1ed03d6e97700bac7f5222950a6,1022.625000,8
4,a1510d2c43678e119ab7929fd5a674724c5a4c47a63d741e6d6bcb6e2a09734f,862.625000,8
4,6818ab0a1eb03e558b637dddd1b294a1af217e9f926b39e38498451916b23400,620.000000,8
4,f3d5391fa7fab419819cc1dd67ab7e5593e9fd9c1faedead6d4bb63ba9ac68ed,352.875000,8
4,bb0dbc328b98973d8ad673a63d79436fbc8befafbaace84302daec0e04041d76,905.500000,8
4,c620f9167df4ae870f3e8995344704ea6eb3f1b1c22fa17a766b32d6d32d1968,402.625000,8
4,97befdaae12d54fce16ea9a531faf9e4a8c09d379a3bef0727e01300c51e8c30,917.375000,8
4,9d9fb72b2d4d23267a6bb741014ccfe70c064b728397e66d60fdef195e31b36a,586.375000,8
4,bbabd9c9a029df2a809b9ea6591018c4518e5efc218d81e42864483290f7362b,872.000000,8
4,02a2f4e67358e7af7fb1b57fd23210ca2eb3313200c89199e05af98077fda08e,788.000000,8
4,1a36392f7dba20cdc13a72d937000b8e5ff4b73e808bf7e6dc94414be3dfa044,707.125000,8
4,fab318dc9ccff4e066fc7c9a5abb363ae55bb937732f66011302e8561fd9e693,463.125000,8
4,d46a6b27c01b497a00aacdc774032c5eaa4b68afbdbb38ccfa5eba93593a0024,1015.250000,8
4,2b7011d54ea7aab466b5cb0b5e35031b5bf15c17624219f126a9f773e2411335,591.750000,8
4,d8acf4ffb63675348532d18cbe9ae23bd06b16a52bedf11ebaff5838bf545a28,484.750000,8
4,1eaca0fb03ae701cec7359dc849ad541cfd410410062600c90e3182362d9f3b4,720.375000,8
4,96be9d5bbb3573497c41a1d860d1af07ab7c79b91c4537921cfc4a99bfcaf1a2,904.375000,8
4,e30e3f7aceb613622da4a1e14b364e2215fb24e49d867cdb0e5c5dcefda5c5b0,414.375000,8
4,475d2ebd5e8fa1364b5af99f218765c075afa39d013dc284baf7f6b048467b6f,316.000000,8
4,c5eb87d3c040bdba494a29ca6dd36ecbb8ffa51cc728b91362d68cb341b46504,466.500000,8
4,cfd5334903ad0d375b6f38c631d5ceee8ecf0215474aa65af260e9d53a75f615,411.500000,8
4,1aefc1e2b785dce82812e05cbaf91076efee81265e6c2ac1dbfafa3a8f81b3b7,680.125000,8
4,11ca53022bfd21c1d628a9f3ce1f5b048cc5751333dc0600edcb25cbe3e21b32,665.125000,8
4,dee9c87f1f2fb404d9b7301d30b2f160c77a62ab0f7d9a4bf9421f3251e402ef,548.875000,8
4,dbd8f53fcc8af0e0418b4e1841b8ec0712480dd769376db244f7dc096f74a87b,428.875000,8
4,fc4dea78945bdd0b974a3ccfdc7d22038ac85314547d4dc06dd27f104f042f4f,703.250000,8
4,7dc4d79fef6b181db1d93b7a1f8dccbe6c0638395be8e5a22fb6450ef3fe8be5,459.375000,8
4,88fba906cfbffd6508673151817350c42474995359889525c178903ef5fe7445,472.375000,8
4,0d12da412a51a2ddaba54c29293dcfef3b8c89558feb8fd6f9a97fedf9c77a25,900.625000,8
4,06a0eab2fe5a50de0c6f19a015c8bbb00aa65c0cf9fea5da0e548363e812047e,254.250000,8
4,466747207e66ea2b2b43b29ad48f9df0100b6f3fcd5f54c4e2b3c3f0e885a653,666.250000,8
4,12f77e76f46d359b62f6f01ab94bafc911407288f9ff23d2dcf924a4abaf82b8,641.250000,8
4,38b334c044a1d636b5b563ec008d422f6d1c8278efb321b0fcf2280d172df6b6,790.500000,8
4,7678d7115ed046e119bdc68a46083e07885aae166c979d63ad03aef3b53ced35,482.500000,8
4,e791f576f771042b75c9e1c3cfa0229a287927329d26141233f037a120d23a1c,441.500000,8
4,3a4d537c577a52c4bd97fe67fa1fed069a7e31480536deda38d799fc144ad4d8,1005.250000,8
4,2aac03fc9a061b0da6402edbec18fbb29c0f61ef751b71c06d51038cfeb9b19c,879.375000,8
4,26fce0ec93dc5a32a1963e4bbd42d3161770ec3f690c68de7f105646dcac235c,1131.750000,8
4,9316762322003c81b27e842c443400746383b200070b729d0430f8f7a89a1937,397.500000,8
4,7f9aef25cdd72756fd43bcdb47e99f19c24f51c35f2f99f51989e97df4966f0f,864.750000,8
4,6d3b1b407ab1a7851b1059f9d9d1d091980f775a4f70a213434b6db8b83b3fe3,981.000000,8
4,f719aeebaa4dc9177aa93d6a613f9a98826b8d60e0c55cf601098d58c9cc3a98,977.125000,8
4,78c151d5b5c805e93edc884d0792e0e0ec5a7ab2e105b5e2c91f62248215be46,967.250000,8
4,64ab8467adeae14646acbc8ac3a8444e6ba060a88865e632fcde9570f8bd4e3b,661.250000,8
4,f4a22ebd1d7874b6d4b44772541d511d53d298f7e99f51f24e17c6dbffebc5a0,572.625000,8
4,3c735a0bb800624481ff8a5a330f66102284203782a52cacbb306586ad39468e,277.625000,8
4,dcc7b428df37b2cc46399ec1848b5f61941606b8061a32fd0fdd0fe93f487bd2,347.250000,8
4,5f81353e370dbcaee42bc39a1485856fbde3b5a8373c0d41329b67317554df78,849.125000,8
4,85767c29cfc606aca9fe014e605a9e20af4be93e747c39e499aae77d3dcf1456,878.625000,8
4,4355e6a0e38b364854a3644be03aef3fa26aaf0df4e7d523cf4489a5ca66bc5f,362.625000,8
4,1bb9f653a27fbd5490a4f38d27c303329f0422421bf69c019232e09a4cf71b02,416.875000,8
4,950ba779a3d19da3b970699949ab633c67da642d80392eb3a8b3e48d10fb57f2,994.875000,8
4,808723f0bf0dad7384fe6d5897b355829d0abef4ff5835b4eb8d4758b7c9e0c4,763.875000,8
4,7a827e629570cf1dc30f1589713b35f19cadf5d4e551747ef629320486491fcf,904.250000,8
4,f375e18596176bddb19383d923c208ee857be154dedbedc3d7a31af5b1f62a04,569.250000,8
4,f37b60b968551c526e2a8641e1299fe86dbc03de078f7b76056ba581b5e6e251,948.750000,8
4,3bb83836b93974680c7a4f2edaeaac3e4d77c98d55de47569a387ac1ebfee025,877.750000,8
4,740eb87d1e458722296a7ceb2fa588e20aa87028e5445575ad00c964ce96d3ac,754.750000,8
4,5ff0b0c4b815021d63af87a89f44912e37e538e65f694ae308942325ede0d0d0,583.750000,8
4,4ef8bebf441fe6ed41d33c94c005f3aeefe93c2a1cdb5b5b842a7c4845a97b26,941.875000,8
4,5c3515d6dc8b3520da6c0eefba28b070b94ef9d05c72926ccb2e5515856832cf,662.875000,8
4,530770b83f0c5c39f6155e0050ca24bd391c89c4e55ad6be0ad734d2e52c762d,610.125000,8
4,b2fd82ab97bd143f423aaae04719fe80950afe3e962cf33b39ee6691f6c593f6,484.125000,8
4,5eacb75132dd38f8fe3e904c1e8735eef62c4ff735d12c0b52f8962e5dcc06c2,800.125000,8
4,326f8f47b43011529d25d6d8cbc6bf6c1c2b48db73becc0f66aff9060cb496b3,534.000000,8
4,fe3f8f77db4b75f4d1c37d1e22a2872a14f51da80a7dd9079016da043e5ac11b,806.875000,8
4,b2aed2a68d54beb84a430854b8d5cd947eab1ae8955c65982933650be74fdafe,618.875000,8
4,1016ee42f47ee4ff321a0e9f407197bb00b235efb15113c88be8bafe961d3cc5,757.500000,8
4,2189a17fa8c29edf1933946ada7e70f31bf43c1fbdb0535b487cc66fb2c11ad3,580.500000,8
4,9fa8e22d6025686af0eba97a6b59e4ac42c675cbdb176d755e067acc89d39eb1,856.375000,8
4,bf38bc1171c33c7881035cabe3d27403dd42532b20c408b7082d420f08060bc3,758.375000,8
4,35c83af47b21107324aed04b075b0dd05a46668e27f82d73a66215245b2623fb,603.375000,8
4,f2e65b195724766820c5a54bc6074b9e5578b94654bf20f68667629e2f933708,328.375000,8
4,f77bea628d02e6889f26dfe6417f43f4d63e3cac4120eca87b3eb2667778bd4e,641.250000,8
4,d848ccf1f710a8a7c74f176d7fac3811d7c9d9399fd98e1f01904dc596b798bf,967.875000,8
4,5d51fb2901094ee9a854e22f8834b862f0e2e867f36a3e75506eb131d374304c,857.375000,8
4,ec72e9d30ef89ec9d3a7d1180434d47125ee9283bd25354be5e8859879f8d46e,467.500000,8
4,b082295fba45ba6823e26c9780e42211e3b2616ea084ad8e870eb17e587933f3,1025.625000,8
4,67aded3914df75672460d91d0d6ebac3cfc72a871844196bd3de6eee05648d0c,753.000000,8
4,34111fc5c7868171a62c71962fa280c04aa0bf7030d4e71065168d8809605564,304.000000,8
4,7f93cdb9b258eacaecde1db62cbc5492dd3da5970d9ce70680b41ca2685e81a3,328.000000,8
4,94e9a3267b6e010f75e11433667f6ba8bd5f3e04f52eccd50840d25952b0141f,983.000000,8
4,ec31eedf02642519a83d655f607b2e825c93dcbaddd53de15c76f56cf155bc75,846.875000,8
4,1d901c76e08194dcfd943873e94dcc746ef13b13723084edad7e70c67c69c327,608.000000,8
4,e8b02f9273f811da4b8a942906b9fff938395181278254dc412df916f94e91f3,543.000000,8
4,c6527f444782229909051514e699a18e87dcbb2fedfad7b338b88d58b7191f0a,421.000000,8
4,dea261d1d66e2d44bdf23bfa8f5da170d1ab91fef935a62c44be1046e2cdfd12,363.000000,8
4,cd3fec47d89d62c2ec221f0a35abb310008f5c06ce41d1cfc95967c697ff52c9,362.000000,8
4,ddf104dbc876cf9ca18a3ac53897d15f912fe0d9c99edc973472228d64cfc6a5,612.875000,8
4,83762afed7556b3879a49e7a9bec03640826e36c73a6934e58cdf25ac7a78158,885.125000,8
4,67530d961cd16e8fae92518afcf12a2865bc995887c4032fddc6cd809aee3b25,797.125000,8
4,493c76825c4abde92826a7c2695c03c6891139a5022e8d155dd6e8244ce88d69,568.000000,8
4,456890fc2675276ef58085135b19636c5e8999bf7d61fe0ec41c7181a2524bc0,894.250000,8
4,662492df1e70733a04bf294b10ec8bee497691ca6c197058aab06431b6e3acdc,640.250000,8
4,a8d9dbb85d42a6dbe609525368f9b886aa99f72443e6a6c68db5e3bf57966333,1036.000000,8
4,5da4ffd3936fbe71331ca50f6b211b0aa556e835cddb05382cc7277c8b69b0f1,878.125000,8
4,6fae68a9880ba544e512a5c8d3f25b5552e8e589e3a3da2eb80c24fef2dc9e17,795.375000,8
4,2b10192719443dec83b1c00224482977fb55ef3f33fd1b2c69da439ef628a3b0,351.500000,8
4,fa371da1aee9474e40c16393ba138dcb31b56bcd2663269f808cfda7d41776d7,680.375000,8
4,9941f9bb0c3df4a6339c72af85369b0a4713b882bf9c2ad11c51bc330e38da82,1122.625000,8
4,0b180bae1f521ebb7a2d292352056b761039a84fadc3afadb119f5ee130ac5c9,897.625000,8
4,a1743ddb4a8cc6e2f57c28bb533ae72e307b5be1d6e174a6a44392d7bb9c1f94,690.750000,8
4,619519222846cf23f3b873651c4a365d0e21f1ce87cbc0351e1394826e8c6388,810.875000,8
4,940115fb8a17d9ff8cd8a152d0efb87a0521661a23678d56a444715e22cf4d56,532.875000,8
4,f0921dd9d984c0626273538c2024327abfbb377f72a812fee02b74a19abbaf80,1067.500000,8
4,8382353685b9a6a9f5fa6eb79a7d07541d92083679c855d03996d15eceac37e0,914.250000,8
4,9a61551b44217d1864d24f1f4b16b41f9e333f67c1004f03ea07851057d59f8a,807.125000,8
4,cc2714b8eac0d7e8f6e066ede5932a0489aeffe55ef2f017090b37f883a0a271,835.750000,8
4,b594f03859c0b9992d1c257028100359774470dd3ca3cf49858694c48b0faa9f,935.750000,8
4,3559b2925601bb7e0974e59122950f28306fd75bd1a7b236e35b699c58552f29,897.750000,8
4,205e86136d14afec66539506245dec30fa3a5418f1a0d0c0b84264063bc07008,539.750000,8
4,15f7df218b7146f45d1ddbd1626cafa3681fe67fdb5f1f69becf8a725436f84b,774.125000,8
4,66e207eee29924d81adf00976c64325dced141df68eec04fd14e238403625279,506.375000,8
4,ba26950f998e801a05b481872f9fa4ca75507a9dceda760bcc0935140b245c3e,418.375000,8
4,ef39f43314f824db83a648244491d647f2b444f18b485cc3767011980a7ddbff,390.375000,8
4,51a1e322f63dd2f17f4be85817d4e05ea83f2d903833c794f5f203f68fbea960,442.375000,8
4,5f8fa016333807dbbd00661842f3f8b3d2ce423d0c72b623887783272d2e5376,498.125000,8
4,d034fc907a408596ee26eeabd374c1e9ab2819d79791b0152cb6e2acebc40d33,727.000000,8
4,7cc9b62ace31eef321428650981fe0cce5573e88f1807b45a0b1d4e8f430a9f2,617.000000,8
4,d3b0242cafa2203f7bf3fb53695cc8139be1817a9f9cc88f47bd1a44e2a9ecda,950.375000,8
4,f10e141053d66a92a9d8cf9cd19681790dc04a61a736772bae9b302d59847b70,792.375000,8
4,7ab981d34a57588a71b3099c6ae58cebcbfc08c6965f37a86e852bed13c895c7,231.375000,8
4,63d2f7302c73c8fa8754c1a7f6b19b4459f47bf38b58952d07f61dc3b3da6e3f,845.375000,8
4,efad328ed3f16ecbf6f0be89b35bcfc83c8d3871c13e8c788cfb7f43d41b5cec,440.375000,8
4,dcfc6c62c4a2e1e264ce8d3c84287733b5620d0550a136eadc9f742d3d625331,928.250000,8
4,673ae3b1e1a70139e72c5e85cb78b01549bb6655d7623763d2f0406404a464c7,596.375000,8
4,2055f6ee5779d6ee48e1628bbeab9452ec570276877cd6e375a9f337ddaaee8f,378.375000,8
4,a77cbd39aab66c12849253c75e68e21d64824e2cfdd453b222ccf0152b8b8a42,262.375000,8
4,7c6afba5d2c578978f0b94907a4969a377fd56e0d9f4c2c7453c572fe71ceef1,883.500000,8
4,addc5b4b7e27de238320acb1c5cb469c66f672b794f2e0a656d7685d4f552c26,955.625000,8
4,bd993e37d96f3b82638bd486f6c0359dd935c9e3c7e3fd9d03060ecfa0f2cdaa,898.625000,8
4,9a054782a47e6a7efcf4cde04d14e2a52bc584f57b2f0958dc0b8c54485ea17b,626.625000,8
4,ec020b3d4832c0d96aaa9aa78d726b7c3e6a9ecae19d47e434757b6771521d56,539.625000,8
4,5c52b2774c5c073f0246c704a1308fd028a28b9d5eb363e5d59fd13adb316da1,489.625000,8
4,817d8d5d3a9810527fc8eca05e8ecd4a7dcd8c7ad5a7e0f8bb9dc72c84dfd6e0,385.625000,8
4,cf4937d35b60dfc8bb03483f7aa861d376433145ce841cd0891f920dfbaf324c,940.750000,8
4,516ec4a0cb7f6fc3de5d3f90197f7ef733c9f2c45c5f843a31f45e30571575bb,656.750000,8
4,b7f48318708e1a7141ca66bd3cf538b91c7cb77d0fdf1067c150908f22a7e199,586.750000,8
4,5f8bda40a58a984e655d6c078e4cbc38a90cdd2ad6327347364aafd2a30a37bc,837.375000,8
4,3717de521e4eae9efbebda7fbc0fc043a3b4171eebffdd6613d4df18a01c99c7,643.375000,8
4,dbd93e3514ab0263239964b004ef7bc1c5eaee8cfa500ba6ea836260bdb9438f,392.375000,8
4,66cc717455abe91714c0dec30406ed3e5f7da2cbdd4582fe0abfeb1be57c2f5b,873.625000,8
4,003f18ac136837f32009361fa346e1658c2413ea432db850669d44a1bdef8be9,1029.500000,8
4,45c96722b3fe452125cf9e13df3121cd2c6bca04ac5e5063c20232f55af3ccb4,944.500000,8
4,211a5cd3dded3e5e50d3e15f3cc526110a01c61a462c87ff1f3958772fe430ea,885.625000,8
4,801812e00c9fab63fb79aa2c4c3bdb53a999e18e0bf243672e27ffdb0b907c7f,730.625000,8
4,79e6f0434b8eb6501bbd24b24e17503a9be55aaab4f9096ccce9e531a25f4400,520.625000,8
4,eee486f8366fdf064e9cb143e245bd4bdb171099693fa65951860716137f8ea3,726.000000,8
4,0305dd5969d7aeb02146d7e9bcd632b775dc7e63f8b6e5be8491239bb2a6770f,716.625000,8
4,1af80ac2d6ead005884b9908dbc6954b40089ae084749da962526ebcefb85266,647.625000,8
4,76183c7694b6564038115bf4a350dd0a23fd1db8fb938b7d64396283fdf28c80,746.125000,8
4,398bfeb784ccef691d0ea2d68f52970edffd48b9db6de4c67011de3adaa22eb3,574.750000,8
4,7f67d67ed8a3d3b5b5328c9ad41e71c4f865cf72b7c47c4bb6c934d47411bd52,322.750000,8
4,2a75e1a61f5e7a327f80484d077bb0059ac85237c2ebe1c69340ee841ff67a99,1075.375000,8
4,4c75e98c8d9952bc62518cc65e03429974009fa4c18b34a6866877efd70b6d85,775.375000,8
4,7bfd348bdbd0a3d0b7ebf15d168a3df8a830b5ace364d02b200844b222e9cfaf,571.500000,8
4,bc96bee044e017eca4928f7331b496ddb5d7545f719947c37a5571b374a88c85,378.625000,8
4,9bfa3bade4f304a5425885ef6d66f6c6bac74171bd6074f0f2fbc178d671f5e3,695.875000,8
4,f1f335c66b032ac406e221f57c0830d93bdc25a02beca742149da77794dbec12,417.875000,8
4,3a528d1e7396a5d046bfc971da60cceaea31c8eb208ff3b6c1465f0737dd3b26,372.875000,8
4,d23438ab3046d1a5e9aff9e8db107c0f728cc649d577f3e4ec38fa935fb3e61e,359.875000,8
4,11eac4ca04a5fc70440db8ca6d0c5903c180badd00ad14f96905fda7a2f3d05f,423.875000,8
4,716259644e094cd407ad67d5ad670302390c5a0dec541bcc2bcb7b8d6d4f6761,573.875000,8
4,caedab68db167ed758e919111248f03c41e105a02207789524984007eae360b4,414.125000,8
4,144a86b46af4b548d43fd1f5688e14e90e4556039174f1a5465691eaf16e2361,1064.625000,8
4,6b2668602a15b8daaa1ad7cc6b2f75934b71c1ba17f11c142db2a6681694e5e1,1061.375000,8
4,f7c5cdaba75890ba002836a8c71735e865186ed0dc0b2efd18b214211c52d458,848.375000,8
4,36db802fd78c1c4a46bef3f2581251e053ddd1e6aa1a025e7891a4028ea8b6d6,768.375000,8
4,b9da51079937b3d1e98466ef04293b9bdfc12968fb297db878087f9dbbd3c82e,524.250000,8
4,a09768a9de6f06828b7edc2c95d944d4c128633e54075d95487910b96eeedb4f,301.125000,8
4,0343d2262f2c092f1fdc71c0cb206a60c857953a3f1cdfa926cbc33a394786e9,774.125000,8
4,7fbf48ad31fd90f61efbfb20c6679168868b994d5f6ebcf9721056e3db4e9fb8,520.125000,8
4,8885a7204dd10dfb75dad5283473086d95444488371227f0934234e65c75267b,975.250000,8
4,eeba7333be639dd68a729a0bafdebaf5c30bad8ba0a98ec1dc011225b7ef73b5,888.250000,8
4,ad3071a9e6e3976f7ae51d96c892147522a12370c4d56b801f6f298626c57b02,620.875000,8
4,4a05ac7a79c20fe5f602c7bddee8b343c2c8e1e44b193a00560255ad20fbc843,615.875000,8
4,28c1b11300563eacfe465312b638d8c9a2312d0ced939866e04ad98d05794a25,653.875000,8
4,c998e6ef46736ff45e75a8a74c77d046ad7653daeb53945b81e4d85f016e65aa,1187.250000,8
4,028abd62c021fa78de137d9b02a12460d238172c1f2b33b7f326cbb7cec91c33,1220.250000,8
4,69952e212a2263f4397ac4ea5ba74b1394c1ff3d2e27fb36a7f9d35d240ac058,788.250000,8
4,1bfb571d4ce0ca30d8615f9b39e15a6fa300406d904d6d969dd71518840768ee,884.500000,8
4,aa6cda282343ca955f1dc4276001565327ddacd3accbdc0a473aa3e6c3ffe530,773.500000,8
4,92a4835d63979d8795282e24e2db6c457a1d4ba28c36ae375e27372fcb21e5cc,906.250000,8
4,d3ba17051f16abd4381f6f98ae90e731c13543802e1542a0ee27e6cba37ab7c1,753.250000,8
4,d7eee4a9460b0686c5b273a85e5dfc03fb3f1421b57cd551be5501b6cf4679c7,481.125000,8
4,8e52383d688e0d790fc63faf83afcf4376aaea8b8d1a8a922def34795c71def0,878.250000,8
4,dd9013bcd2d3953392b3da9e4ae34ba67b6fd856992a39e9a4e8292410330a68,330.250000,8
4,f765fec4d11f8fa89e0cf8c25288be0e66ed4a59948006a24a197d10b6d34bdb,954.750000,8
4,af5005d570f56170ece864ec71cd943b471a03ad3168542e812119d5707df680,611.250000,8
4,3a6c2fdbf06d41bca006baca6607dd0dac743b6b33cf89fb0b9eee4fca3a48cc,638.375000,8
4,94249817b6802a0baf2c7363ed6d15dd8ff6b8fec221f92771222e27bf69f353,1034.875000,8
4,8c87e7c4733d5c0716e13bbb924067f39449532f59652229d15c818c0b224a0e,998.875000,8
4,137eaaca6371522c1439a31893936842ba964f96573edb86a9f4a5d703eb4eaf,976.875000,8
4,9b939d53eeb189be538a40b9fcde0336f7378756cf4e8c26ba3138093b2cb9ea,901.875000,8
4,0c8fc7e55eba973ec9ca009b1e6fa48f478cff6e99bac6669235986f0ef13a40,1030.750000,8
4,29411c46c60f374b4299e79d3ca29e54d56660f5fbc791fbaa49dcb4a1775e92,646.750000,8
4,ca4c2429ae50fdb682908101babe29177e017a8cd35f1c86b654209879f7be73,690.875000,8
4,9f0a7a631147a9ec2aa3757a118b7e3ec519e99d5b137bb436752b2b4afe0901,841.375000,8
4,5c3a67ede405d6badf7e1b6019f1f3a0195afcd62b8e99d846664634b535326a,699.375000,8
4,59fd5efdf2844413540720da9b730985fd7aaaa7f6428967beb05df042fe7da4,651.375000,8
4,0e22c94a863a54409a874d5368ac5ee1c1d6540ef7b36bb0c98c05bf9fdd2f9f,424.375000,8
4,13a3ee485db011a7d2e38d2fdad3e63c7934106b32c58a0aa18c926947dd84f6,429.500000,8
4,bd7ad6e0e2b497e5319f5c3b0eadc7dffe309f64d0e55eb034774ff70df93aa4,408.500000,8
4,d4092e0fa82af878ef76214b8e9cb2a79c484499d868ae06740866f9fcac6dfe,967.250000,8
4,c2a9cb9287768f8d9de51a13964fc76ed5f6d4299fa21c73e07a8b21bffc1df6,891.750000,8
4,5ca1b217f11b133c9206d9bb3cf3565a1a6724d09ae213d397d68ec26dde3cdc,334.750000,8
4,e6398540887604e91c863f9239380a27f0b58b6829d052f1e96151df9fd066d8,847.125000,8
4,2ef53138769d9268035a7a244c66920c7996383d6757c7c1f968381b4c738c19,1070.000000,8
4,69ba8b5e795201f31198bc9ae8825862c7edbf02b140e0eb91fb94ca40960129,997.500000,8
4,67c6634a8d3729892f7c9854a393426699c65d477098c866efb5d8ecaa65731c,603.500000,8
4,58d146835aeeec7f5058be7d515a35bfe9a42bbc9caae1e690a62eb7d1b71299,336.500000,8
4,03ed2df4688c5fd2d36d8c127af17a21ba7e98a354e6026aeb75b0f3e9c594f8,304.625000,8
4,6694692eef41d24b85e970b46530492486de005afc3cf4181aef792b2aff3935,1214.250000,8
4,30d8ecc9c62cc549229b2c639fcd0624850a886b4af80dcd65723d4b773c9449,854.250000,8
4,0d1874067e39f2ff83a3933ce2232f989421bcceade8142129fca77b7379feb4,805.125000,8
4,5e7949a47775931a857ca849f48a2674e496e1287901857580cce9e21ffd58ce,719.125000,8
4,f099dcc08eaddc6563651e0f2733d7bcf324eba6cb77e4c1e76dad244a4edc70,709.375000,8
4,e042db2dfa103110d19226c10633ed45c2c612f736bb649c63872df695a54b54,287.375000,8
4,c5ccb950f94287647295dd5b57b4b8f160298d05a6d03cf43602c0d206b383a2,837.875000,8
4,bcf636cb3759c8bd41091706779c6f7fbc132b2c646de7f9d6ad43c0bf6a9699,712.875000,8
4,c8195b90a75c693e21bacecae3758fd18602f00049f59862024a6da7316673a3,998.000000,8
4,a84c2e4c8d72ed4cea3881644538602f9850fc85616341cae0abe58752f243c5,1101.000000,8
4,6e44a07e4eb64ce707a1bdd5588db29c7ecb6bfa51bb465807b0ba4fb3821672,913.000000,8
4,df29c9bf2d737a092f45aa6f22309e9a1e162444da6b0fc57bdc19cc667a6094,868.625000,8
4,2cfe7b5a8b415f60958b43b813bf93ac93e4ee85ac30e2ca14124a8d5aada2b3,480.625000,8
4,a2a9192a8cdcd63fd9f71fc8dc74c682bab2ca8030475e5aa78ea0fe77be90ce,955.500000,8
4,bb3f441c0d92c4180836e9fa619ae9c5094bbc67e302e3a9c5a2d6fb414b0790,1116.375000,8
4,6196cc651f5e87e1edffd7be8fed56be6560cebba3005a3758a7756d1b6e958e,427.375000,8
4,50b3cdda2b04558f8189d7df0b91bfe427d4c2e90f43074becfdb0a562163cc8,1141.875000,8
4,4ef422ff79fb247aee76f5cf873eebbcd4903f231e490bbc8b4a07cfea471f71,1040.875000,8
4,b56ccf96f6945a84608c26188972a9aa643f276a4eb422a7dc80d2e264da2d49,666.000000,8
4,14130e90bcbd27fcf7ed64cf4df7956c73844974778c9fccaf75c83a6b11f3b6,814.500000,8
4,ae3ee6c486ad5d1592c9406dc3d14c6a703ac4d8fdbfd24b9be1dfeaedd5d0d2,547.625000,8
4,2b90e643163175f5f7a74eb3d3fca13a67298ba1cf1446a29451f2d73b187055,281.375000,8
4,a3df83e442c2fbdc7c6b49e165aa95b1e7a424275964ed9f48fd616a8108d67d,1077.500000,8
4,397056b1552aa318622e5909eb892c0609f7a4de8364e6e2d282d1e187e362a0,962.125000,8
4,7afd43a01de917451a735ee5623a4741d900fe47611ba93086f267cfa7070565,945.625000,8
4,98b140a29313a9840ab3e16247f2b173b06c56c362716aedbdcfc5fd5a3a53a7,1042.500000,8
4,6b9e86cffe4450084ab2ba397deb30d0c6b84a435fe3c2f00b138c7065b86f5d,936.500000,8
4,1fb2993985c8777188c5b26ff41bc51d520e699db0b26bd5ae21313c4861c98c,478.625000,8
4,5738e056b378ed9f0d7c6f0f6933739ad2c8ffa46a4d81179805309eff9eebdc,681.875000,8
4,175f4dca3298d0a7f8759c34fca75ef410889282a4271bfc1ddbe8b1fc81e348,1107.375000,8
4,2aafbf7a1cffd009f0d71f461dca858a3c9a5f782792b645db949f1c02a847d3,1095.375000,8
4,b3bd0ec35f833143817a6a49a88d3c0e56392bb94c56da1609ad1eeff41c7705,1088.375000,8
4,10d7104d70a7861806247c45bf86e84ba4d7bd953f2e8a018b4b692e52dbbeca,503.625000,8
4,f81d9883aab4f39cabf39ef80d5eb0802044eee7638809c3abb093974315d355,851.875000,8
4,e1ca97ce7fe429f3c1cb6065e0f53097806eb2684602f403eb379dc7713efd3a,963.375000,8
4,eb4fb18d68d6cdcc953b4357bf5066ae5a195f36ca692b3e26a87175cee1367f,416.375000,8
4,55f5cdb4d93968abd5e17bbcdbd19dd072b2a3786d8613da48ad54e917e87066,340.000000,8
4,b0a7dc9a3568b687d6e5da6a35855f8bbb2dd38196556510f74089e52bbef3d7,593.000000,8
4,9ee30d3d0df8c886b743d6e84146176ff211e7063b693b2e3576742e2dba7ce8,451.000000,8
4,c70d4aa88e7db2d4f0ad30b2f3d025de6d85260f6a0291f596bb885123264250,480.250000,8
4,ccecf669312f8dc1bbbaeb2d19f1b2cd03e2b3f88ab5c054447225bde89ce42b,752.500000,8
4,3c0c5c18fbcbc6265c889e6a929c744e9c15d251085ec871d548f4d6f89a913b,362.625000,8
4,fcdc735cadbbd5cccd04f67e10c5db07faad032432ee09b92935a5f20fc28ec9,1102.750000,8
4,1cd2a9142f7271ca33874ede0ce20f13ae84b4b8eefc69707bae4593d6b7e16e,1016.875000,8
4,144b2640d7eac151ffbd0e86a36d9fc4c296a2efe3c4b13abf06b22d0bd3fe1a,811.875000,8
4,cd636025d02208f07bbd1ee3a05af69bb2c32717712bf29ce02134c92bd83d1b,758.875000,8
4,2b489465d037e29bcc9c14dc0def7a9bc0f4439f980aaf9727a86adb3dd95ffe,810.500000,8
4,cfa3e2a83c6e0dc9e82a8bc2eb1681a64d931323d2cc8a0ff50e92fbadf51292,696.750000,8
4,5d20f4af9188dbb3d66080ddf98efef1012b9b08461f099b86c52b7fec3aefd4,460.625000,8
4,1443ad0e2c51bfbfd5d177c263b8d6804f019510f24adead8773ee216050d732,752.750000,8
4,1de60faabf1fa59f301fe0da1814364137a03ee3e5810e31555bb2c580e2783d,739.875000,8
4,4f912a18d213cb21788190cdec8ffbd5774044ab17d5e24f614a438fc8059dc9,936.500000,8
4,74c36c348f03626917016d75f7c2b8d342e9ca856a9f6b6cf0f6c125231b4e16,699.500000,8
4,e54050dd3cfb24449b279299dc4f90c6b53407b03db65216c518ea01741f9ccf,418.500000,8
4,ff58c03d2df10c794c5dd56fe1b8bdb44e015f3c2e7eaa83b8c0284408152262,976.875000,8
4,7a02ea9c1ca1f4b54f5e07279af3d967bafb173385fb277dd2ccf50854bf420c,1001.875000,8
4,aa57e60d586bbaf5dd1b6272b698e77b88b35767e7cb94bb823bc8d2cd784e20,576.875000,8
4,756d1378dbeb0cb94c060a3401ae533d21f6845c7e3eadd28c12615a1a5fd647,1067.375000,8
4,809e4b963f402940f870dfd2dfc526fac800629c26a9492f03216ca73d5bdee1,795.375000,8
4,d42a7b48672921a320589629480a38107a98ef4ea27b6a3202ca6f0310bcbfbc,983.625000,8
4,e6168a90fde06b1bf79f52d803f1668790af35b24c6d708b98f7eab831f41e1a,573.000000,8
4,4fd1131da1e2cb91556094d4d80ec2e315f83f82a5c6ac9598694b6b9114af7f,258.000000,8
4,05f820cf79cf11f43b08c7f20b0632bae51ff34c667ac4b2c8317e151a2293cd,553.750000,8
4,83ddbdb890a3f2fad2bfa6949aaef820bfcc11d1536d3c0d7031eee6bb0abc0d,322.750000,8
4,c97f286adb70cf21a659d3a6eb8ee801215764d5f78b26951f076aa434184391,611.625000,8
4,2d0b0a0cec09877ee85050bab68735267bb74cdca6de141eec12a9b793c8121e,525.500000,8
4,727730471961e0526a707bfe5d23aa0869d2e7e8185355fc6f206ae58637fb43,418.500000,8
4,b2909515e87099191340e0583a4257ee7a51dd006f6cbe9b7dc394f9b8034496,678.750000,8
4,dec5a202f5ea3d110113d6622047c8aa1661b16b89a5d4f87fd3023ad27f9b7c,614.750000,8
4,e488cad2b6186a366e644a19458e1762005ec6171c8d390070be1b7761c913b9,339.875000,8
4,41c6452cbb03eba4a7e64de481efb11095ed966f5c558539af326d2e2cdd8e79,1181.000000,8
4,0ba74425d26e73813fcd5a473c31ed7eef07ffddfc46b8c8457e8d147f2e10a3,1120.000000,8
4,99d6d46513df2dcb4c6363eb0091b02994342816b70d0fad8e8cf8e85ce3f282,551.875000,8
4,135806e074891b76de57b8c1e78d52e04f90667097d318587f9abec1f86284b4,658.875000,8
4,b5adbfe02a376f4d2829465557d0166e1c142c20919fce869140c3449afe6842,491.125000,8
4,825e9a372be7b705db7e23f15fb28f1c60f25d178887cfc8bc2465ca3290620a,353.250000,8
4,f4f5a428dafe6a4520225f22f1a75b4ec1c634cbf9b7ee3e8c3073abee219b6f,335.750000,8
4,2a30ece278e1260ec16cd2e5e58232b800552cd550d772f19c7e88b56593ca81,656.875000,8
4,52565509324a0641f819994fb42aadb4ca91cc6af47d3f74b354b4e650fceca0,361.875000,8
4,7314ea7aba5dcd50f2ceb8d8c8cc520031b5b79c035fb7aa0c768b2dcbc807fb,792.375000,8
4,d9d139d219e99756478f9915ee47188b8e8d6cd2d402297d2841adf9e3edcfef,782.375000,8
4,271459d5043d3c7fd1d3f5c79cd0c0e1dd4b9c5a4e3489afe4ac99068cf474af,1042.500000,8
4,b1d20ed8c4a1bf046051e8866e14c733c919a17809b64ee0303cf290825f2179,672.500000,8
4,e184e8764ce2b725cc078fe43de752d259306c86cc660187dd7e94403503d7de,681.625000,8
4,8c383a8a2fa7433cbbd70a69ad754e09d9e878560613aa1810876d898c2db924,1126.000000,8
4,b41f7b7d432af37f1398de8a246e8087c9c0ad52b2f04acf3b3116b50b6a9092,1161.000000,8
4,af9bffe2528ad89d89f12e7ee3f992b349d7cbe456957664ea9dfd8e88e91f77,889.000000,8
4,86a2d185e5b0736c691bbb0e10c12b1f0b51512878dbccd5e3149efeeb7d4685,474.500000,8
4,0071789fff38a18d8eefa4055e5c8295515b0b6db6b5d8d36c6a81a40e1187f5,347.000000,8
4,8e87c60cb8434166218c2ae5627aa1ca4198a726e4a236e1c9f4822ca1b449d3,1066.875000,8
4,40d9fe138de452948da5e2cd2313fe89d0567e9220bfde0fb2e6cf58660cec1b,1086.875000,8
4,83c99f63f5ad1b4021490e589df2bb5c33dc46b4fa0b9532eac8c46eac333e8c,919.875000,8
4,f914ad02ee36e0811f9542cd0ea8c2d1fe6765cfbe9fa68df9f9448b39fbaf96,1038.125000,8
4,cc1ccf1dac27c152c1ff1fe9494d9a3d91acbaeb69607911d139376199bd7b03,579.125000,8
4,0d1ec22b6c480f736127f9dcd9c4ea19a877590f900f868b8fc7052988ef01e7,562.000000,8
4,3808b14c793ce247e1f6d4fbc2535a6c62e1705c3ce72c79c977a306103f5df1,510.125000,8
4,1bcbf06d334531735aca31d9cd4945772634058b834d244a99cda6805decaafc,898.625000,8
4,18ce855d5d943cfb05a199910e7016f172ef5e0df6ec89522bdf3c0bff7ad129,355.625000,8
4,c12cb003d621a9b17da3075e4ce63677bed8b55046fc1c525fd744730d2c315b,821.000000,8
4,afc9e347b3b4afb0952edc088cf05404eb72def3d9d7dadb718b14f860a12ccd,297.000000,8
4,322ef5940a1d411d4755164908232889ef91eb10de663dd59e5929ddb3502fa2,580.000000,8
4,fdde1f3da45a0b0f19f43c600d590751bce2f8fd161fa3b3b9ea44f41e7d4382,504.000000,8
4,3df8642694e9cddeea864cab7bd0da854f08483e475e90e96281bad1bc8ebcb8,944.500000,8
4,336b913a8be70f42225bf5095bed11396eb5f126476f1ba9be7d27e5b71cd3b4,286.500000,8
4,ecd71f047922399665977f9268c2274493d77e71874be8a2dc61609c63460ef2,371.500000,8
4,8521c778344954cdbead075eefcec98368e3290a37d85f10d828ba1d655ccdb9,871.125000,8
4,238094f82e8d28a3ba7adbd846ad3e108d975d2079a59e7e49c1201a63c451fb,725.250000,8
4,cbf787bff3825864d72952e386a709efe3918f7088a7f7a5736a6680feeff2e1,611.250000,8
4,41d52b55537f104a82eab4cbf0df56f914cc3766dd904372244a0d097b41ba30,398.250000,8
4,0916434d21899af71e59e56665f5194d149dc58fb7fce5f84423315e4796834e,321.000000,8
4,7176b5cdf3c62286be5ac7eb4a83efe3d0136e7822d81547af31b79e3d0e5871,798.000000,8
4,82a31832db6fb62d1c55c86d27b78bb7301b90e88c8316144597c72ee531a076,280.625000,8
4,1c13ccce7ea601ff021d0325a9677202394957e2950a7aefd4c7fbaee8845551,558.375000,8
4,71c78741e95b8d5a68818b827e66080f1db0b8a79948cbdcdcb097303075e640,307.375000,8
4,4fe42fc1480e211d8423671e479fcb08b3dd597fc8d4c863ef45fc9d7988fe4d,1060.500000,8
4,7a3178663f75285e505c688ecb6719362a96679657d3dade71198150031b5530,813.500000,8
4,afccfe632c21ad8dc8da4959ddf721c75809207b946084133614bc47b103f3bc,463.500000,8
4,5cb62f995a902ec92952fea7ff9352970547eb2f9a6e74ab355b60aaea836042,447.000000,8
4,857ccb687a2083096c87041660844f8f24d30081a2f383ccd02d9e89d30d34dd,521.125000,8
4,9704cb78b9e81fee6fd59161fffd54983cfaac5c1bfd23659407287aee2c4a02,848.750000,8
4,68f248b6cbe8e6b79d2fd7367942cf5226def78930630682b9a3ae2370a6e00a,758.750000,8
4,66d84893b1e5b9c9b92c2627bc11d38d9e762f7409d5ad81818b5f60c2c77c0f,675.750000,8
4,53c921fa0dbd18cf33520ce09c6ece28bff6a6c904cfc7e777b34daad58fe51c,654.750000,8
4,ca561b05175e620b3a8f5f5e8e363ac236b06553023a094b330df8fd87283e12,819.500000,8
4,4849d3954255863bf85cd1a03f8442517ca9e91fb18dc2832e561752624af192,1019.875000,8
4,cd2f8de16231b6f8a821c7d0dd436020343bc48f2b898179d8dd71747edd839e,980.875000,8
4,3d85884e8b5a765bd40c89c4ac7e59c094c0cfbe6b1b8d5b9845848fb7a581dc,928.250000,8
4,9cea11b18ac67584089aa9edc2f3271f24ccd2a15d6cedca177a4c9bc2ff4c2c,368.125000,8
4,686137d70fb7da2ac623379a6588285f5d74dc902c95348fd7d4f770537a2c3d,429.125000,8
4,0a32412f25e9185d208c77216c9995a6fc63e64047f401a0207998c426437f7e,874.875000,8
4,322691ea71859e1b58c83bb05703b082eb359b28183136f7804494726ddd3368,916.375000,8
4,e759caf526bdfba9c5aae14024fec98e84b6bfb3673d2f9763d73021191939d1,573.375000,8
4,fe74cff6ad6a4b2a3982a08c4f72c081c2802b8242c260776a4301f87d8cb14e,586.375000,8
4,1320a9af3a53cade2442e379ac500ad24c2abee3ec90f9329670034cb9d31c76,237.250000,8
4,83594e4219e82369edd9dc5395604e286f9f086336c1001daba3e59e41034068,440.250000,8
4,cae5ffb261ad73734092239d7a682245ec1bb546f2d071e9f78e53e668972925,425.250000,8
4,3bf583124712efffe063989bcdbbe95aca7ed9bf7da3f8dea42aefeeabb7d9b0,473.125000,8
4,1fcc6b4a3f1e973641c225e48b8dbcc3df22eb105ffa77e8111322097a46ad9b,917.875000,8
4,6f3765a03e2568700bd416f6ebfbd99c08047d2504df297a3661f4c39c24e1cb,307.875000,8
4,038017ffbe7467f83e2d77f0860a64facfd023713ad4cb5932ef63ae6f3cd846,946.800000,5
4,0748fb0856fdced3412c0929e4e7f3007d3b822be69d9a408638f7f203d0b22c,682.800000,5
5,35cad1fbceaac553e989632ec392524311db3f502b3c912ff121c7ec1f32f2e0,789.222222,9
5,3eb1f82b4ee6fee4d6ca4e161c8dcc884d443a423fc9c5d3dd392b09ad473275,470.222222,9
5,af794eeb62910d04cfa15d3bd83ad4e0080f8dc9aac38a8d75e33087f93812fd,828.000000,9
5,93cb6904d681a702071e7190013a535ffc5942b61a6a845201f6e1192f5aeb27,640.000000,9
5,66cf6dd2cdb66a5cfdb31f61ce39e5ffc98d0547ef486e03bedb5eec08f19cdd,296.222222,9
5,50a400ded0bbc12f4928768fd95adfef873c28ee0348eb033d4b858c77c94467,836.333333,9
5,ad9b4ae7dbb0c499279694137f10be64f239e3659507430c2bdd8bc3ee88a440,713.444444,9
5,b9f15a9a10bd7b47aeac0c78897d9121b1605e9b5c045d2a2e932c2bdae64aa5,607.333333,9
5,56e9cd3ddfb156150598b6f838aa036a838b3830001217fab09d08fe6c13c3d3,911.000000,9
5,a0d60fce8671e21f58ff0d0768bba4553e0c3f13e0c8411443d541afebc9b633,744.555556,9
5,9e68739b8291e4c7b7da823fda065305b6ddd2dbd88fa82cf857677d22ceb7f7,754.222222,9
5,6035850fc623e411842e22a0522b96c50943036629a64b9fb6b6713ce36bca81,937.111111,9
5,0b4b7f006b41460be82546e1b1de89e6212d14ef82a79c3709f7d0f83d06cab4,889.111111,9
5,f99cfaf0a13595406b82240501cbbcf92c2f854a5bc262da3032f4b5b21e9b76,634.111111,9
5,3abfde6d16a656335ba2cc3a2726344f3fe9593399d525c336640e2f24c2526b,373.222222,9
5,cd3c17ee29aaa6643802c438c5513e97c609b7dedc2929f089d08efc360e2fdf,624.888889,9
5,6268fc845fa4af1597798cb89c78453c2ee7231d50d4f8a4d4be6877cfac61ab,449.888889,9
5,5c59265ec197b1cb77a12db99f805a875cdd6b32d8f00c0e04531b17e2d5dfbb,816.111111,9
5,fc6685ff88d11c7fc1d916e9e98f8d410948d14400fe3901a7d7dec6699f7087,624.111111,9
5,97dfa9fe55261feee45e4c14f32fde7c7129b25a4339f3bebd67814c75613aa0,356.111111,9
5,ea5b2246a6c6ecbe095e8d192618232d4e4dac857fbfeca7072b2cbfef4e4e5c,741.666667,9
5,57bc05d7f1fe0d5a35cee5816073e70e502cf349ce1a4030f6bdb13a6cc2b384,657.666667,9
5,974c7494e3a15c860baf3ea426e20a6f248011cca3f263e51b1ecc63d25fe9d8,636.222222,9
5,9544d4945e8eb09235712f5b7d931a5b85847490f6d854d2c8f58c4079bdc632,473.222222,9
5,5363c37581a0d9652c25c62c3bebfb7c87faecddafd07f3bf2e68ac1ac2cc7c4,436.222222,9
5,0595254922330a2857f3a3a091198fa54c6529af6026e3f4957b26f88a8d5ee1,707.333333,9
5,bce435a3dcfc0450484edca6940dc380b49ebbf07c8bc3b6e39b724eb41236d1,821.333333,9
5,17ca32e44c9573c876df7ee51cfae4ac4f7b4df627780ed82c71565fdc18cd9b,810.555556,9
5,5bcbc133e8b7bafb546c7a8a5f46022bd83905c65712979485278866bd2709e1,817.777778,9
5,045b51517e5a958cdc374f248fcb7ba9138dbdbd2b044f163ad99676ffa4dc73,536.777778,9
5,e11ea3e5125bd676aefe492381f10cf06d4aa44c6e013743d2f368d78eaf4573,418.777778,9
5,6887d28c8324f96a0ada37994b630abff8b975521927913e2f8971582d55822d,268.777778,9
5,31d9ff338d1f018cdc0dcc350891be47d6d276d67e71937209545ce54125fa24,945.000000,9
5,ae5eb2689641647a7ab03e6bee20401c65972f96c1086dac21765794c04e866a,370.000000,9
5,17f23a3fddddc9accf35c6a7a1a3d6ded7ac47e4b1e9c759e35ce3ec288e7c31,446.888889,9
5,0e8a9058c73a9565cdd62b7285fc27a3ae72e7e6397bd83ef7b16b2712a68f18,654.444444,9
5,e0c03d6453be9c15d7512dfb19123b159fc0d6e42e5f9c1e4d140f90b1286112,408.444444,9
5,1b9147de41c7b8ec515032bd15b36e80e07919c949848a197026b0ba947a1935,430.666667,9
5,e165125ae7d9e0dc0d2bd8d7781eba9c8d43e26a09468b347edc6a755f3e7b4d,413.555556,9
5,f4ffc44b3c6d0c28c9a824bf2af6933392d26eb1e8120cdb5cf6489b60532584,691.777778,9
5,1d8fd7bd5d5b9a0771dcb1dfafdf9639ed94e0363c3cf76296e6f111ec575759,526.777778,9
5,61ada17f67cd392f796053c33e588d16fdc34070f74d751c5f3db9807f0e4bfd,781.000000,9
5,e16d4a79291d1ae1d53ebbeb02f7bbc133f6a98e11a056efef41596b528e2ab6,901.777778,9
5,f2e1ed6af4bbac5fbce5a182aa00d2e4976e3972f05cd3c3fd5cc25d3ef3a661,402.777778,9
5,f50daec97c739b887652d69abf07a8965fd6d802c276aa0b717fe577ca5132a1,747.111111,9
5,5d7702c74bed57d84a93a901595dac54af12c59363ce7a70ab0466a5c9a28161,770.111111,9
5,6a269eafbed2f7b847d65242eca9471ffa3fd98c2737aecf74d8f946f12f9c57,829.000000,9
5,dc003a801753aa67a7b0217b3900a2e1cf883d23baf62d0e9367a3e4a7af6222,679.000000,9
5,da2d5b10c099ffb234a5ed0def32fdd52a90844ddd68a16fe5cec9e322c8989e,522.444444,9
5,5bc71f44cb9588cde02ed83c62477ee2eeb92d327fdf94bae0a64339cc12ddbc,448.444444,9
5,d22c8b65cba8553b4f09757b60fcf08c1942b0104b075e10c6cde53bdb4659e4,779.555556,9
5,4f34225f5d08b4fcce89c22cae6aa563deb748fcf55f14c246b6677f5e98160f,723.555556,9
5,aeef06dcb251a59f4674350ca315caae03639be1c4a9262736285530816f6bac,803.111111,9
5,8cfac98205d7beffae8a118d0ccb24cd7a8062c40a0fe783888574b9851ec732,494.111111,9
5,d237c1366afbe6a87d34978d2115388d48256f8a3d62d9517519252c9b885518,695.000000,9
5,2afa4855a7a9c23258b17aa0bfd74fa56060434ae43d2b12376fe0a0d5f7731f,630.444444,9
5,b68c4cbd1f58848382b6bf810d29b9260d912e14d361fd2f5ab94aa20a9d92aa,769.111111,9
5,bc980659f83e21d9fc94998ce65417466213d8aa4579d13fa746f50d3f58c514,519.555556,9
5,df21b9022ae0c3d518dbe58404c533e419d847320d2895ddc9351d8a72dd8aae,453.444444,9
5,017cb0cb6d9bd4776744114ec6e0b8c5c2f23038c84d68637bfbe337108d417e,328.444444,9
5,600c750a21d3bab615afb992926f117b702460f0c7612b5ff68e8e2834ff8ee9,568.888889,9
5,209fc4500865b689949b76c86fff92199952c58ab4440de61815dee275a9baba,460.888889,9
5,44660afdbfdef989f0313344f3773958b2fc4ccdb3387af33f6b9c31798c85ca,646.555556,9
5,d4b29b76fb960863db92e9b6b9488a54213f280ee863cdef7a27d3e934b506d8,679.888889,9
5,6787b951074979d52ec5b09eeff2d9baf53e67506dee8eb55a8f0991e189506b,801.555556,9
5,8882981677525440e3b7efda61d5290822577ccc6ffe4126f3c422a2400c81ad,405.555556,9
5,fac60cdc249773803609c757e457d974257c1753451bd5238e3fb4b730903ec8,476.777778,9
5,e1caf2f85fc5795bdb0c8ca0bcca69a71c56ca20e48034357711cf833ebc5508,532.777778,9
5,3059384ac145fd08f0f3e71827e947db6c1bb1a2077c2d7b5b903e675bedd5bc,634.777778,9
5,69e1e4c2140bb97bf9c173bfd5150307d9900d9af53089c5ce8cecacf78be82b,460.777778,9
5,7729215fd1e196822197ee9d71b7bdf205deccafa3186422f87d3fa7a03b054b,455.888889,9
5,509ab615e6a4e8a7fcabfafe2eda8e4fe57d6ee85580d9ab689ea473cba43102,342.666667,9
5,c23cdac9294c55bfc11b0f3b83d09c36730f8855f5d094a0571d36e678a68656,655.555556,9
5,1f4228b447bedacb9b7b34e568dce96310d321eebe6c43068437014fd02bec8f,736.555556,9
5,c70946d1da58074cf653004d0afc6c68dfedfd341ff47517908bedd2bef36b17,563.777778,9
5,982b7d06f2854d78050093699ef3511fab769b8eebe63f3fb0c0b2e049d2acd8,600.888889,9
5,3122f59df7a995722b3d7b22ed9a4a400f0e0b831fd45c65c6f8002a8075d1fe,876.888889,9
5,3219ab5ead5616ef0771c3133357fd57a04e007bc9dd06a049c47da5a2595523,742.333333,9
5,a1f693e5f88b44d3e5ef75c43499041a79c3f13d2bf8e519137dc5519b06bb7e,824.333333,9
5,b2cae0b180cacdf54d92fe7bc4fa854169d688a5d174c9c77dbb944497711fb4,982.777778,9
5,116eff31f4a4ea34a57bde008794e4b4c55a25681f56dd55839e0e4422a1d1f0,487.777778,9
5,0a501cda21aa3c08fc11999bc550594ee76cc711c995c83baca5a1b6f0cbe7b2,640.777778,9
5,6d7e6765acd9bdf5a1397f1f5e439e8af00b769860f709d87197a22d71df9372,536.777778,9
5,645b935ed2ca23a0f6881a7304b41cc081e521a4eaa49d9c35be5c10c0fd0620,720.111111,9
5,a3e612b76f0a951af64757dd98d4f98284d38844219218572baf5a226019572f,425.111111,9
5,3e8f0b5efa0a2198baf30676cc8a8ca03da652541f47c5a222fffcebd84931fd,751.666667,9
5,e762600467d650ce47a705f3da2ed0829b80cdf3987ade461db33b8cbaec2181,565.666667,9
5,39a89e4dc7c967b954b5cad29ab6bb1afb563e1c782fdce01b56e0b8d9bd7f40,754.888889,9
5,d691fe336c019d505c39f9272d701226dd06bcce381c7c379607e48542c6644a,841.000000,9
5,c073ecfbcf162100dcf3917a3221b61d090a7e1344c58dffcab6556af3851d32,420.000000,9
5,71f1be8a74323220467b6bd9f210f9c8d845bcc7696945fb01acd7642b79533e,726.777778,9
5,c4dab677eb0ead85d0325a7fb87fe03f480b0296cca9c63b9303315e20a29785,465.777778,9
5,2359ef1459a5743910bc8ab5d46162cd6b4eaa94d36450c4690ded7745cddf71,823.222222,9
5,3967f49be25a1fe1bbcef551f2ed3213075f77be2630959f0dfead1b63857899,538.333333,9
5,6bd0cb0605996d48d6c20a5479d5853c950b83d383296679eaa344ca6f35b8f2,376.333333,9
5,4f5be579bc7408ad50c945cc079dacc42cc07cc92f6ee8448e168bdd64389e37,530.111111,9
5,f77d1cc3bcbfa0fb0570deaedcab590b71c43e7e7d7275a44773bb2a3d1cdd9a,546.333333,9
5,c03ebaef9a105496f97702524ee6b38489e182ac5edad9c3871ef47c8b539b15,502.333333,9
5,7d2a344eb28429c075e243e2c727d024636890858cdbfed456218a6dd3cb9dec,300.333333,9
5,405d663e825834afea2ea882b50b430c0c1beb145e41e9477a9c3d53cbac6382,533.222222,9
5,86dc5135dfdb15e359af698d5b408a0cda0a08ec4fa8f92c04642d3222c7c612,254.222222,9
5,d15765a9833235b79252aafc7743244e092c3b5f89bf6abd0e1c1d4801f74ff0,648.777778,9
5,f9b6a19867d613eaa836d50093e5c0ca6eba9b54cfb16de748264f6dad86c256,628.555556,9
5,d4e60ccbecb56a1615bb9bae90b16bbaba4370c561aa78ccb1d3ccb7dc1e121b,427.555556,9
5,910c9c4f4e40dee73941442b40667e209a646571fb4aab9d484c22d075180808,385.555556,9
5,e9f2c928c287c11a63436b63c23e424eb0b7f9553436c6f1f5d2b6a05c6d38b8,770.777778,9
5,46ffb99310c77dcbb1266af653125b6920a8eee2db073fc5f5da95b20e42f26d,522.777778,9
5,a65d70d6f655bd89e7c4588fe88df94e9fbb6ea85880ffab3ea4bf62e774084c,553.000000,9
5,7184b06a67d02dfb15c44f233c7f20084379198cee0051330bd1ec3b3292d75e,496.111111,9
5,2182f8f9d699756eb9870fd1d141ca6ffaeda2520ee55679454f171bb1ee25ba,571.000000,9
5,9bff24584111b6434b3f866b75c5dda7d673064ab03972a34b0b1a12f416a8a5,623.444444,9
5,80c4aafc0989b47a2a8ec6e750e6b78cdb15109c7b9c74115c88ddbff9379e7c,461.444444,9
5,eb634cc4921b460a9cb7c77c23e62377b8d887ed93bb0b8e1e8ab2c7954bb56a,858.111111,9
5,19a960759d03eee0298788ee251c4337ce6ecae98276f0894c4628052d411c35,659.666667,9
5,d9d06fbb379219be0baf64bdb4129b699c056b1637f27c32b19a4b589d7eedc2,923.000000,9
5,70704c70dc235d86c753899820d9ddce0cb56bda66c68b3eb995bdaa1fc9fc6b,689.777778,9
5,a23e3086b1df2f1c8b055c2a783655cc0ca8ef3638ffe5903c4d2edeeb900d34,435.111111,9
5,ff6246cef421311d1d69c5f6d484c2650db0c8a9dc905b7f60e0f48a62b2174c,791.222222,9
5,18c124fb5444a428f841623cac06951361988df64fe5465dc5581f14b2cdd109,718.222222,9
5,0948e1e446bb350be8da44b0c4bf6f9284de1131acc5b7380a073bc355501518,785.111111,9
5,36ea420a800ea6a4d02dc15d6c8534019fbfd54e59851b39882627ee5d49459a,795.444444,9
5,87b14ee5a2b0d50a67747a18a9608cafd03ccf310a899c64552e4f96fbb20725,666.444444,9
5,5a9c9a413de6b12d4948ca339aa9a9fc7bde0376f21254333391abf648bf8cd0,394.555556,9
5,2b7fff031be98f1b96780fd13e64bd549d0b3746e79e4e93b7f0e71dd48e48e7,728.555556,9
5,94e92d80c7a74165363f660f1a7f4a87f0175d252457b298dee17e9510a82902,355.555556,9
5,ec222fab1468495848c29859c0ad6eaa30868a67f2846d713aad20485f293ee8,247.555556,9
5,940dc5ecdaa8ee1f3cc0802bb1ea2309540dc6eec2b36b12f880df4e540484ed,687.222222,9
5,360b03c5b09828d36bff803fcdcd9cd8e2b0428f14153e1fa6fc1214cf763658,776.555556,9
5,e9cbd5a4ea213e7590462fbc844ff433aa133ac6c7ee669706ab53f6e3045098,473.555556,9
5,02c283350a907264d24cee31da02cd0d5887fe1bb1d293b5695fe5e6e5b36904,327.444444,9
5,1357271e5198a8a038c238736e24eada942b556308ad1c241b08bc577888f368,592.222222,9
5,1db7a3fa715ba83adc76beee5b8b78aa8f9d0aa2215d5c2372e908e7715bb96d,607.777778,9
5,454da0460764fd2ba0e357d74944d7fe1a0a2eb6f1ce71833834dff4fc554b4c,640.222222,9
5,4d66ba2252d7d401a8264f2142d5d1a0b81de1dbd51040ecd982d9b35b7377d4,532.222222,9
5,8091fc353757153e153c3cbb42f84303b84d1e5d36fe9ad4f6e9b871a9d96e46,345.222222,9
5,fa3a90c959fe8a3d774b21de072374f71d562d70f3a3e502b7311e36a13a9976,600.000000,9
5,723b57b39d064784da04b0eb2204f7e09e265a464c4c661b51ea4e134c0fc8be,790.777778,9
5,7faa34fbe935db9f515777eb2f07b777ddf6134d7460651e060bf18bc378d2e3,584.888889,9
5,5fd2f2f91fcbf024a39f5d91ba8dac0412d24507c0f7080c03f21ff0c0fb2cc9,505.888889,9
5,08e780b0c560d45d915209b0cf6a0b1cd5a8f18478a8c448c7629b2265d595bc,534.333333,9
5,81816f7330c3df37098c32a981a8b7b86a34d64dd1c84f55cee694f02aef3f6f,582.444444,9
5,8cfe753103ed3a5a07e56636394cd949d8da94dc710c6a258721087773ef3198,498.222222,9
5,4d68ff1e5812fa640f272a853f6df41ec434f0ae10a11f141415285a07b65396,384.222222,9
5,7d3b9182259492333769f07a89d381c04d68401367fc21c0b8056b85fb16aaea,829.666667,9
5,675e9b5bf1969062c9e72d84149e6fe2e7d3cd1a8df63143b1892be954654513,767.666667,9
5,4d01b0a5248b329f49e58b2b2b6d63fcaa61562b8fc30213798a17bd82b85b12,724.666667,9
5,8aebfbafc0c6bd3ea368fb65a1b44144ce1ae7b716cdee4b726776d901205821,800.555556,9
5,a88e598985594211cb05f04ff04f3af27aba205a690e104af6663be757b7e0fd,814.777778,9
5,0a8e58f694b6ae28c3d5701ecaf338c666aa94726025b69b8b189fb90bb21e42,520.777778,9
5,0f9ad7d8a274299f3b8e863a58bdb20d6cf36fd05f7b9e344fc030ace1fcd509,795.444444,9
5,1473743708a2df4d50efb67c51391f1e99efa0785218a2193332b4c15a34867c,828.333333,9
5,48ee81ad2358ca48107f7f35c2d4e59c58a61711f673a3dfc0e64346b0f35907,393.333333,9
5,be3eb2d64b1ee4c855d9abb82ecdd3860f8a3e0ac8f9aa840a8d3df12e294659,284.333333,9
5,7372d83cd0d678b40ebb166ea4301d07a22e3bd768b6a9545a8fec9a3126744a,710.444444,9
5,774ceb157e6278821e43c956fbfa1cce332a2b57b10a8bfe9e4d81df2c2c1440,532.444444,9
5,6c03762287e5e4f00cc371b43cf5fafe5791e61dbb8b8bc93e34dfca2d02f608,520.333333,9
5,b15e8f5aafccc7004aa689e3bf14408472c407f40c11c22fc49996838c197e23,375.000000,9
5,cbf378e45f35ad2609f2c84c7eb2b6450811c2b00de9da2504c375e55ce6ac10,340.111111,9
5,353e954598e7cd9c73aa427096c9af5c7efce694949aec06dcc2828d8e3a382d,600.222222,9
5,27de26646dd5b9bd0301660e7c16b185dc211041cbf2c9692cf33c661be09ea3,570.222222,9
5,8f266ba98e2051dca8eff58c67341f53ba8d4bb10d2fe98aa063d9536735d42e,1001.555556,9
5,c964bedcca54fb27b00c20aa404c70f7099c55142c7a01c172b877d33d5d4b27,900.666667,9
5,b67b59bdd85cd9698aa322a130b979cbf96503acd3cf0db00309ad24844fc62c,606.666667,9
5,fb466adff259bae826a75cd56c11e6865c41e264836696bb7db3fe5226ac8192,609.444444,9
5,2fb74ce4064200a255bdb0f893bbf58a9a8aa35078bde0efedb5a1ed268dbd9b,518.444444,9
5,09fafeaaf63a27004be141c986d0c4dd3f51d8569be000eaabbfc979e7ba7a4b,849.333333,9
5,1616d5b414d0fa3db6d441b91bb1140678bdc65e4e1a60f616eb4abdbfaf569e,465.444444,9
5,4fcfea9a571021616b51a2330091bb6629f1787a0379819f45724c33657e9d7c,419.666667,9
5,3c9b133015abf5f8187ad9a0613a23176ad958b5288273247b2887555e57caaf,1003.777778,9
5,bd8b7a73fb10af2bedc8a00f5228967ea90d1066c363c1dbcbc3925f62dcfdeb,778.000000,9
5,2f5545bfdd8d0f23b8ccad94182c0bf75ad4c530914f8c618c52494b22a82f4b,448.111111,9
5,fc1989c27c3e7bb089a97686a8a72083f91a043015301ba05323e118f1ebe463,381.333333,9
5,fa0d77cc11a21c1ef719414d62f94a53408d71b993f92adc1245ee8b8437e435,476.777778,9
5,bf4c6a3f056f9118474c8fdff54d06e76d66ce76f7cfe5756451e94ede298137,916.777778,9
5,484d5a264f05bfdb28b5c9bf8f253bb0df8e44f39c672e09de344ff2624ea873,806.444444,9
5,ec3c7f5a40f319f60d162bc86afb029c1e1c2e3994d364fef909d55cd3af95ac,703.444444,9
5,b53165fd4540682119542e586393ff78eea13a9b21a86332f7767df5bc8c9b94,985.444444,9
5,2c94e2cdf35aaf66f797a1d24582d684625ae7339e1fdbb3c486429afa878baa,528.444444,9
5,92ab9343629ba83ff670a407a4652c1cfe46231e0fbf587db8ecd386ba486dfb,553.000000,9
5,b6f09e03e08b59ccb47841650d5d2fd61b7be736299f06e4b58e9e5b2cd76aa2,439.000000,9
5,19abf037905ba9c6d279456776e971decc65cd8a87296329fb7be2573c2e4e8a,407.666667,9
5,a6879cef81e320d759cbaa0a9c06c3088070963f9d440616df9936d7bfb38cf9,846.555556,9
5,23a6655af77c39336b8d17f10618c297689e1d1341650b838bcaf166d6e1e19c,696.555556,9
5,91a7486ba70df6a3da9c613fb41104011eef19d452f35f38004b6720dc07fba3,817.222222,9
5,444c43dcd33245f1febfa2e631c5e0954daaa1adfcd4b2cc34f3f42ef9ae213e,768.666667,9
5,b8f6703bdac9ef3bf330d2cf7c1b717e51f32e8c208c7a263d965aca8ea43b3c,638.000000,9
5,ca4e48d807e613b79a0d33c9933035ed74f2e8062ecbbd84bca5fa66b8d88830,875.777778,9
5,0c7d9d6d1a353a860b34b08d5b3467fbe69a60bb8e6a2e5bfd6cbffbb3ce293d,601.000000,9
5,7fbcc176b3d085ee52b76cd2d6cf5a981e7d0db8d5023c0ad91488e39750b717,765.888889,9
5,14a000b78b85aa2624c1e4169baa00bd29731459ba1ace1f44afc795ee7c9e9c,719.888889,9
5,55a70ce8f7c2bc9b8582afa65829943247f366faea39614150afb69d4e7659c4,379.888889,9
5,d90033a2aa57c43f0532a6256302dcbf920f1b72ec30d839cdb476ab325573bb,700.555556,9
5,351ee766e65273a2dbb83a60e05efa12b8c1ef44f86f3e41faaa9a1933986db8,551.555556,9
5,6058433378d3be6a707b5508b8f5eb14542104232ee70c5dd7c714834fc37d96,335.000000,9
5,cd34d075506b52d9996072eeb3768bc1fbf690e6d71b5df51c4d3d3ab4291d2a,668.666667,9
5,fffd32c5205c878c54aafed14fc1388efc8891daff9eb368773ecb62f6b2775b,716.666667,9
5,8e14d9e22b8d854192ceddaa04b5a57d04f41f2b7cb5e5978de244f00395b666,489.666667,9
5,315599f59c59e3075d94532012cb1202f998aa5f8960bb869dab057d2b047270,563.111111,9
5,5152963eb6dc7ecadeb1d9d169f13d7ce1df29386a5669794d2a82b648e0818b,1065.888889,9
5,c0e911b58d10f9a95f60baa7316f80cf83f20feb13ad506d84f6599840b17f46,941.000000,9
5,cabaf7fb4dab7f2ecf1ac51b7850b1638013d5ad98bbd30b5d08b632ed2cae42,648.000000,9
5,0299f534d2fb35e5dc29fc09b74a0f4063f178abe1e3e95b593a7e96f0fe683a,532.555556,9
5,df92477e1e47f52de07956b6e8936795969a3170e2166fbff700660178881ccc,428.000000,9
5,828e372c477414b2c356166b6631534494877f0c58acc37a439ae589f6af9534,514.666667,9
5,3b7c0cd0f027d25806f16bbcf37d6e438add7d03e7d770b87b503caf5b41e872,679.444444,9
5,d03395c68c90743508193208940a23aa1a13512b75f6adab5e010620a0565569,580.444444,9
5,0105531b2fd5620bda8f39edb7c4d20a180cd615ecf06a2c2871361ea4ea893d,407.444444,9
5,a9d8f09ae8864ea7cc2193afd669033ae4bb131c0e4f31fb9afa112036619fb0,791.555556,9
5,2fbf5bc501bd1f30cbbba31cbc72736aafc7f57daa914387a85e361a3fec9ff2,861.333333,9
5,539b0aa148abe9dec3b356d64ea79746261cda52b0f69abecf0296575b6c6c51,740.333333,9
5,6e6c82dac0c2e625e85c03058dcbd8edbf9274f9ad2c507d9aaaf157e3b64c8d,680.333333,9
5,1b7967dc10fc55491c5940a82ed556bba2acc13f48dcbf1be1d97ee45401d27e,360.000000,9
5,091dac5926aeb64feec4decdcc755717aeb35836f02989fce9cad451e985e1ac,581.555556,9
5,a94bfb2e41ba9faae38b831f7ad2173b50fee1c4cfd95c476fc8fcb2d069ea18,424.555556,9
5,77e2d6461ce32294c890a17702c23fff95af8fd2fd2ad353838cebd8709623b4,788.555556,9
5,5d035e0f4fe3c549bb91d3616928076b163b6d3131e87ec02c2ed0829392a618,553.555556,9
5,eb416de93fd603668111e8cbb2f472b07a03a858c0e809290a63f97af2c06a22,916.222222,9
5,9fd51ec17df135a28566bf4b11f23773a8f38ffbc5bdc59afce394af36e564b2,620.222222,9
5,f76863701440e4c8252d320e5a9f53c17fa1929618fdd8b8e143d2b284d0e210,749.444444,9
5,5b69fced559409162bafaaa678924c723884c633d2ff5aa0d4bd4c7200fba3c9,399.444444,9
5,34a5b15c088918ce0105c40d7d26047469f6e50187a21b536617e062b0fe0525,906.666667,9
5,906906d4e0acd455f714009d3f7eff1bb39309ad864359e2b00257eee1b0ee72,783.666667,9
5,72599cb85a64d40a646d8d925ffc073792d5d3ebebc9972c5f10a97c86d19563,524.666667,9
5,dd54b35d3b5ddf2ce2ff42c5e819aa1f4b1f3cbdc511ac0a091135dc9671b701,371.666667,9
5,7a0d99283fe775d723c299fde493a7a1a1dc5d91148a33d1c2e0bd125798d29d,681.444444,9
5,5c3c6b186b60a1320e71287f5752b3306ebb3227f20421a3604f94583a869a50,357.000000,9
5,93bf3385f6293c9f9aa0b9114cd68fe1e96cb2ca7aa38d36491666c7568f451e,405.000000,9
5,5678306c825bd35464f5b5decf13e8f6264810283301f625e4e51f27622e5000,795.666667,9
5,2bb95a795e1761b6317596a05dc260bf9e17ccad53f8ea2b393e92de86b7bf50,790.666667,9
5,673b90561685915da94db6c2b79270e04940a2bd3391f05f55df58f14a15a660,450.777778,9
5,3d810b82e52ab3b96d9313cce86ae163675bd742cbcb5480e2729440d2f861cb,878.333333,9
5,5a3fd345bbf139fd496ca7167b83cd1310ceb95fea17fe774d7150976d4f08f3,682.333333,9
5,3aca9db1469a53d7b617c74095c0a0b251f955e32fa19a5a0faa88cea8557c21,700.000000,9
5,79312f3c622d61af70af947f843ee1481e433ff31c66236a93b34b2a334c67b4,506.000000,9
5,281d9bb3e29486df9c514cd346b5fd6b2a4350cc55727712db6a3555a229fde0,668.666667,9
5,bcec9aa95c28e916ae965bce4463d10e33d15649e16727bda28882accc0e8a2f,616.666667,9
5,5ae47f3e96f85bd498a83a7551f8bacc2b21c80584a11b3dd5941b7aa7553a92,690.444444,9
5,be0c44207c6dd510132b3f00ee8244b938113dbc6b7a510e64c416daf49e135d,397.444444,9
5,3be86af6d011e4802d7be55b08df477c1929fda7a9c74aeff65e9bc58f1e9761,339.444444,9
5,4bb8c97393171124ba7bdfdb00c242e3cab81215c5e748b9a7de1718fd4db239,651.333333,9
5,96b8a7faeb17aa14927b64ecdeeaf290a41bb7293386dd7552c5c33d3858dc15,475.666667,9
5,bd87c8ecd46cdbf72d61dd82e496a5002b751ec7d33dd15e0385cd2b12a25f90,714.000000,9
5,87239ad2b4930b1cf5a130df49a582f09bcde5656a804b7932eef2d2b8fc1a66,846.444444,9
5,d1f6505e52b359f8189488641795bfd7f8edd0c30567a94bb145f6665e0257c7,428.444444,9
5,d352e152cf411b201f20958b872129957380d52d35880a429fcdd9a29d2c41af,818.555556,9
5,d8aa6ba0d5413b9b417e3f7515ab570158eca50f1d314c7d85368e8208387508,687.111111,9
5,a38fde13db608266532b961030e8da74d1bbaaddb821f8f5eb2de6cb3d5394ed,719.111111,9
5,9ce73f4732b31386da119569fa542e76b15785e6e6ddebe641003ec545858c93,883.111111,9
5,149a05c77586040cc702afd7690f39c95306dc4ba9c5f93363ad176d35fb9937,440.111111,9
5,f1b05bc07849fa3277f2f7d88f830e8791c582145141facf749eab5d74002384,526.444444,9
5,89169e29cb404e69ff88b74b0eb64389a11852260dc3139f2be0969e0a45b7d2,785.555556,9
5,d049823182a922c6b90345f72b586f24171e19be33266e41b728519827f0fb6f,1058.444444,9
5,bbdbb2e5724b974b91ce3bced404738ee8c557a3118f668eefde91a6ab9e51bd,695.000000,9
5,074c298d2e6c6ec151febb4c7c1b28a06213dcc4babe468d05e8b6a40efbba31,828.222222,9
5,5eabde5ec51e2c2ba4dcc869c1c070695812b7c8986d434395f51f6a823dfbfa,743.333333,9
5,53e3ce5e6634f9975437434f07cbcc88ef9c4665faefcc07e2d31f77f6c4ddfd,487.333333,9
5,41373a47fceb0cebb86f60805bebd022d46130b494602cdab286b0e753b701fa,464.000000,9
5,01ba6e21f18ee3e46fb51ddd3b223714f0dfa9bc60094e39a8f21b07f351b1b6,447.000000,9
5,af73b439e6af99855e1ca0373904faa7f81ed892489d36e031c9e20a2b135185,261.000000,9
5,85a16c61516ca13238b37487a7a637c4a8029ff93a107d3a0719cfd7ec806ea8,472.111111,9
5,564574694f1b5b496810fd6feb3efa665982da91663c46f06ea2d75f581bf593,637.555556,9
5,cb628ac031d24f71a63356b9ff168b82c188fefb2665e0d4c702990d0feb99b6,626.555556,9
5,00e1c8469b3383bddba60b2f8014055f900bb211ebc853eef75b06f492382318,429.555556,9
5,70c196b70086ede552d9b7b4e5f0bd93a90e73763ebf1740cd3a196ae872889b,363.555556,9
5,01929ef751da5592587aac457d178a5a2da9434d273f58747d948b9c239c35a2,357.555556,9
5,ad66e3cf4d702d8fcc0fdc8e02fba56f95583408fc7fbe61e960c6372e74a0c5,817.777778,9
5,af527ac8df6b756287081ef655824557dea54deba6946002dc53c8e4e21a1c9f,469.777778,9
5,efd4060b803757e4b3274db11b68c678075d7bdf198001ba308ccef79d4d2b45,797.666667,9
5,03d5143aafb367ae24a4e6e9765b5f9af95b447ed89c06f48d52808e6da6f378,798.666667,9
5,9c5c960ac4730ff6334f0caa5665ced16d28c0051d585918a0ff3f32cc3db3db,569.777778,9
5,5a96a983b1b21a2c0c53c045b5bcff26a3c8eb97ac2d5de95cc94a35565e7db5,353.777778,9
5,e21f18353b599856a0ce2e105a6b2bf79e6510faf07a4ceb1219cd2e32370b0c,294.777778,9
5,75ba4893e7c9cc9bd6c436454d5ac1c58f9aea4128239a0e35fae1aef6ec5f17,719.333333,9
5,befa432e655b653415a57e0ed378256a70cb88c8b9f5345232f6d761a3b9cae9,671.555556,9
5,3e6824b4685cd28436c8a4898778367454a61f229a1fe0f3f13b57a7752ff575,551.444444,9
5,10a8a5ca221db3d0c0a00fe1d8c8ee24d076befdbd0013fe88b40b4dbe39ba90,469.444444,9
5,e97cfa0875715caed45dedb6aeee3ceb2cdc793fada68dfda38b4943d09cc883,779.111111,9
5,94e4673b56b4d68c37b889a053db833688177310ae95953e5f3260735e88fdaf,932.444444,9
5,099ffee774e621dfc6a5a2257ca5811ad12b5eaf4b62902200a4df12b0200c2b,955.444444,9
5,dc09ce4ec4797a380d13a421d1060ed3942cb91da15727196057e7f60d0ae86c,643.888889,9
5,baa27bfcbe9ce880eec5c9f1773dba2a00dc3c3b2c6d7499ff9292f282c74e5e,617.888889,9
5,7af565cf2413a6881b20233200075d80c43776854440e746c979c0b6ebd14387,419.222222,9
5,357e52360d367aa6f99bda48b8c2d94fc4ea86cc1a622fb0d5e0a9786f935906,387.333333,9
5,48f50f69cdaaf8dd7db87971da1574a32215c08f763d29fa24e9574f8d0ae475,451.222222,9
5,e0e00bcedc764869ad18d1eb4b483a74f2377c646da73eab67e08d6c85917d2a,684.000000,9
5,b444d6c049abe5e36e891c3a95f9fd1f900116fbf7ac22f455071628b39e2859,630.000000,9
5,20f675d143b1371cc6961341e0249a4447530c58fed24da2a2f22c70d289ad66,470.000000,9
5,b15fe2fc53ae0f1e92bfba1ad9e625df171c3729cb37f3712581f4cfe2618711,1163.555556,9
5,434cde9b3d53405a8150993bb912ec549d338aa05199b5237baf7eff3a77e9bd,887.555556,9
5,72a9b69c90b2fc6598db65b36d1bde7383abcaa385d0f07e5265c9ccfb07f3bf,1517.444444,9
5,cda70b32c43ca5213e36bd6d24fde05b55043a8412e8b262e8e55b79b57940f3,1068.888889,9
5,3c680842536ec55ec844830c3a9c21d4747a83d3e2c08e3af20ff4a458c3907c,1000.888889,9
5,834fbc7a582271ca487064f20c45bb9f2526b2679aa0077388498f883d9600b2,593.222222,9
5,09f2c00519e0c9adcf984e55ba7af4eee7d8b8df0184154afd7620e6a15baaf7,341.222222,9
5,2184e57df7eb79b184c3c0add87d62e1fb9d18b3940cf2a79b44c46f59738476,985.222222,9
5,67bacc8f3f9567d1affc657e456b8d5257157eddfcbff01fe93e6189ec06f3d3,830.666667,9
5,b9e7152f8bf483d2c93ebefa84f34344eaaad183077078e10f72777ff27c0c78,684.666667,9
5,0c9d6835beaf0935ce0299b650954576db801abf2844f5bd98e8c60114acc9c8,348.111111,9
5,162c209497a3aef6e7c400b9bf644c09e4eb98a94f9fdb5d51eabc2ae461a735,745.222222,9
5,99e79f2e9239ddd763f9df6118a54a895c2fcf2b80d15256aa05a44d579d2f4a,741.222222,9
5,19a94f0bbd1b63bf07b3d11bc187c436760ce3bbb9190374bb5121b2833aedf1,407.000000,9
5,fb7109f9528d678918e309366df21c75463cd364a946a9161e183570259b8bb4,607.000000,9
5,a4ca1fad265bcd4aaf4248e48c96475e47f2c6978e7bff5cb9c641c8b2be76c6,752.444444,9
5,2622db21712893aa889e74d4a66cd084e90a2dd41b5e94c07d09bad5bbeb9d18,664.555556,9
5,40f73cae7cca168e288dabf4e4e982c1d28729c4f4d8a8c11579558bd89743a7,578.555556,9
5,c74e492d32a2e73783a2d72088d9573030200aa518772199ef35eb3faba77ece,365.666667,9
5,c98684b1375b94c07464fba1d52b24ef58d8be5f19e3f940c4acc9701872d1f3,770.777778,9
5,dd1fa231affff9c19608ae8ed2619aac7410b11d3003a0650a71c87b9d0013c8,439.777778,9
5,56b81fa1f870c75e1ec1b1df380429e0da510f0bd9c19068131e96229db8771b,787.777778,9
5,ddd09254ed897181d1e3550f22fdf45816d46089cfccb6ba3caef9f2e460e26a,449.444444,9
5,6b7f3f622a929faf43e58b5947d5e4224a1e2b6469068d4ca0ee0f553a093531,629.222222,9
5,a12672a266d506fb425f2a720f99ce8b9660e0b957a53daf525883e0529976d6,306.333333,9
5,ec2ec19a152da19acf6765c1abd0f60bf81fcff0778c2de7a76e470d4d53bb5c,962.222222,9
5,f789bfd2aae5bfe035a2eeb9533136ac6b901e358994d5bdbb26202fabac208d,825.222222,9
5,35e9b1bd59c714a099210f3e1792b13ad9c3f6130451fd295ab02982a0458648,694.222222,9
5,26fd89ce27610769c33a6ba4da0556c27b629cacea15fb0e403e2832993a2dab,601.222222,9
5,39f2bee131861dc3a77cea761f6d7bc56b24d0c6dc0c26b5fe27c1235507360f,604.777778,9
5,81f3b718d56efb66861550e4d44ea1a76419bd844fd6eda0fe9a7354a38e1cbc,575.444444,9
5,177cb45369f81998cbcebce1d1b9b9958ec8146af2f7b822c484ed231161a106,473.444444,9
5,9c3371d08e2db7fd87f2415fdf4bc3194109ed0e56766085f1c366576bb26fdf,427.444444,9
5,90140fc78060567e8cc1c2680fbd89c3194d4878baa20bbfe0848bfb4057d35c,333.444444,9
5,98d8706a139ea39c9723d4f77b849d540944fe8b3eb50b081e39db7626ce79cf,538.666667,9
5,7c7be9e4d6f48485e92bf2bb56dae6c56b3ef508084c5cb4ed3892062d766510,1052.666667,9
5,13e19997e4ac19f54caed67f0bd0ae3e0f72143e1be18e1e018df7a877b11ee7,989.000000,9
5,917f5d5f941f40f9915394ec25beb93f2d1cd8f99a05434ae735ade559bc6d8d,968.000000,9
5,00e896df3f44a60d4b27aeecde7d50a2434a1332bdf225278a19fd8271b2684a,846.000000,9
5,266de9c3ab8ec20a403eacccea6b2c234f7515a6d783249a2ae0a5b932295f5e,480.111111,9
5,60729c04a075c0f020e1c95ca6c71b2f409eb7484b0d7ca5441b32519ed45278,768.555556,9
5,07c62446385945e227d7d3483d2550825a8ff3a850febd23725045c0e01a6a75,389.555556,9
5,c561adaed7952f3072648bb636066db3545d5ec28cc7a67b27260ca4988395ee,562.888889,9
5,8d6261262a23487a2f80378acc0a5991b49061b888ed19a2ddaf7431723a7a5a,1017.222222,9
5,ffbca68a22c986dff4e68826d3c7109dc7cac97bd3272d50b43b05e102583be4,802.222222,9
5,6b73cab666cb565d7e32e3f48719e041d148cb1ef535331dea819ebed36da76e,949.111111,9
5,57a325fc5a2c0ce59fa5eef008d616fb8005ac21464ef318089f84d18f3c5444,700.111111,9
5,6fd0314aa689ba145f19b633d17cb88c39b7bd1edc1adf758803e8e1a0f68995,925.666667,9
5,649e615a686ecf90e840da4370da7b12a92070fa0b758e9118fb3e2f86a9b5e2,789.666667,9
5,e139b7037ff15199c1b28110c428155c3e2f7bcbb4f8a75de31f945dbe7b80b6,624.777778,9
5,c010eb4efc02bfabf156b090835da498bba56ec90ade38d198c25f9e5615c7b3,848.777778,9
5,f3f84a0ae0a06c43c5b66b862251cf1c4424950cb7eb634aa3019a1a65c20291,454.777778,9
5,d7487971ed43a2922bbf7873d84f5e8c6841812db2bebe724b4718965c4472ee,805.555556,9
5,902a92152e3a7108f17b73e2d71db3216ab01766671aeddce407aacbed9d0bb8,603.000000,9
5,d4c4ae8c8ee91b5a7717075164e870634179e75100b7f2717be0d6ad163c708c,666.000000,9
5,d77fd842f54f849f764657d7674d2f385b597a577f52605f78614706a6d37f52,958.111111,9
5,b727cee06d6d4f442192a1e19a027edc90464efaf17981cb627531a85e5a565b,970.111111,9
5,f7b00324a21ab6804c99fda88ec75cf23c779a73e7a56ec9fe2ebf47bd4de248,636.444444,9
5,b39353a210ab1438f894f93dd219a868149364e58d9ec0f8e4574a911cbe84c7,814.444444,9
5,93ee346e44d502dab1a096bfc383db378dd95b202476470b83bb6d62d17d3583,350.444444,9
5,fd77482db396827df810705d3ec40bee223069dd728ac61ad5f2090937d7ee28,730.333333,9
5,024b099583e3bd602c8783bed8142a3d4f236429ce6e1170c172cd20acc46c3f,594.333333,9
5,4a16018abfa4da5b0bb77167963756d59be2d8f39171c1a84b442f074fc3af60,521.777778,9
5,6e73e4b6005fc9748600b4e7784e42c4458d7916eb977b48d7e635a3b0f1fdfd,461.777778,9
5,82bf8f97710bf0b0904f7a1eacde679473def486bf49c18f0b2d168fa734b837,341.777778,9
5,f745630bfc0869fcaab1cc68dfbabae01adb66ba4e9da07ca71eabafa1b51f4c,529.111111,9
5,0b1fef914750d26214d6ec5be2f0f3c403394927ffebff4fcd6bc8f5ce57b200,771.333333,9
5,35d2277b5fb1500ed2b8a16c5ab0c6e92ad655ec5be3c2dc82eae1c8806b2277,531.000000,9
5,c090d0781a3ddfbab63daa78e4aea381e1af4280c048946590421f32e2eb83ba,854.111111,9
5,4c63a6b0dc3727a6c916f118e06e77f6210290e1fe56c6be9a6b405e9adadf2f,655.111111,9
5,b8d4f6c2d1b157b56bffaa0e2090745a2ed5f9e13b199d4a5353569ea0e2ecab,403.111111,9
5,26f9716ea929db6f5bb1f179fd42e49ba4079442b782d07e2ffef0a4b9a5e0a8,390.333333,9
5,16fb8081d0a3b5844f5af826adb93c5c430d5279e5ddaddfb96094b9e3a7a419,340.111111,9
5,75939fb1055e09903988e05019eb9906e2e60a3a775f6f7038a809ac0a2004e4,276.333333,9
5,700965043269b3dbd4816a0251f1a83596d1c019f6e858b30d919d7152fb9a45,510.777778,9
5,018dbbbd27da64ab5739763244fc5cd67c97efcc05ef2d90b3a53ba283be2313,817.777778,9
5,b51266ed74b6d371cc9de400da85751267f6213a43b388caf79d2edca6f17f90,737.222222,9
5,5cad5fc0488c5c25e903ae1177f09d2b47e2626695ecfabbe82c2fd2bf77d2f7,535.444444,9
5,28b22094f028c7de021e1501ddad8151fa2c0cc364534a753dc225f213abde5f,408.444444,9
5,4696a8680541c54eeadddc351ed8621ed4f04249b23186831b792f07139e66a4,607.000000,9
5,68da4cd35911b2498668cd9e4a5df93c63d57feaf468f2c519c3e4ebdb0b30b2,571.777778,9
5,0db26fb162c5fbd2d2fefd0737315c6ea4f9da0b7442fde1cd24f48701f7987d,372.777778,9
5,21645c53e4357cdbd2c00718d988ff21ef7b3bc2d102bb89153b7d784a5bfad0,642.555556,9
5,35ce452c1e237f0e28665752ad96482d80d2d66790afbc2409cb22880edafe1f,651.888889,9
5,8e85c7f89f85dcd22ac90d7217d942ba76c283a0c398c78d1364bccaa1f6f1f3,329.888889,9
5,29716a2aae0e4d11ca703ec6d46abe7652da49ed5ee78a004c0529dab51fa6b4,591.555556,9
5,214ce04a3c104ca632c29667ff7a6000214a731cbcefc3ec51752720a0f8e2e7,789.000000,9
5,b754dd3cec9928d0eee6d762026e0554062b81b319b9590aaa78b75a1352602b,445.000000,9
5,8b60934c7a9804c40261deb086cbe4fa0326759e5c295b608c5ba068ca6dd3dc,394.444444,9
5,5168f5f2f2aa53159a8ddf28afd28bed7eaf5fff1ca80cc00dfefdd4ce6a2c78,336.444444,9
5,9be5b0e1f9964c802f81b5e5ec0879a7eb5c1df11f9d0b5b5f540e2e1e9a97f3,915.333333,9
5,dcdf08dda1cb22b271ae331df99b3902c93d37a46a4abb5de490623359aba5e8,684.333333,9
5,b0b59fbf6f217491bf2b21dad57850914bb4a40c766e75edc6d1fa08adb8c0e3,812.666667,9
5,fc4e52cb1507a11426fce31dc8499bdba23936cab240f0fadbf1e9b4784666e5,748.777778,9
5,0b4219ca7e4dc09b662796ab413e72158cedea61544d11bbb436f34e6ab1a9ff,1089.111111,9
5,e49944e7b8f72c150918fcef084f1cdf03b086efdb7e1e64150603fc09da64b8,1079.111111,9
5,b3d8460ca6a2e4e668964da465b6d64a1b440af7bb1c1f8e09db48bf85e66f59,706.111111,9
5,aab3e8e50adca05009c49d999b1c2efa6c5dc787cf02fbae728a6e8dc1386fda,713.888889,9
5,c54c46a9e3eb58eeba63affd1718b745f8f539a7cbc6c618d04679cd6d52a689,852.777778,9
5,33f20061d8ca4481c6d069020182343eab65eb0488b0b86db0cbd78189d0d7da,953.000000,9
5,927d613b336b5f982adb9a0132c4f02f429ee5e7ade87a17656609b8e4611361,559.000000,9
5,e22588d432b6f4f4e44a145d219f5a4dfbb18013aa43d745bd9e125f5626708b,778.111111,9
5,4e75ce79cf5e3eeb78be94a0eaf7d0bd28807f84607facab53b626d072871a54,576.111111,9
5,83faeb8b5a7a8e2e429df21c08312e3c23eb36e4636699635127b0d7488ea765,799.666667,9
5,205f25073798dc9b0e0cb9670011a013f72d708920b31c842c4c39a98930ba24,444.666667,9
5,504c3852f79b65a518014e1a0fbc84ea3a4a333299746cbedbba852518a3d888,402.666667,9
5,3541e86d6ffd43b49fde8b059efd81a186bceea0af738f9c3b322a68aab06e8b,469.333333,9
5,e9d9ebeb65e331be82cfeb3fbc7db9766262db59dcf9d2adfa7a49692fe88abf,628.000000,9
5,5805451341eb8bc601dc968c253cd32d278c7a9c48cc8300ff0f3e7b9e50bb4f,949.333333,9
5,2bbb4a4f49fc3cf6a4d34b144ee40962d0215a1f5596390f389fbab9a0267f84,439.333333,9
5,084d2b6bc5acdfa3092d96d183db22c3f283c081e94dca4da3cdf4953c94ec60,986.444444,9
5,f72ba5896004bde17ef309b73c950d7d78abd2c6e36d030cc632d5a154df0f15,880.444444,9
5,e3f53fee492d48f0e800152dca967813a705f9462447116f2d098c4e6df822c4,868.333333,9
5,65655838e0d5ba51a355d1dc830c01226a69091b79e29443cda40aafe01b5062,1323.666667,9
5,01d4aaf9dc3d1867c8d8187b4fceeca4ceea65877168b7ba98187ff5cda82e2e,882.888889,9
5,874db626f473265b787509be06d131be62bb738beb371f3474ffc7ca42e13911,640.111111,9
5,d668e6344390248521e6ae8830e389c23889c4d33851f9e338937a18ee7eaf48,601.111111,9
5,5e375e543be85ba0626bec23849ea7540a6fe13f2d02a9625213eebba14d2fac,548.333333,9
5,694c977c5e872651a5762e30f9c1879dc2ef1cd5b51f380f2bd3c559cd55a0e3,403.333333,9
5,c59cbf204c41c675e211b9103bdeaa98ef8251540c704dee880ccdd28c1c8e18,1155.333333,9
5,0e9091faef9849b03ed7bd4dd3a0e87e77a02490bff3981c0ddd070090539abe,878.333333,9
5,de67ec4461a07ab16311d8bccefba0ca99cf9d7be107d388e32dbada4b99c9ac,704.777778,9
5,46fd9653b9db1352b4555977475c7d3686d8abe36b1bed8b34333a7912361957,756.777778,9
5,87ea98d33ebe37be4ece161ca7725f9859f2cee69b26493e2a0cf02e4ce54f92,845.888889,9
5,b557c43911c4f433c0dfca828adc5a8781ebe190acb7eb3fbb9a6d8deaf84a7a,417.888889,9
5,18468b7df581ee9ec7300e9dc8100df0355935d9b72da41ead092b035e3dab72,843.111111,9
5,4cf198733f1ce447c4f1c847b72ab9d2f4576608af539b2a3a1f71978a8b22ed,475.111111,9
5,dda671f515a9cf3e9b89e4b09514fb8c0f1e6c51f0d2e2e4bc0fb10a3c50644e,343.111111,9
5,c68f980e0632d35b73f88bda3d8a9df2c471d8e0d065f45ccb9148e8f20c6684,838.555556,9
5,b1e87988d57ae085faea7a484400861e8bdc4bba7ddea9770f2dfb6058181c05,471.555556,9
5,95b715aa38e73fe0f592f9dec02ded7340a072572c3a0804d5eb78f6bf7d4106,743.777778,9
5,ae54ad3a0c6bf8fb070d1d18f192113519649676ea8b86641078f37b6d216e10,460.888889,9
5,83ca3f22357386adbc5e1036f6074b4406115c928bd12d180e914bbd0e565b3a,415.888889,9
5,3f0654d21026de2c3bb8263d187e11df8c435c0fdd6128410427e82de4dcace3,584.222222,9
5,dbaac88413f16b07908db9ce4ae1ccf21dac63622de2fef11135846907229182,356.555556,9
5,79f400955384c7751b32dc10418d4d8a43b049f25c3f07ec1ece6c35e3b39a81,857.666667,9
5,4d8b4e34f378d754d815bb3f2473a53d002f34cb38dc516141b09cdf5672e4d5,672.666667,9
5,3c6c7d348fb4b3d3a6c0badb97583c090752ec8e03da78f93731cc361295ac0f,794.666667,9
5,b57c1db986960841ce28b49ca6869450f9508e4c578586b8b53dea10f6f88420,454.666667,9
5,1335f791a221491b14bc9e8fecda659daa6975b4bc70e2f9bc106ddebf382f95,1057.555556,9
5,8a1db43359879b6e8e797dce9927bc29d0ffb5ddb65417e32e02523de42c5413,843.777778,9
5,6a46df655d25734eac6c8219f8e4d23ff8745e9859fa5e2606e6c45f2a70c69c,856.000000,9
5,d736fd825e4fa73280b06eaeee54aa067064fe13e7de9f430a309e9fa80e47b3,959.555556,9
5,38669ceadec47249633802f829199cefba7bc76d3ab1954df5e963f9932593db,722.555556,9
5,baaba9492f1e45c0637731237e12e01e40197a8fc422635e6dd2ff9aee6f92bd,949.333333,9
5,2ddfb2964e46ea2a7e862ff290e872db931548e533e302fdc25ed42519700863,544.777778,9
5,91de712039618a19414a8bdbf1a2a1f14b6d9551fba8edfec3f337cc6db85822,790.555556,9
5,1833aa88058f57fe632fd9b9caa754f969579a43c8bfdc1ea971d95b02d194af,731.555556,9
5,d589c4d44fa91c06ea616f5dcdca7a48edb80f89136a1a5de97b1e98c575ec6b,531.777778,9
5,759137f3dd8435d9eb4df0643e2a1c513ef088e893f1bdf6c64fa2e79685cfc3,786.444444,9
5,453c0177f4b2d422786f2a497ef1b41684b7aaeba52ee95e7fdabf927dbbd3a6,827.444444,9
5,01b84c8d39c5bbb35080a3e5ed4c4387753e01a92f773f9efbea5d3525c06cff,801.222222,9
5,331791f86fa65f929d9c72c45021a70ef691eb3816566582eb6d1dbb4e2667f6,703.222222,9
5,c936b38ec2b70fefb32ab1fb4f14b47d1f82ccfcd380ed00b7edb6e50a96ab1b,323.000000,9
5,e910515763bfdb797de30cf0d2fc00991c410bc1e72ca5c7c69982ad269673a8,743.555556,9
5,b180313dd0f6407e0f957a2659a3c47e46c62eaff26dacaa5341cbc8ea25127d,549.555556,9
5,3cd367c892c83abb5ed6546f3ac27bc5e26688dad3ac3b03bd2519ada0d08067,422.555556,9
5,25876984de69d762cf5961dc244d86002d9ad7bc736d75130400d5b1e22e58fa,647.555556,9
5,1f8ea6e3e8ad66addb862bf30e5d127eb6f3c113c3934241dcf0a9ce4e83fc39,958.888889,9
5,0d120864f3af3371d9c62234506b7adb8508554e3bbc1986b5fd01e283363c20,598.888889,9
5,f5c86c0ab120fb490ddaf26179c8b8d9716f35721a31dd82861a158a1fa208ff,924.555556,9
5,9be7fcdcd86d59ccbc98a6fb9d8914cabde1fcead81b24d7ada614051c53dd9b,816.555556,9
5,97754e04a6ce25f4a0a7d5e809dc6693f389239fe327be9dff3ded826610f09d,532.555556,9
5,60053576f3a15e19944ef7a297cc75b711e99126c405698f9335de63ae4808cb,745.666667,9
5,8813733a65f81a780b63a07dac007f2f8fdf646361d6628a278d4f7f75035eb0,679.666667,9
5,a83e971be88389ced09da8f15a16a67fe1f946f1de9f3433f58c1fc379f23580,581.666667,9
5,626c777c8abc14ff51e9d73d4d465bfa523113262bc53aa2990e9c08d4e0ffd2,687.555556,9
5,b36dabafdd4f1df4f9f2c29beae6328fe39c3229ccd234a42ebedf4c48d81c77,832.333333,9
5,1470e3f6e5851cddd420f8e383e60cb5f116858246629aaa65cf5fd1bf3b7475,846.333333,9
5,000bdb8c075805288f4661ae227a7a8adfd1a93b7df08c93b9703981422fe5ea,660.444444,9
5,3fe70f7f91386d51a2928f75368f04697129f148e35246e786883b31562f7098,861.777778,9
5,04ac88beb02a17027c22b370610324383d8742ced09e8daf4fdd71801206abe5,688.777778,9
5,5373fc19c16c4a7ac3a474036c50c1f5d544c06db3c7cb28f4e3b19d51cf7921,919.111111,9
5,1cd65614b7c5c74eab8d3d8bd7b80e7d85f88d14ca866399abe2e09ddb2daabd,746.111111,9
5,dbca739944ba9f793cb51216a63b6d262c06cdb924a204b650aba55651e27601,624.111111,9
5,41e15277dcceb71eddcaab2e859131145a21987a921d1ffab03021bcb75c59d5,437.111111,9
5,77e10b1e37ebf0e6c2cb1553c1fd7db455b5e5b95b6d1c2284b0e5530fe27b81,845.111111,9
5,91c0a438e99336897cecb26aa66fd5928741404289b28b85fb9ac82142e24c99,295.111111,9
5,fcf0f1a5b1a7d500c0878dc8fe435062d4c0462630cc647668344b2a7316d9f8,306.555556,9
5,3722b3f7add049ffe5dfb0c3d2d01494c4ce362cd1e4110434cdbd307aa98ca8,423.111111,9
5,681067073445dd3612ed076b08f1eb377aca0194cbda9aadd74fbaef858762aa,556.222222,9
5,74e0cfa4746522a8f0d679c38778b7817cd5bbed4bc1d2af294c15e20b581f61,871.444444,9
5,8b3f77b2f9fd28cc188be5217c21ead08d50299b810dfcf5b5574432af7e25c6,437.444444,9
5,c57b8bee99af2ac7c943aef856b704e8350071f558499a208b5379baec528751,677.111111,9
5,bacdfcf6d2d084ae20b56e0edf91c525082619c3e501df666a6f8a94e27c0e88,315.111111,9
5,da55b2c893077c5cff07ed4f638b2d1746e12bfe702d5919c1fabe9a7524b2df,869.222222,9
5,bd8768e3d3eb2960ee8fd6af835cbe8949be4dcdd6dd073818fbc1adf0c44cf8,380.222222,9
5,0b8711f137c8543638eb63e6bba0c8c70269be45666fc9ff2458a833b14a5732,876.666667,9
5,8d89ede764203debafadc408b1092c6efd328f5449f2a2dd2c47599de6469907,626.777778,9
5,ec93262c03cf06f7e319a19608662d1d73eb23004657c63f8dc2aab168e6a90f,431.111111,9
5,06a876ab3dfe742216b4dff05a6665a4d544bdf67dd4fe45a30ac91317b2b95a,603.777778,9
5,39ec6342b4adfc9ce447e1d80325a56b9ba1179c89f2f2c6b7f9a1cb18880418,470.777778,9
5,fca9dc7d8703df78d6818815446a16f71bb725298503ad56c8f6ae884e514d19,807.555556,9
5,28f7230a555756d3d0661323a0b8a35314533ab46cb0755b445fc89e89cdde2e,784.555556,9
5,6288ba4bc1ba6bc5791179495b732c231ce9b09d2e2e0437a2e5989c238f36ba,611.555556,9
5,484f58b5efb92131229a2b4498b1df672c941915d1daaf8c018388c73ad5da41,694.666667,9
5,5c2306bc38fc963668e9b225def0243608186fd69b16efddf2abffb28c3788b4,770.666667,9
5,f262c34f68bba5c99d273b5ed7faca3ee1b7ff895f10e6e6cb5ea65d566a54fb,554.666667,9
5,ec67f02b36c155bc42330813abaee328ca1681ca3c2cbe1a13ccbdb37ef6f940,413.666667,9
5,5e6868c1d579f16272f27e5727a0d56253f4aff691d01ed3facffdb5ee30dd37,540.555556,9
5,8ee6628c07ad2906bd12fb0c3bdab9ba8d8662821f544a45354c4230bcad2c19,440.111111,9
5,d56693334d4774d8746983664743f71be803d4bfe859ec55868bc59d09305b51,501.111111,9
5,daeaa3b9966d82362bc61cd30150541543a7bdbb2aabbea313cab9f834699c39,664.444444,9
5,56d94b2e2f5a15aa101f70b2f777a54be7323f60abad389141573aaecf844a1f,336.777778,9
5,631b8391e0efcab7c9a66a02b4de8c27f054a25bf13d87114b1efa83240cb6a6,688.222222,9
5,3f6b3bf488787b285e2fdfadc938b577172c62aa0d36bca9af0b94ebfd5db37d,358.222222,9
5,e53dfe5f3cd68fe4ab4ce6fca3a12b09db53851b357e6a4edb1e59813f090c06,611.777778,9
5,0586b532adc4558fdaf8397667a9de939978d143208bdf512b285ee801931f17,684.333333,9
5,e53b0be01e573cce64d585a07ab453d31a866032fd9dca3776bcfdce5a825fee,457.444444,9
5,447a00d27b67d479c7f933d46bbaccf12664c5220dd81641039e75681390eb31,849.777778,9
5,187c3fbbe8f318f25c52b823b8e5929ee052cd9bd2a0a169113671bfc0ed591a,795.777778,9
5,6425fa85d551c50804fac3edce8b529aa30b04f18e2d92f18d53e57a870a263d,458.555556,9
5,c731763267f106fb18ebee7e57457ca1f98d3e6fbfc526374e73170a899520e4,991.555556,9
5,a957b332da3cb9d7f41292dbc622917172e688a7a19c130eb2ad8a3ce498776a,707.555556,9
5,42afa3c4c64d651fa6a0b85a7e56eb06d94be4f57953575f1100b4fd8f539fc9,410.555556,9
5,519df86ad74ea58eddb067007ecbc975fd72c5a8f79a6cfa3f3a6c2c48d9f093,498.222222,9
5,f1a8061bd3f8f6ffbf50c02bf52e4be2cfc286c9d843f4a4095d71db6a8ddbe9,606.111111,9
5,186780a2936c733f7f73c9028ec4b7551ad3aa6598388fd0003d5b3ed82d30ec,494.111111,9
5,7576483e30b2a04eb97940cd0ce99d6e816a0750d0cd36a6088a7bf59a03ca89,979.666667,9
5,549eab8a866e4de0028a01efa3ebc5f396a3d1ca86243e76435311f733cd6edb,819.666667,9
5,6e0cae8806a5eb9f2a27d52ae8417daed25ca6e73817a5f82c8e9cbe3db26939,733.666667,9
5,2e07776bc323e2807ab795bfa1c7efd6eb2205452f9bb4af9582b3b8039bb1aa,862.666667,9
5,4483ccd3529e228d78c459a2957d1c3ba0430a1252454094440f1098058f6b9a,650.666667,9
5,01dd78398689b5a31c8a42dfd8e3603f2c5b72bf7ebc2f7346e4a67d97302563,799.222222,9
5,fb979f45f18535aa580e5262f86be3175a366d0510a8f84f3c57c74e1c511183,302.888889,9
5,feadc7bf1566406772e1406020a78852e05d1738b6f09220764eb3bf194dacef,538.444444,9
5,d7ad54999d544a68e9df2c7b8b6686626d74c29680b22bad4e4da49dd4f6832e,554.444444,9
5,e059df590e8a8120cc614f78103a3aba6ad70ebdc43f926a557d04b1ab0a33f8,527.555556,9
5,2f5a36fc3dd1916e4f8cdb8f800cf53e9a22c29dede0a2f21b970ec4e9ad0a10,789.222222,9
5,84691667187e0b61b7898064ecc17da0f031f9be5463f478f9458a42f5180639,698.777778,9
5,1849f961961671eb4614811fcf141a111a6112696dca1f4dbb17d044a678620e,545.777778,9
5,8a20c9576f51345d824b2330f3bf52176219c8307b2ba06ad76cef9058d54f3f,1039.333333,9
5,908357893dab2b9cf9062eecb0769600ffd7c369bd6fb87d70b50e686cc0b635,866.333333,9
5,188da4e76e93882c3a36d370f665ed0d8ab2cab044db3da576428ab99f8533a1,552.333333,9
5,3200d6da0818f122327b33e67574cec28cc82565b15ef24d7028b9d3da275028,840.777778,9
5,94ebd364e5f9b421fc3e65b419999109efa21266bfdc40e453866fa3a0ffdeaa,907.222222,9
5,c7030dffc63bf1b4d9e02877448b8f57365d49e5f0ee001122bbf0f1ebee9545,572.888889,9
5,192c0f0b407b2ff6603087b93917b0ffaa55a9f99afb3b9017b11e842342042a,859.333333,9
5,9a5ca16aba10fc7a2c943b499f0978ca0c81d846b92f0a4fbba956bac8d7b21f,355.333333,9
5,6e5f4c113e76bc58a5ed9a2412838b3e7f53a426611bf121b9c4677accad91c5,815.888889,9
5,142d0b291db15ab0a1230257eb207d89fd95ad346a06c65577e88c063f069bd4,605.555556,9
5,245425a3e87a1a44675e90f372204ffce03f9bd403576a82d4e0727f7e0fddff,897.666667,9
5,2bf5af9906428b6dc1edac6e83146ca63689b5e230b119a0544302dc511c7271,815.666667,9
5,48e8aecf49cca9f9ec3539b5be0cd342c43375953576f50c8b8dd91ca9abaec8,546.555556,9
5,94314652155687639300c123b94c84b585d09b938da0b0993bd9a20e16f0f7d2,483.555556,9
5,f7ba385e3dc79c1b4fe10515c8475b53bf63c0f8ccb9b352e7d25eaf9e751839,584.888889,9
5,1b88dc645ca89b13ca29a878166b5ef19d2f4e5cfa9dad03ae3632f8436688a3,394.888889,9
5,70b80de2fb7ebc7276ca818876921233b35e5b82eb08190b18dad25d6b61ddb2,782.444444,9
5,c9d0f8f7e29c8719d1f21fcccd5bf9e9991b790e9e93b1bae7f53f3a49617ec9,822.444444,9
5,819282ed9b2d14f06e5c4624022ac64ad3ca2a18be52efbdfec3149ec939f823,907.888889,9
5,9c7170307527a0a04183ddf181c4660d0ea514c79eff8b3209a18b833b9e50ee,994.777778,9
5,a0a043cb93ee3d5ac0783d715bb7c5b9c4a3b693334ea4ebc046f738a439b462,903.888889,9
5,eaa2bef726b47b706a77971a2376d30ce1f615342447af54145a86534bfc973d,546.000000,9
5,8e7d9cb9d9e6830ac88510d1b64ee775d16e4189c587d8c42cd06dca410b5cea,730.777778,9
5,6c82bee09abb0345a647f7a1dc255bceb46571137428f0a499412a7eb79ac810,585.555556,9
5,d3a6b4acfdc57911d83a97dcd0c27ce68cf7625f2171e0ca095c9d3f8b721a34,408.666667,9
5,b75559c26caeebf1a08fbe0a118d327e85d4f65543ef789ff5dd46d4698ecc6a,272.666667,9
5,1e394260023ed3e48128b8760446a1f89c617a5cffb661f6fe68dd6f20ef1ed5,635.777778,9
5,423b06af4c860dbf67e9c6c8c48cbe3810480ea8d97431694918810be3e1f822,517.777778,9
5,01432b751e8dc01b9b526476c46417327580f7e48c4df9a0461674596d138d5b,383.777778,9
5,6ed93386dbde4037ecada807c764df7ad43d6b422f12fe2f97a281911721371a,672.111111,9
5,bb2cdd680e8fc216a502b894afd80e83ed440563e368554796a5db6c82583e24,710.000000,9
5,d712d36aed1c4ae8a2e7c511bad77d2a21bf38ee183b83db9feb6ddc505a7be2,534.777778,9
5,dab461a929ed7b730ba468f3ff25334fec948edb8b0cf318a4aa52ffc313698b,381.777778,9
5,4e131df5b46600a8105012c7fa87df8aabc3d4561b8ce7dfcd302aadeb3860d1,794.666667,9
5,f8f438d9d907204dd590037c610b5f562bece6f3dc5dde3a488a27ec25502259,628.333333,9
5,f72cacf6b07bbdbea6ce5a2c73f943a2f79106bc51641d40537fa4e98c087f36,517.333333,9
5,5cc6b27a52a0d96625ccc56780be886ac7f4b01566d91977bc84a86e845c9ad2,584.777778,9
5,ed33d05efb43b153b4ba57330f548388aa93d73bf01694a92b62d8c90c8c8f80,467.777778,9
5,550632ef7294c82f136330e040cdbc7ceb4803a956d6485cbd0edeb982f062b6,401.777778,9
5,840554f28f26ea496b9cadfc80ed1334ccb5b9c27ff12e108a0d47ef6c913970,404.777778,9
5,9bd3298db421f35b76ce8567b478daf0f4f57fb87d1a50ed6da8e314a5b0aefe,751.222222,9
5,b2ae23398f73debc291581d3c31cc9b1fa049816620cd336ad06951e9313c9b9,440.888889,9
5,2be7439152bfcc7bf3f8928d78355105ef3206af15d6f8f575a7b217f2f4cf2e,807.333333,9
5,6cc671c613cf9ab10027829686bee2ab5d6bc0633342e0fdc038d083e4ec8625,552.444444,9
5,a4d786626625e278a98fbb14ec366cfc7bf6237356e47a0509f6658b983120a2,685.333333,9
5,0e761ea50a3ef6e71dd0ee78ac094e198e474fc14a9f6415cdb619d7f2ce086e,871.000000,9
5,d448a3dbc0925deef2e9149de5702f1479a732c84d9f16b00656b5c9f18d1bee,372.000000,9
5,2350e59dd3ed4f4a30e0d1d92330a2f2158ce8554740d05b4380f18a4d2d8ada,810.444444,9
5,91c0ebcc1b7cef14cbfb672405e4ece1a0defd86efe7da6842f8fa9280b9f678,561.444444,9
5,61f3562a0a7a4951b9f3161358f5bf4c98490c95807eb19eb5f942c4a9fe39b2,826.777778,9
5,b5435a57460f6edc4e59bb1547cb7ad11cedb01fc542fab227dbd90f300f988f,759.444444,9
5,eb68b055dcf2a45b35978799acca2abfdd1642f04a23d843e6229d171da1dec6,465.444444,9
5,f1da2c59b29a58424451a8177ac0178024432698aa6821ee53f4bfaf8c53487c,622.000000,9
5,0644a3e5c6719e3b85de159d6f45d2ed0fc927da80b155286307b67974f05cc3,957.333333,9
5,93a848c9ea6e47f5b34825b8d13690883ac5bbc994ed8abf0771fe8adca008a5,416.111111,9
5,6692fa61aa3ecec77ace90dc9510d9458ed92ccd386704743e3d536408b08fff,899.777778,9
5,7c8805d0f0185467ca69a8f93c85995ebe7160d5d30a58dbe84b991523817ec7,864.222222,9
5,171d5b5aca23176183936f8ed51dd8485fb716850a7e67dbf8bd00657a6c2969,608.555556,9
5,b2de82e0fe4b1e99a69e319ad7d9a68e50617fc6b3be11867282047b748891d9,535.555556,9
5,1066c24f2893b4a67352ff05e8b53d96ed02073e0bfbe2fc2469876f5fd29df1,361.666667,9
5,ee233247003db62286ff22cbcc436fc6da8b3748e7fd7be3422f958ebbab6f52,637.000000,9
5,4ff1f9dcb8716653a64c74f0ca6a8ca87c8bd3fe704c08eb333d54d7c2a601b0,476.000000,9
5,3a8d4d46dbc2c791041ec305e77694e2208ae5a59d51fc9238cf404151c11966,507.333333,9
5,cac3cbcdc5c98c4985d9ca2f9a4083bbe265e0d46ceaef8faea7527a9effecbb,470.555556,9
5,572f85781b139fffb23bbb995d850b42cb84aaf6612d3c00fa47462cfa57e0bf,862.000000,9
5,a66a3543d98467ed056dded735910fcc05a5ad5e209a3265096532539954a981,817.000000,9
5,4593536768ddb554e0fab413867ae6f178d9b4f2d909243e2aa79ffac893bd01,668.555556,9
5,2f531dccd511a0ff1858ba686876562187e427f0bf49e62f1dbd2d816545ad6f,838.333333,9
5,625a0a3ba4785050ee17b2d19b60ff24ddcdcddd33eff007f99e9c1b8f979b2a,628.333333,9
5,124f3f3f89ffd3710f3e82c6839f2e5f24e96526f337b3e2bbda3a33492ba537,1177.222222,9
5,28dccd8c69cb8980c76ed5ca068c1ca470a1196b0a894f7dc5a6914b2262b965,818.222222,9
5,51129864c90d58709a5cc61dc94c3eb3c9d81c0ccb7f17363f694c58fe131f0c,687.222222,9
5,6fa7e93ffcbd58bda181d4339c35cd1c05563de2eaa2ce7e32441c4546e0265e,913.888889,9
5,cb9059cd7fedafb440ef273757838101371abcfe0876a6b1a60b9a9ab53340c0,701.888889,9
5,a03b23eb0c6331b64d046ef927b3e6ffd8c06866560ff2488cff8f86e86f2c86,553.888889,9
5,6eacdbfd5aec0a605b3a43d8cb740bb7df22c04b4c992b9c2f09df678db0d5d7,589.333333,9
5,d2075c09f5d5a885f5d4e677bc0d10ee04d8e999a0d46f37d3b4dc7f8ccf1625,609.444444,9
5,97087e8d385e36cd88abd65121a2f037d66e1a0ba7bd0b8a8208c74485fa7a2a,502.666667,9
5,e5a0dce702f2e6b9d10b9ed54e39f379296e35661bf36c889e931eae0e095744,934.666667,9
5,fc5370f1c5f368f1d251bb9a0e0e07345a45094b3bc5670e2e7685b10a238e27,720.777778,9
5,46c8ccf1419f7d3ccd5927b454122638cc1a490deb5f20851592f2dc03987b36,420.888889,9
5,cfb66034adcb3632cbe7a50bab3f77e72ff6613232398a46f21eb26abc87cdb5,352.888889,9
5,38814a7b2bae5ff72905f1d9a8eaebd376ea11a21e54adb97a5c2f6d886b9eb5,361.888889,9
5,218fc168fa13a834dfbd09c56d8385da6c657472077e07b0a1d30b46cd25e68d,749.222222,9
5,73d2051b12d976a3aa1fe55728c345d9ca75679403db3ba7d243c57c7194fe93,781.555556,9
5,057fddbd556e2786e60dc0d23797165b461da1a9e3142868575cc7fab5e5b82d,585.555556,9
5,541f0a9ba3db31170ce5bc9c9bf3a4c06c03edc7654b6557bb8f09f65e233575,311.222222,9
5,f858ac53ad8ca21cc6da3dc10e4b48af76a749923821cf274f069d0b6e9aeebf,754.555556,9
5,e1f12d2ea1c33a2edac9bdeda3e1b50971db2d56e473c73fd7a246fa19d9f444,612.555556,9
5,a10293b544a917fd389bcf7ca6006109577fd3fe1239eb4673f9e8726baeb1db,591.555556,9
5,5f24768ad8ea396b4a91746e72edcc9961b4cfaf9dafe97e32100d188f4a57f8,273.444444,9
5,5adcd177ecafe0441e82f654f5277130638cebce12a49d86e8f1e7e67925903b,878.444444,9
5,bbb84518e517fe38454ce65139e804e460f048fbf7a9e483064e1a683abb65ce,766.555556,9
5,a199af805b4c32644858a2d0e121d4589ec37896e1a38f49fe1e1c8e31870e59,817.000000,9
5,9fc7c7d62bb422f28e1b8821c2d3f8a74ab07f58caf7c4573d8fd8b9e8935d24,852.111111,9
5,885e27fd4032ed93f0c1dbff053f9bc318e297c6faa585e5d4cd9ba34e520963,646.111111,9
5,84e44b6068662fffcaeec078118e9dc1141e8a2a3d2dafd08ef22443562fd709,752.000000,9
5,972254829af08babd5aa4023db1f1c9d9ae8bfd914f602f542d7db6e8dbc39c7,484.666667,9
5,e040ebb78c1526056cdc810986ddba48d65fb94d28946919dc41e6f151ee3307,430.666667,9
5,6ed8689da1272b70d499a40995b91d6c68eb413dd2f2de6dd7546bcf537ea73c,613.666667,9
5,ef856cc7a086e8690bb427a35975f238baec50fb81f6f8661c99e48798dc8304,564.666667,9
5,2381c3b5975ddd1762f5dff3d22fed262a794b2c7ab854d28a9bf60a1731234d,469.666667,9
5,73237f915b7aafda7d2a49991c78629368f2a71f1d215a2569658d80640e19b8,681.111111,9
5,f0aa87579f759ffc2a3f944faa0f9e7d97e57846bf50a0afc04d96f0bc1e805d,671.111111,9
5,b83dbefcabb57e17ba7dd4060ec5bdb1c71f562a74152d528ad2e15e6e36aa66,603.111111,9
5,849dfd7265f2757e4a0f3cc08df3653924efbc23da2c344eee8883407e2bf86c,668.111111,9
5,796e88f72101d3de5ef3b61513256e9447c2705640ff67a18458819b7ac9266c,742.111111,9
5,a14da51b020cb771dd3b9d325ebdfc38c78c2687989a127224f4f1853167f30c,523.222222,9
5,4ebc2f286397cf07c13438b700fe0b3482e50ebf69ca0474b77aa4d7531c28fc,409.222222,9
5,a452e035b4c1006cf86443fc9395319a42c288ff0487ed8026f210078ca1a6fd,984.333333,9
5,cd170199c9b25375b644f6e2b3357b5a61944e1a1f610f2dcc7cbef635c1b0c8,719.777778,9
5,541487f9d598ec73c3fa33415de40a9dde8137bb2a9e90e930d13d6a70aa577b,515.000000,9
5,3cba0b83a50a7e50908dcf14b3e7d3ae19cd1f267438179cdd2181f4ff6728a7,572.222222,9
5,3735238cb875bc3ac33ed1ae105b74906f88c4e728aa9b9360c3d49284d16cd3,654.444444,9
5,f76f7cd8161ca1c78cdfe69ec5bc8e6eadf92f3a4777c4071e1d6918e1812c3e,494.555556,9
5,07f83e939a91c5bf8f09cf25086d163bef90a95f6b8a4cd28bab01040629eab7,354.222222,9
5,d5027f8814d027ef513728b55dcac2120a502eabb5b6c8fa968ab155a28e8e96,354.444444,9
5,3b7e9a618471eda686c2aa06dc868d3fc07d8479b697bd38bd4d44937a789ee7,795.555556,9
5,f922eb63652672cbe212fe6c5240e4c10161c703e7a460d572488b9a75cd3d34,1247.000000,6
5,5f238fe3420b62d22b8a6654e1191d2c72bef033b5ca36c83a1815567c7ba4a8,1042.000000,6
6,be3c7584eaf9fc14f2f521876582529fa02282285741dd6fc59b875866770b58,393.500000,10
6,55be5888f8020762457f3295f35be79e7efbd2fb3648a661836a723b1f39d4d8,487.700000,10
6,bc41253454ac276a94f45e5530c36092c77e113cdcdbfddf114092209f3c448f,593.800000,10
6,d623702f1ae32a51020ea18b839bd59b11e273afafafcdd5e5e43a152edde6cf,486.900000,10
6,a9809c03e6bd19a936c74a865725d0ffc13688ab61a5e3ff6ca080b37ca7b39e,452.900000,10
6,0712771a1531093de566ad17b02374d7f244c6be2a74ab2c39aad21b1ee48f6c,433.300000,10
6,cce4aa30bf2e7bea8b7342b16dcc2765bbde0ca9619a2088bfe01c1f5cf1db41,306.100000,10
6,05cfa7e7643fdab8fcd7b1b6dd08c9db97176bb4b5b2db59e07751737740b4c9,592.000000,10
6,450b68e644f3f608b9885d6dba2fa9715983d3dceb59fe2f292906f734a5c6fc,520.000000,10
6,3b69ea64a61a1d855dea6ea08d9e36e6be7b5496a97073566924df2813ff7be4,940.600000,10
6,8d71a68d6c41852fd015a838009ca8223eb4fd9304f2b299a5986624a83b0cd2,478.600000,10
6,b456867c52ab7c0837bfd49a572dd1c0f952e3de01e07990233c910d0bc275b0,405.400000,10
6,fb06f789dd5462903ab8a7daed04660720e6328618b8a7cbac43b07813b6cc7c,446.300000,10
6,e77ca16fadbfaa34f53f73704ce666aa06fd89ddaf831e78fad737b889178baf,554.700000,10
6,6f614dc27cfd8e6fb7e0d980dd1b174950c5719aa82a074ae5d1ad54698bd6df,600.100000,10
6,8da1e7e7f0fd97eb4197ce211792bf9e18406d004551ab745f4ffd8f9d1b23dc,361.100000,10
6,2af4d6aea24b3a4d770d28612e545511bccc70ba0954cdb33d0c04a06d87d697,478.600000,10
6,82c2f191b0269e7c38dc0dda60e854a51cbe4f091551b541f63ed395b430ee37,581.400000,10
6,794989188bbbc3c9f0a645387d333bafe1bf1d99b40fca3ef4c520e6ad50122b,563.400000,10
6,d00ff5f7efdb55619d27db74cd2bc810ebfd3f115a59f878c0976fd42e4674cb,510.900000,10
6,153794eafd3b1785aef1ef0d55bafc505b6f3d59d8e52ff513a26dac4f5b5c76,683.500000,10
6,af92cf176dfdd12f2b04592a5acbccc570523d012f6805fddb373391a301c7e5,586.000000,10
6,a2e0eb10b23d4888861d894603fc8a106fb32a37017b8f966987cc56e92622db,503.000000,10
6,f3bb8204cc29cf85c54aa60fe389dd10a89d7a7ff90ee13cc1aab88355944a39,587.200000,10
6,6c07c7c8f09b2726c220301820f95a031bdbec5521230088eca1de1deac62d26,635.200000,10
6,05141ade00f2bedaa446f73549989f2ff486b878b12d44497bdde8d2cbffc57f,310.200000,10
6,7866ec53dff6c05609a78670db758f30c9b004ef357a6a55535b901750816012,374.900000,10
6,e412718c4839bc66b71a44fc355290fe7f5b00845917f096befa9f19332f2913,629.600000,10
6,476cf1e9b63facfbaece382215b492974b34200917c09d36c4399c6b460648f3,595.500000,10
6,0f165128fe5adb0a21a84ed62ec96121d514c22a29e2344d8f286209c79983d7,884.500000,10
6,eb0607e598a1997a8acca93e96a484488f0904a38ed3f7c075925e9d83c77b97,812.300000,10
6,35c529a01784cca6bf4534629c9ba6a765838aa7a4d2e6c8227426c99d772207,698.700000,10
6,fa0d6df4d50af198a4c9812c91112d81619ed3150c8dbd7c9ba781ad96e35fc6,505.200000,10
6,a65f3788fad4c5353c78878009a7eda62a60bdc276cbf6f6d269e30d4a4205f7,530.700000,10
6,75b5c03e49afcbcfcf8b0b3a1f16ff925cb52259c046e2452069eb16ed1e113b,513.500000,10
6,2fdb3b73b481047adf109ea0a598d4a0e79623d7633e629aa9bfef49093ce953,494.500000,10
6,a4eb33244c38147f2f509992eadba09157a66461ceed5156bea99416629fb172,724.500000,10
6,2e54ccf8095631c1761d61f873f69eda67a7b0298484fce56993ef63eb4c31a3,567.500000,10
6,88d98f614938352da1c1f98d6ea664e5c99598ac0cf100b2b24c4b618a8a31fa,432.900000,10
6,0380586ced83163efd592bdd777b082eed12753ce363de17d78c5dc1791be4f8,288.200000,10
6,49d2076a5adab2e9bbd6557739a5f84511d74ea16f11784b3bf5410ef2c9db5e,653.800000,10
6,4fed212ab59e2bf001ceb5ce3130858b761a808e18c8413a1db2fa47e02483be,449.400000,10
6,032f83c7a00b9c179c14771f6b33bb57ad0f37203a4fbb30745f0cbfd52dabb1,450.400000,10
6,a0de7f64500c849e42cf7ed0487b24a2ecf790db2929384fdca4afe40e0a6f5e,387.600000,10
6,0ff583d4b142f0b9f7f5eeddcc87d58d6b74db5f4a6e009f837def1f9936ec41,835.000000,10
6,fa35f1fbae2bd69d5ba719b3e15e16f980c9608ce62f4ec26b72335786fab2f6,546.000000,10
6,f3c169eb96b7b7eb0adc2776eec9f21a84f941dd865cd5796955003ae2cdb3ac,669.500000,10
6,e74d053148236ff1557aa816be8293f8ee2de62d8ad84f6cb1b40ae7ecd41187,663.600000,10
6,97c3969196225a873d224ed367a1b90451395ba7b221707804227002f30200e1,654.700000,10
6,06526d2ba04d0a32ddf3faca379113cb28117c1b7e5811db146bfee0dfb5923f,580.700000,10
6,61473e74d9169b8f162a1a1c2902d3bf8cc5d33fec9eae627da231a9ea723ce6,895.800000,10
6,4b18aa6dce1ceb81902f592fb8893e9cf29892507ef123329f4e01e91ec19709,407.100000,10
6,0f47c5181de1599926aa19cb8275b89ecda8ff8d575f818788f2a6843b7dc95a,318.800000,10
6,e942d2ddd3ff379ada9617923cdbc728d0b1eda1d272b679b987ead4a033ea90,809.700000,10
6,cb8087874a394c952b6df4d6861578f4abf8245bd58aeeab2c7b3fbcc8888ed6,795.700000,10
6,eb5d649213908fa237f4d80b03a185ac93a2b5ff9b7ac75e8dce1fbd2d23a7c8,467.700000,10
6,226b78231789326d93c1b1604d737cc70139a33b69534b02c77cbfc8a722be69,351.400000,10
6,ebdb301bb4fb4e382fc924b0781f5f2064704f00a72ec55e93e47313c9a34a84,441.800000,10
6,d82068571dde2dc594f8866db2d03b67c6f0653fba7e6a68b0af416d5ec4f427,873.900000,10
6,e4f47e64b50e679440e338cf6edc0f444121aefff673eb83dcd8e8e015b72e0c,741.900000,10
6,b0b6c1f14dddc7a44780927048ce3d93a3047d78f2d59d00bdd5e9613d5bb0f0,496.900000,10
6,bfbb83118d1fec5ddd0e340e61e44b68ef66c4563f3f29d818884f34bb97c3ca,610.700000,10
6,35ab47d25932077159cbef2364d81c182e5fd1a8d5871acdced8268e0b89eac5,818.200000,10
6,d1df6c7f926e36003654831fc5032d865864db8cca0a209e5173560ef8dfad9c,686.200000,10
6,fc8bd59e0e8b11598c212dce4dafd04ba39133c97e7d47dd34f15ce7dd3fe68c,545.200000,10
6,71e56c85504f27b1b804b1d4c342a224e5fcaeed3cbba58ad0a5f83b480d9fc7,638.900000,10
6,902b3bc40c31bb244fbdf1ed710b2c9040c581afdf0b196933080fff5f6e1398,405.900000,10
6,dbe01d7c29d5f8cfb3f9369d2a40f06581df68f73903c8888662a8a26409c215,448.900000,10
6,0e385a26464666b46c78c2e3f0026dadb3d8127f1814c176a9dcfa792de12251,617.900000,10
6,2c54add27fae60b05a815d247193c04efeac80c573796a26541d620f46a1f6b2,586.900000,10
6,4e2404c3d9a6b586a17e5b04bab1fc906ab75f3e620a96b0eb28d1104b1ce93f,524.000000,10
6,08f5f75ce4dff6509a6cbe398ed04db350cdd8d2eabcc59bce87135e4f1b2301,466.200000,10
6,d42ac365cebd35c84540affbf20b0dad07269dd915d455d8857a653ad76f9be6,522.500000,10
6,cd96f49d07eaeb10f991e8f9bd77ead7f6284875e124949f41a0f26a0627d6c7,361.900000,10
6,91203dae52d01d3baa041271f4aa7338f66436bb00f85b3d0e8f0b9865ed54ed,774.500000,10
6,588ed3d9d2d4022672b13bdb57286679420de920ca761d077544a725d090afca,515.500000,10
6,556d703fdc2d10f50863d7355d3473d8c5e89fad6fe2fde13730ee68045bdeb9,525.600000,10
6,5124c364308fb42a7a47d4328692d7bba60899de48158b0fbdec9cdd3691549b,828.400000,10
6,79c31fad5a1aa4f5b770ab1ca42966652120194beaf6e8ddf1b1f25f492bc8e9,720.000000,10
6,eb72edfe628bec864092653a61bd252c075c19c1e893cb987a33dfe2fc9e0aad,644.000000,10
6,1bde3f5f5ba6c6f544188945a75e6c6ac352900383eb4def2c9aa7a00bdf2ed0,667.000000,10
6,4a2ed9f987f275c3f2092e4939995e167e750e4de7b6a0fbf06509a9729f6b5f,584.800000,10
6,4d2a74bb685cd4ae1c948be4ecb58e6aa556078e470c18bcc029605adc87f7f7,549.800000,10
6,38fc664d83069ee618b536a559519bf7319f8186c28d51e84df9b2e8d5fdc2d7,804.500000,10
6,04ceab8c8c6ddf773cf829d6d6b901df208aad1ed534fdc6bcb9f18ea3cfa726,830.700000,10
6,b4c1819d1b3ce1309de96aa2b49d6739cb81f87a2d3c776e760d68883448644f,328.700000,10
6,f9101130f29934d94731414b551a42559bf768d70d131c35bb6fd4769c7c20eb,523.500000,10
6,5d11bb4c35ef3f109cb718bd4e2256d267d6b207861cc8357123bcd046ca7f27,315.500000,10
6,6d81d4f668f299af9844e9f439c428aa53b2fd3ed2a52a18b49b83af02c3f42e,366.500000,10
6,0e12535b8f5f8a2633f6621eccb3b8b3dd63750ec4117fadc0486f0cbce4e9f8,270.500000,10
6,c1f23d0f7cf79c351a3cebd261b184a1b30b4613a40ab7c471802ba9cd32d60f,655.300000,10
6,a348b7eb06d2a91bfd1f84749001bdaaba25a3a038ea524cf81ba2263b142c1d,433.800000,10
6,d52ffe52dc4be529cc350b30a83a2d746ea5e7feb666886c47a76884a1bd4f5a,687.800000,10
6,ed9db2d58b9dd2ca1fbe17dbad615a4431b597dbb1fbaa85634e34bbdc4c79ef,762.200000,10
6,c3936d9309a9ffaf17ee7baadbc3d6218765ae7fb4f0bb62e09683c088e87e85,721.600000,10
6,dd21c7e5a2190eb1218d127a8d5e574777b84ecfff184d7f9d950586b5f8cc74,374.800000,10
6,04bb7c169a46396d5f6818b8f969862c1a2f8e4da9050aad6a0757293e8e7d29,790.700000,10
6,829c5aca3d59a70049f9def9d08798db3cef12b4611b4444b654481db340b746,663.700000,10
6,44b21239dfc9ab5b198d7a7f1f82374ccbd6e6f87c0d7a52bcf67732146b0c49,638.000000,10
6,e7b326f3214ebeb2560be53c600af4e165a267b6ad379bb8e4828d5011b2bf0d,609.900000,10
6,94b4d6c03d7dc3fb2f80dbdbcecb14ea82ec8742156dff274d437238fcd189e2,520.900000,10
6,d73066204c23eb61db733f00104fdbb0b6c1f08c3b8bb994dcdfe4ac4cabaf2a,566.200000,10
6,b2cde755c41d46b23d55308eac49eb1d0a705b1edbfd079d44472ac18580af04,352.200000,10
6,aa273e0417f3f2efdb860968381de175bc7ff91e41cfdd13570be2c9cd5b09e3,421.800000,10
6,c646fbbf6936c4c4b59b304ca2295daf46a7ca2acfb0f3a124b1297cd59a57d9,418.800000,10
6,63402fc4e7f552e71f8c9dce63e35f3255b97f3e84f668305a69b6cab1a19d5c,664.800000,10
6,38d193129719beea8eef15bd8d1cced0a00577cb194b8e86b7ba5a39defa8eaf,751.200000,10
6,8949daab1ae45795e0b1c54de52bef21548116d6afb699c553327292ca5a1bd9,696.800000,10
6,1108a2695536a017ebdd1134970790d33487a931283f06d902e5caa04b1eef85,666.700000,10
6,6913bd2f136854c3d046163ca700f023d4aaaf58817cf59bb7dc92096ef295d7,411.600000,10
6,8c0fd255305fa83345b367d870b52b4f0227db141e03ceb608d1d636b17b8b39,726.800000,10
6,aff9e607cec155714833607d1b606aceb5c0646f7b9ffa640607e9d43804ddbc,521.800000,10
6,7f24db9eb0bb8c967728af3b76832d66f33c970194b24f10858060645edcd476,677.100000,10
6,7ed36d1db180d609466a93e6b3131d572ac7536eeb309094376122279a696ee6,658.500000,10
6,b826464ac007a169c98a8897b4929f226353ae2b630b68439bdf062c57330e6b,802.900000,10
6,a3b1f1f5bb125c5e2a8ecc97fb7ef0a5472716b61b0e56d4b1c687a13af22906,804.700000,10
6,69194a90da4aa2531b211e699e8ac63f4284882cc2cd9fd63a6d0c3810a0ce9e,789.700000,10
6,7e3311a4c4d181f9be4fb106516e66105ceb5beb0786b0a7de6d99a270d74689,673.300000,10
6,42612322d138138c21530f0aecabbbad6d9fda4ef59db00d9bc5acf133ec90f9,417.900000,10
6,735ee31256fd03f8734af41430e973ddeefb8cb3a09d765a28d04adc4404be6c,797.000000,10
6,da7565ab0ed895ad0f955019f82078d9569e2d1e215653a90e594a1a171a8fd4,459.000000,10
6,4ec577a12ffe831fad8f29d07397b8ef8e0658ef4168c52c2e5367ec90a22ebc,381.500000,10
6,55f517562b48f3e785f7fa2ac898b782c448836be8c531b845e259a99876400b,291.500000,10
6,b813891e7f849c15ce05bf9b49ed4304f2ce60dbfa5de3a9c5c2826351f6d8c9,313.600000,10
6,b9da78df17eca20824961f1454f3940c284ebb9feb2b49dedbcd44b3a69b7637,455.700000,10
6,bc3985e93c66fdfc5fc893d7fd71b42fb9ed526dd0200265ab62d95a06c685af,665.000000,10
6,15f50e23ef9ee89f5772bc652436f463914f5c9224771b4197bfad474e828c6b,390.000000,10
6,e55a1cfc070302b1270b7b35fe4a00047930dfc693a45e338cc80b1e771140df,812.300000,10
6,3b7538cce40b3879eebbb0bf6c36928c3d91be9c920760d888de32debae2ad84,780.700000,10
6,204ff4bf76b9c11a4b822dc04d8b28b83c077d24223f2321a0cf16c1d4295272,593.700000,10
6,281fca94916e7c48fe9134fcc5487a36d71b02a428f5cf77ed8300c5477a3a7b,577.000000,10
6,f0757aa754203c702a8239c12f1a68e0754f29519350381b3ab61ec76c10d62f,552.000000,10
6,7f74edce90b1dd9802ceccef32a33d2fa889a21af96cb0f426299fdb4ca8178a,643.300000,10
6,fbcc7aa500e1b1b18534a454fde33af4173761b0c69817d98909f9846943ebc2,625.300000,10
6,21e328064a726fa65cd2738232ddd3579fa98e2b42dcb73b9898ecb2ddddb172,473.400000,10
6,c9c9ff7a89ea6c29ada1b259714b1a36a623be18a3870c0d6e92d5468d95148e,279.400000,10
6,1871bdfff2e5467a268a280cf8aa8ea918aea9721aabe8b3a37fb0510d7bc9ec,308.400000,10
6,1285a94aab9bc7246625969e17ded7af1f8913643037546a7f3dbfe8a0d44c24,692.400000,10
6,9a003ad5bfe3ba5f3335d07d6b438abc57e124dbfc2ababe69ede2204c1b1250,441.400000,10
6,22fc8b9f3976c0e7b1c1caa2d84530ec0d9fd2a2e8191baae71375f0d77c1bd5,369.200000,10
6,b4cd0ef4286448472777aaa7254ded8d7dd6c39e508b25fb07c256669b74b019,637.600000,10
6,65446106b8ebb2159fe1da3297fd6b3054c61a804446ba365341cebf89fb7e0c,717.800000,10
6,84f9890e3c396ca1c567b80a30803745740801288aa02f900f7cda62d2bdbab1,549.800000,10
6,79ebb53f86de8c431aa29761cc09904bc6de07a1f7e65280a78738c213967a05,434.600000,10
6,e12337be08b21c86c5f1f2dfd1a8405dd4c9cc62996dc53654c370034756ac6c,444.000000,10
6,effbb460fcea06b5451f75965378920c7c3b3de3b7c879fbecdf0d22fa15420d,353.600000,10
6,938955db0bec0f3b71e9d93e1e3b77755f1b570c876c93ccc557c44795fb618d,547.600000,10
6,fc1b88a60ed35a42b4c25e6394d7e218aaed790f33eaa81671e91714b3aac506,788.400000,10
6,5e768dae7f7629ddf500c30982a5691140ae8b8c9a9732f8de388baf343effac,577.400000,10
6,dca54a0da4e357570c7a69fbca3d4da3387aa703bf37f2da7a66cb3b8d3a20b3,404.400000,10
6,48160b05aca54358f99504a32e09ec6ff80c53bb1414d98edb5d0bf747ad4834,655.000000,10
6,37197b7f73bf28059a995e65e638dcd4f94f53027a5fffa055e3ba8328dbb8e2,577.000000,10
6,0553d57ea227a1d096b9e1f53f5198992f5f1320e025a874c665bdf6729d4abf,367.000000,10
6,f2c0c64be444e3fee8183aebd4db30b92abf06190672f7eb950bf7e4b868b940,799.100000,10
6,e466c34ad5d69f0e0a2d147e17de7a7d760c38f28f53e507c1514e20abfde045,771.100000,10
6,142f735b0d1a226ba3cba90e496dd415ef2bcefb5f95f4c2f0a178c632a5483c,485.700000,10
6,68c9a33eef88516707d8ba7c5f55a9c6d5d6a87a53fb79dcfe9e2c68bcfd4b09,429.200000,10
6,556c4c43329dd05cbc6df1bb15234c38f9aced5f11a3dde2d86ff86a20f405e1,598.400000,10
6,b65aae0f08e8deec0aed8e5046869711918b3be5c68dfcb09c59fde0eb936a79,348.700000,10
6,bf66c470a66269f4a35b72c5263c4a4c4174e114b4a3e7cff8afaad861796fba,654.000000,10
6,3af119fb5d04091ad0562176e66e2b133d5f7098007a8a0f625690306a52b1f3,568.200000,10
6,2a7a558bd95f4097da068fd51a172a3e68ff1b7b08ea62e827b318a38433dc33,401.200000,10
6,ac77728920e5b64f35c2fa8ae5f620abd3112f09e911e0587b81368d61686b80,472.400000,10
6,82852e47a8576c6ed88be12b4bbb804d37a9469acfa6729bcd1fcae8211b8b21,636.800000,10
6,13af594e773092391ff1083a78032932aaaa71c5ff0e6d6f8601fbfa861c8fda,400.800000,10
6,706cb9b46106feaca1dd7cb5d87b24d285d4add62c0255554ac7b1b009cd6511,541.600000,10
6,cf9ebde4a3f4b3af9f60e91250acda9ae63f6d0856741796105d4812cd4122e2,324.700000,10
6,a41c16e574b1b29d500b8f765476ea4cbe08cd3516c29830b782ec4e088f04f2,371.300000,10
6,2b536cbfbf9dd7e0b51abc6e1c55ff016d4460ff79a6e7d4e0a61a6b4e0878d0,403.300000,10
6,5dfac35788f6fe4ca1b06724090ba2c84b2df9f1e0f1cfa679495ffca32f6243,362.500000,10
6,e399e756e7f41fa49375ff318720753cc1e6cce9d168781b854f31b4391c3cbe,625.800000,10
6,ca72f8f0072a2e58d075ce51989974d528d43bdee4fb24e394316572492e1fc7,702.900000,10
6,ee89667ccaaa17330e46166d3a21efa4ad5fa9e4d40a5f3a0798b14ef6fabb17,386.900000,10
6,ba25ab5cd8ac1e587db89d969632b665835c1f07d43e981a8cfe32c19ffb67f1,729.800000,10
6,7a36f470a0d89a0c12d4a8f0928b31333557e5711db20233e99ef6dd02b5e23f,433.300000,10
6,8a7e27a89960c264454847a64915c5042af8caa24214d73da7f2d85ac6ac1812,948.100000,10
6,a7c61179d4bb9a8386bb1f13297b516fad5546033a8b02c5e349f42afd7bd83e,919.100000,10
6,c9654dde9200d7942e5d6e62d88fbc3ec244029898ebb8e2e543be5c9fc4bb4d,683.200000,10
6,8cfe6745b8421f72887915218c080de42bac14aec89eff1c6268e3b0ef51a5f1,834.300000,10
6,2fb2f2a8b80b6b3b84995582cd64f878c0e9363de36513978d436de5926c1e5f,351.300000,10
6,35151581144fd44b9e00d3a78223c01048148066f3e674846c8045d71bdeb3f0,270.300000,10
6,beb93662599d934b3846673b6c781d1eb8e0893b76d036d69ea5b51d8d28bf60,656.800000,10
6,8b856e017abdf2777b6b991fd5956dc268416d86a945fb1524d74abd14a4850b,587.100000,10
6,80eaab8f36545f22dab1cd93e9c31a24f49a8d7ecfbe1ddc9cea14e746de0789,589.500000,10
6,f766781d6c60ba54df6b337e51eba5560d56e6d1c20f5ae6c8c3c9caea505b11,655.200000,10
6,1a3c18091526ccb2b925f1d76c7f601df97c5099de7b5dfe57285c506ac40a0d,879.800000,10
6,56ddc475ba323c7a51c345a037563a3837f97d5b6c9e863ec09e61b21af25ee5,388.800000,10
6,af86e35eff3c6296f6d8f46f53aa9aa2c4063be7467a3e4232ddedb3ca645ca5,416.900000,10
6,cc22307188ca4d117205b212e0cd58419401e5a7234fc6961a2bf3462dc7cd84,628.100000,10
6,11d79234eb07076467ad64b7ebd9713f60e12df1ad2baeec24ca20627c7a84fa,766.600000,10
6,3d084f9bc824b3653fdf9c24ffce556501cd69a90b7c072d78f9acafd2de7a4c,635.600000,10
6,fb452792432313f39686f20832aed90cfdd04d948b766079a8cd0f81ec5eefc7,819.600000,10
6,4d451e25fd9e85b2522b64036c8150aa7c0fc42587dee49bceba61a9313c3b7e,765.600000,10
6,5b13ca3916f9b35237261f00942c6410eaebdac58d6728b0a1cfa44d39323898,446.800000,10
6,77a67d48fd8d53494dfe21f6b128d3a431ec79adb1fd7a8ada28fcc90989bd45,442.700000,10
6,19bed1e186bb6c5215e1e6bc9a2eb593266aa77c377ba9ff76b242e428db34a0,315.400000,10
6,3461a8ea9c21a33f7e05eb6de26969fa00f8d34a144afde0294ca28ef5d4f443,838.900000,10
6,558794ea40ba6410ef3fd02d2471115d6f5131a1d44295936206b5d52a5e8603,454.600000,10
6,1711f959db58251c94f6df72fda243d71086692d3fa1aeb3a30cec5ed786b3ee,500.600000,10
6,6f1873e468eea0212d8983b7994c41d6b03fbd87ba27a9d43d40caf33ef27243,845.000000,10
6,ca33c41a15288f752e7a8016e8f06d3cb9eb5e2862f2baa3333f68158c481931,567.400000,10
6,a1109eb51c2516c4d9a4a96c45d36405026a98a2981ba58a8fc55bb99a944641,493.400000,10
6,70d2fbc35ed115262e67bf2cd63cec228fa67adb9b787c6f4e3773fda4738f9a,751.300000,10
6,c175a44178dbabd205a65f13a4d9bc9bbc89cdfc8d5236ddad48972f7cf9d81a,712.300000,10
6,f93651a72403ba435204ec4dcbee79593286d84fc2d639db7d0101e0d76a6101,532.300000,10
6,54cd0bb7c93e369c93f94358e7894daad44e580f9f3e394d6cde99ac51858379,543.300000,10
6,0fd8cf213f5a50152c0530bdd0aeda04c460408fdd5776644465d727a429397c,669.700000,10
6,87576a4792d2bcf56d0063035cdac8f46e0a5b60ba288ffe0c4f3b8f9c899149,748.900000,10
6,7f14122479e68ff50fa27c0f52a3f2ebc475fbc66c1329ac81fad7b7d1bca625,481.900000,10
6,58841b97a40e1327690cfa469834942feaa4d319eedda28c6156c2aaaddd4ecf,701.500000,10
6,b4b9363e0d7a474d7e7dc53fb3ba9c6f3d3d37e67131689413b4e77ec64bd59b,770.100000,10
6,b1775c7e564bf5bb2624fb09848ddf49ebbe715e873eb0dc56b09c9c03fef66f,742.100000,10
6,f19bc3ba6cfc8db851ae70ed8c7ec61e6bf334fbe0fdfa95b67f74fd1522d81c,823.800000,10
6,2090b4431dd30ed15dd388edffc63741c14875d0fa0e70db2347321be16c132c,841.300000,10
6,4ead8480347f04e12030720d9ad3a15681f010abf54f7fffd5806e6e3ea55951,529.300000,10
6,aac789b5b8287a0e53c34d669c422078487f212805076949e3a29ca1083f74da,380.800000,10
6,8da788a07601f45989d2c86c501e45425049e44649f7a470c8059abc780f8c53,473.800000,10
6,d6058f2dfebeeb9729aceaae23b95d90a9dd98731386d4eb3f7c289ce2765aa8,769.000000,10
6,38dbaf477511312f7ed4eed068ba4344b662350450c853618ca2f56dd043c02d,501.000000,10
6,ec523ce5efae7f950774b92c99e088225404a4a89abf239a1c8bccfa158d8966,499.000000,10
6,de5c24de7e44ad21299221b0b68f2682d184de973d9ac193569eaa576ab972b1,478.900000,10
6,3df152826f2fe78fb5e81d92db95fe935ca3c87a95588e0b1e4c8012d1cc2e30,579.300000,10
6,ab99700f53d19cbe92d5c45f7f9947f4ee72ef45e02936e29a2ff6cd0cdaa729,385.600000,10
6,a648a2b41b0fd6cd56d84603a99df0f75f1f2877ce76156c333db0b94a7d23f9,421.900000,10
6,c806eab37ef63c3b8bed258be5d263f8149bea1e3ad9c8038e6a8c021fc783cf,664.500000,10
6,e6cb3c22da50573861ee73ddfe2dddbf2d054b1e7d9641d217353dc08af3b0c5,552.500000,10
6,4f020a80a1218405da3112a8b7c61951828bb54f3b05d422d7d79b5a6be565fd,503.300000,10
6,521037d3b7a43b9f2c03fef260f60c92527643adc6a9e44ecd1edcd4aa0f3f73,835.600000,10
6,2a3c9caf05166fac2c8d9b390568096276b374d09601a512582466c2329ef070,567.800000,10
6,53e59b580dc4ea65a5d4dd1efedd3c09e097858307da4e1e25d90b063a491644,822.400000,10
6,9fa672fc88744eaca853873dd2da9bb2785334a9f0856e57e1f5edc5b073621b,663.600000,10
6,671a2c512a250d78501cea5b5153698577ccceb32152abb0b3a6fa0bee2baf5a,725.900000,10
6,c435862d8295d10e85921c245fe1bc77d1fc870ee901f62dc941e5efc8b49317,541.000000,10
6,4fb06bf09723300e23be5b6731b58fe9bbcbb550cb4172700c7ac933cb85befd,404.000000,10
6,12441c6c8a490b90711ee33da4d3b4400b2b9b490c7b7a517607ca37e07cc5e6,965.300000,10
6,4b65d95708a07d761db5e49207afd1fdb2cfd0b8d1fe63fff9943e6ef737cf2f,1221.600000,10
6,67c2ae5ce316d306255d6befe25adb1d5540158ccb40b5903e16e8934d0baadb,904.600000,10
6,744fe93296d1b20310a64ef85414dc83560732a6f862fb241bc2127ebd957105,828.700000,10
6,438a9df52dfbe92db432bc57b5d00fa546ee337530539dfa53e0e8906036e6cd,740.400000,10
6,cb120576c87a5f601df3d91adfbf344a466dbaa045faee8e2070c94ab88d16f8,410.400000,10
6,ef532bac6915da02cb535520edeed36576281ba0f46324ee59c3c8b7251b8824,292.000000,10
6,9616357341528c1776e2d4cdb2b63ec4efa3e47d766e554590ce807c6d5ee977,237.000000,10
6,2d80a48efe5bfcc268e86ff6b6350c3567e12ff1f98e77f3961236a86004d17b,694.400000,10
6,1db5735b697aa9b7d0f76187282c5967043ea49444e6224b853062f89dbbb843,788.100000,10
6,214ed251fbd8661795e630d475103cba438480717aa5a4ccd5627d264e7f6b0d,315.200000,10
6,844b989e7ede2e364c3cdc950bbf0af697bde8fca1c82d0364801f0725a39cc2,533.500000,10
6,69f96aa4709584191bdf2b7b2c37fc293a1ab5a19d7cfc2fb6dcf3294354bf9c,256.500000,10
6,c6d896f5bddb8d2f2b311e41cbc655f0611c8f97fa1da9aad35af631c4c7c54e,561.400000,10
6,18c222bf25cfa838944ad5a77d7ec4e71f0b3b7c7e820c11cafc84189f5b0009,747.100000,10
6,691d4d130311c10ca9e74e6afa21fc3aff4a9b218dbfcf2f04d5a35f1491486d,665.200000,10
6,172835a12315d4c3d353bf7a959346c861645d2b75289a202678e75b5a42e073,648.200000,10
6,1cf1e09194130c27c199a309e802b67c62ccdd49e7655eb89e67818bde9b529e,675.600000,10
6,458cad54e53185490db1da0d58b62c0585eb683930b9fbbf087476964d660a34,253.000000,10
6,ceb7928c8ea9ec60005945ee47974f4c066cbd04f933c6c833ee44ce64fceef0,602.300000,10
6,cd69e1feacf248e3747d7ab2daa43cb7628045d7cf557bd6b6b8ada60bcbc094,453.300000,10
6,9af940dafb1130f48c56a880595d455c225c0ea39f66294894a57fec3c0b425a,816.200000,10
6,913126d430fa86249ab6dea8037e19fc330f804e91612fcc3594dc8d7ed83600,331.500000,10
6,823ba2dcc30c90b098491250b10d56fae5b4b937362400af344ff3f840acad02,380.900000,10
6,eb831b57275d438b87c6d0506b8a5afb62b152e7dc5cdb039d82bcf9b33e3a6d,476.300000,10
6,0fe814cc765f95fc2f064b311b1cf09fafb9073f09553c5ea02b59e2c891c684,664.500000,10
6,07d254f6faefd6e4b4396500ffd40449cecf132c2d4f994f0e8e1f7f060462d7,624.500000,10
6,a5da8def7b9e63a681e11ad24e4c43624db15b8bcd5c580bcdb89ef43609f22d,436.100000,10
6,f6b2542cd39e6680db9ded25651409f997ca36e0827753cbef403dfc788af026,861.700000,10
6,54bb661ed42aa7b01b7c5c30a8444b6b769262b3f897134c0a2be6f1ac0b9ceb,718.700000,10
6,18d39f0f64a8b5cb51f8317c782608479c587ccb95b1e7ba359b74d576560a3c,813.700000,10
6,c302cb50bbd8426a185f15958ca583abc4616ecc0fc16d6fdfd4fc56c9131371,393.800000,10
6,6c110b49b887e32f06d2c12b61818e189651d614c99cfe6f5052f158972bc761,615.600000,10
6,e5bb556663a0fae8c234a3a19dffc962b34d461d7b1f5cd4cf513b2f1e1aed72,814.800000,10
6,a4ec256cf07223875666b7094a86f274abaf0397b8572c6b511acf84d60b517c,525.300000,10
6,71e92eb8dadf45579876db24c3da2e67a3b7c7985940394b7fa30766cfe7e5a9,455.300000,10
6,c866a76e43ad156234994b0d410cd11cd3c5a1c9fc43fba74b3dc9ffda660d46,470.300000,10
6,893a7d49cfa3383a48b3916f4bfc7ccd2b59b4446eb06d7210b19c69bd9323e8,599.600000,10
6,848bf552b9b5ac6ed8dcdc2ea38b383b7c4e78449d82609ef0f832e18ab27746,459.700000,10
6,67226d1334a2a2dec6f0776f5d37616ec05c0870d86072e629d8d47517e4a2fa,372.700000,10
6,d433f16efd13f6ed4a284161174d168fbea1f6a24a8605078184912fa5949a20,890.300000,10
6,c58914f442b07e70655c73b8565baaf834994ebab181d6b2d03be17e065c13bd,276.300000,10
6,3e1be05503981c5f8a9ca1dce1847559f6f29769b7f2b048d5c5230308de8ff3,628.200000,10
6,6601c8670714bd634086ba4ec82d538a7f39f6513b2e5c231841cc0def56cbf9,763.300000,10
6,b9d94226b07be25cb3d8c94831b15b3d4646f573e784b13a0ec341e67011bbe2,381.100000,10
6,66808a594160caf0b93ee0680046e7f3568203fa12c645ad4e088c84744eb528,379.100000,10
6,8aae5d18b434169acf29a2095968ba8b06e8e1709234cc8ccb45cb03ba697bd4,847.400000,10
6,207456c8e9d4491c2fa83c3098fe4454ee2d9487736f526e234e8e15229bc252,600.400000,10
6,b7303be31f44582ecfd4f6d59872f323f18d988bdfc7dd51f0e5fa1666e68f1a,427.400000,10
6,1f6fa2ecf3329704e5c4c8658901015ed782264708767e88971f9eff79a9c899,491.000000,10
6,6415009ce4f888c0120e1dcc52053892eec904f68a97063142e714173f68f532,352.100000,10
6,9fc7cf031cf6d6b5e136e99f286b31a738b699f6ba349881d5be013fea9e3208,364.100000,10
6,91e1404a0bd84cd35ff292598b361dd7d2edd10fb9c174ec835230191a78f453,557.800000,10
6,25e21bdcb45ee79bb8d1305752ab2dc0d84b476863ea905c9d564c554ff2077d,568.400000,10
6,a05904655d16bae89fdf052acde086f82aed2ba84c66886775e963d7d26f3c5d,484.400000,10
6,8f4af5efb7d845b07cfa088f9b5edb39f8d8e56c10a37819f4653f2bf1c8f877,522.100000,10
6,c96b95e0d611cab89aa5b87164641ea030f4722f8d3addc71572b3db865ff5b7,700.200000,10
6,db3c6223a102c5e92d0cf145af4675afd1e9ca79ab8b8200d5cf11250b1e40a5,683.200000,10
6,683778de4fe45edaabceb625fd6cd00082ece8bfac78048a4e81a55e49cade76,636.500000,10
6,751ffa49c46b13aeb8756454d614b10610b1a895b1231d432808b6bde0177897,498.500000,10
6,c342e98027a2349d0058e5017fa8b89f4b88ac332ff5d9771d4efcff96f7644a,343.500000,10
6,2a5f6f5c9626aaad8b9384b3f69124b58ff8ef7f5f1a2edd89907e6436828809,559.900000,10
6,278a65cbd3f35096551c030897b0bf63c2b63d46432833945d04f402c7022038,347.800000,10
6,ecb07fcad928b7608d0fe39ee8283ed6dd34bfe629c606e95c80265d504327a8,791.500000,10
6,23f956f989d980741036c768667cd5c7deeac7eef34d04e18271b3779eab6ab4,503.500000,10
6,59320b4d7f2b4bee8cbd5dd848723a014b95f571cf746f63ab258d5f9c719712,352.500000,10
6,0bc5bf22cf5fcf4331ff4f7454f4d8e322cd2241507f1092f08bac6b3fdd597a,504.000000,10
6,87766845c3062eabbd6e07b836c5a8ece53a6cb87818fe5d39fe9ef407884da5,565.000000,10
6,ba57761468b67b99111b09ae2cf1186daac0cb76b3c20c55a14b11a7035bcd16,335.300000,10
6,bfb85c7dc9f9eb92f3e92bb9d066360ced4f6cfd636e5b74b110d62ff8b78c1c,653.800000,10
6,4f20ed504594a1c9d928d638f8ffa5c7a8679bf1bd4e77c81b1cbe2fcc6593d8,574.200000,10
6,1b15d843301842f9c1090bc5d917976bfefabfb4e684ba328eff5e4c710e4e13,369.200000,10
6,55dfa091b33782ab8b5109d40aae1cb5958d915b1f7697b5b8944d054ff7e9aa,482.000000,10
6,cc857697b1dd302829f445896731c6ef6597138d6ef8620f91df3ef19e145414,809.200000,10
6,6003da9fa7508ec1f1e4b019f1642a74261e744f8e7f6d6ebca8763f655b3e9e,698.200000,10
6,d3f370ff7c94c104432f1464fe94f8cb40713883821c7dd9e020cef059d43874,704.400000,10
6,68f8228d0ccbabe31f2123b20a6ea3eadc6424a0fb1e8fb8f9fdf7bd0e7d8841,546.400000,10
6,d8ba43ff1463e0da4d1931c0386c4551a1c4f0363ffe3652231569ca5d7ebc93,705.200000,10
6,985fd76b0a09bad98b4cbf2801b31189e2f6ac7d03300f77eb8a7f32da534e75,498.400000,10
6,1e534d8d1ab2c8ff16f34490f862e887415f6bd9a287e4cb3e715abe70bf5a74,672.100000,10
6,55b58368e3e1e2b4482b93402be8968826315049b7763f65b964c52c76fb0c50,607.100000,10
6,a94601e867947a53a3161ca6cad1a085e5ccd5175fee02add544f1899a2a4009,432.100000,10
6,b494d301e68a8ca28f367bffdeeb53c46f989a06b8f54d145323019599ed5e86,709.300000,10
6,873bf0ea9e95cf419fd24b82a8d0cf73defdb6e0f7b5a8ecc055985356623063,567.900000,10
6,1129a6d91e9a4d334562f9ac3dbce691622e9012b023c7ba7ca3a92430fa2294,837.400000,10
6,fdbc4f0db5f4eade553cc67f75032c78a510227fc425302f086c38d7fbb67a22,625.400000,10
6,59d6dc8604272a636bab7279086a137de92591cf681268b569bef58f86aece01,624.400000,10
6,8f0d3f5b4a21d7b5321c8f403e7f74ab159f5d71c0b037765038bd19b8e9f185,964.100000,10
6,4473581cc772eaab88f7c61f4ad2fd3f457aa4afa5b5a6d330c7021a7fe8e00f,721.100000,10
6,25babbd3f9dd490eabf3e7fdb3155a705cc3d6379725e0f3adb4bcb33cde78df,678.100000,10
6,97afc4be31f06da8adae9079f68c244eb8514ceb4ff21174c73a1b112a73910e,887.100000,10
6,c03f6bbec388726d9fb7acd5137945f224dea4370284a99bf249419a136e6303,718.700000,10
6,3d080275a52988091d7cad157de98496cde7e5a174bd7ce1990c28b6190c2b39,543.700000,10
6,d58b0868f982725dd2e47f2c78e9204498634b9e0a7380028e15c2dc74542bc4,600.400000,10
6,8bb26ed88e79da187dc3598ba657c61e63e143f392f83b9af64b7753ac7816c8,738.000000,10
6,bc67732ceb152d9f83d723e0de467d0f14c18c7bc96f2a111fe9d913ff2fb6a2,552.300000,10
6,20ecc1ae208a5c463642019f896ddf0d5bf7e0c5e0fe9d4d97f1f0d275eaa724,577.000000,10
6,51b0710ef9f657af487abf716cae51af1badd3a7209168aa231437db2fa73f0e,583.000000,10
6,25e9400b2b2074b224e7c264995f70dc7744732fa8406f5aabb2d386c7315051,608.700000,10
6,b38df13e54a83eb4ceac8a98d7564cadfe786b379bc120323f9391736bc923c9,466.700000,10
6,ce40819eb6f302fb6c8eceab29291cdbb8a55a827f932442f015278cdefa4860,534.200000,10
6,c0cead5bf7101ce08dad8cdc7595dcae0b979e0753fbce0679c231f0329700bc,567.800000,10
6,28f6a7b552614bb95869c235e47b148575f6e2999c87c4388b6b05cbfcff2c9f,612.700000,10
6,497d5363a66a2252e5d1d18085c68b3ae2a2236df461f55e3455b3920a155bbe,830.100000,10
6,8f757db4a6ba615c531e4c54a8631289495d9d79ab500689828518567b5cfab1,984.900000,10
6,6c06aa649f47a5126d2af0e076057794044afd0aa2ee117a87c3fe84820bbb4a,888.900000,10
6,57184279aad08d0a1f07645858f829679d9c6027eb9de20679ada74052de4322,607.900000,10
6,51d9eace9601b5c5b27f2ea79e24ca718b34b4ad458e36e35039f14362fab5de,525.500000,10
6,ae157bf85c7902f5a20192a12beb12f2353799bbc03dfaff9d31d6796d028026,755.700000,10
6,818143fb5b412b87bde30d17d998b0e95ae26b2341ea981cc92d5d75966ba3e9,708.400000,10
6,1dc47595faca0d05b50edefbc9d63566e279691e775063f16f6e7d30dc092b28,671.400000,10
6,7bb713e69ac050870e5b1647ce79e2ea9ed7561e0813bf95158df83dcbb5100f,790.500000,10
6,43664cf18fab5a97ee0047723bd8631574b98b57f3c86f021b47b8e8e5d1620c,597.800000,10
6,cf3bc5bd61f3d8dd9b8169296bb60d9c1db2e21eae1bd5d8b1bd0db8ef82a36e,682.900000,10
6,caabbf3c2905f416c20c54a836b79f015f1e86ed9e351839aac63dafcbb39dc9,647.900000,10
6,3cd9b362064da02e8acd2e79e5b551b75fbd080838f3010f86eb7d8e8fc87efd,509.900000,10
6,679a6c8cc92003f49f1fb629490dd4d47c97412e057ef97b950065112d0c778c,623.500000,10
6,b7c3884c05af65547e52222b7a822258489120575799afa6ef9b966f1c59101d,345.300000,10
6,759fcdc518a8a67306447fad1d90e3d82b9817a3534d525e6651b6837097d619,803.300000,10
6,1aa9f88316227455cd1c5923b349b1f8b7ff0d6de18577fc9b2ee457c7368fa3,416.400000,10
6,362719b47a5b861dacd8e185c877741693c4025a9108069e19c1b15dd4775c34,727.700000,10
6,f559d1f6ed8764b47c3ef6a2943f8b9a2d7d4cd8a5a8b4055b6e1abea23eae43,563.700000,10
6,fa1c1c4e3e895de6395bd2b6cb1c14fd9e4265df6e47ac4ec40cfc32a8d02f96,669.000000,10
6,a8065e0d34abe004586dacaa68ffc8cdae41404e9b0a526c45895c5de95af3cc,631.500000,10
6,6e47bf0ef357a9b85622ac2952a652544a320fcb9c9eca879d9abf3ae7c020e1,398.500000,10
6,d99b7c89723baaa0f9e4fb546ac546cbfea42b37376f2c23976a1fbae0f4b4a1,613.100000,10
6,971bc3d8f045f7d6fb06b190540d0e18c4b247dc9aebbe24e4685821a7d5d9bd,578.200000,10
6,b77440fd0fecc9d833002d2afb9ab8c05ea3fd3b117fc7d1e9edf08ad3751c5d,409.200000,10
6,d78e26003b673fc4d257f776edcbacf0f38645c0d649d8c99c7890bd96d2a730,590.100000,10
6,3228440293bb97b714b427cd48aef950beebda24244107a1ff7c7dc9bf04b636,621.700000,10
6,cd88b5bb78ade14b8686208d9568d94959603fd5cbe2d760a3d223b43ca68fcd,420.700000,10
6,d4d5fdb7cac6db18f224f9c4714f4d9ee8f3e14d50b7042f451b24596438c63f,762.700000,10
6,bded38499aff35a121a9baa4b71bf26117615e911e364e2cd40c4629581c4787,588.400000,10
6,b201fb7e990577ab5392d3cc8365d617125640d319312e1b791b4886dc854d86,504.400000,10
6,6b3e352c1067e365a15ad29998724dd080fc29f50bb1c292420d3cf2e564dec5,762.600000,10
6,2661c43e843be1ec53f589792fec13631f95ff048866cf29f9338e690ded9fbd,860.600000,10
6,c11e972966d7af0b9523faa0500c35c9ac15fc14e4acdf9accc7074ae46ff4c0,641.600000,10
6,718af9c7ce81ed8a1d759ba3c3fd304cdc2f9190983ef6e9b8751fb1bd9cf058,453.700000,10
6,c188aeda7b9b640677972bd9d46cb6352ba4f3bfe805ca62c963984c08429cc1,365.700000,10
6,d4711c9eb82bf4862a1cbeab67e38865fc73c8e503a8b81992081fdb72baffdb,777.800000,10
6,a8c076339cde0b567e0c5ac33691ecd08a3302be2acaecb6b80bb5a8dae2dc9c,732.800000,10
6,e32eddfe2bec4f4a32658773865548cdead9e2b73d3b06a8fe892f6bf9389a65,346.600000,10
6,fc930fa2dd3a9c3ee3a5d0bfcc6294ca308d4c5300c4f23181c8f746f5ca4af4,626.600000,10
6,380a54663545a75e9fea2a7d97426a65f07a8f890e5a2cad9cec28656076347c,682.300000,10
6,637485dbccc73c631a2a8e6e5ed848f4435b104e85e9a23ec3b126b06cbab11a,761.500000,10
6,63b5642713d84e734a2222f6495fdf68a09598aeef1846ee42b617186e6e1972,727.500000,10
6,59284b2973728c85d065daa119019c10a76285a49ad9758bf5c02d7a4bdef385,591.500000,10
6,c99769531d75fe0dd92792750c54f87d3b3eaaf62038bb784eb0adf9b69ab101,805.000000,10
6,a620f26255b83be30f9a6ddf7295bfc06c170afbabc060ccca993721e81f8eba,708.000000,10
6,4cc7adf679d532f7b6ee7770c4cffecbfcabb695ae18e60b097c57dc9c52a1f8,713.500000,10
6,4a594dc06ec3396283f973e79e4b0f803613569ea4438d6bee32c5414f707a6e,649.500000,10
6,98fef90f7e12db0a45e9331939e3b6607c8175468e07a7f316a0d08a47bbef82,881.100000,10
6,1850fbf47e8ebed3dd14d7263eb4e2d7bfacd1c336ae2ccd711dde9221714dd5,567.900000,10
6,5d2c2db7b469f0d94e44b6a974b945e0760a79e1931d2f9757db1b0db5397407,548.400000,10
6,4f53ff70b1c7fdaf404acb08eed07c3a7b8cd87b8773824b19bd7d2287f5b3e9,630.400000,10
6,312ab43a04e45cbbd3e4e5400d47a0413f84e4df1cf507d5d2666ce13119b305,542.400000,10
6,fe3de11233554a9065bb714b814307ade223ed2f426c5a3b10be431947b129e3,769.800000,10
6,3e2d4bd7c968ba4950288406b5b2d578731a06a823e609f48812ec181eaafc57,619.700000,10
6,b541272efab05b8ebd9f4ab0c217678e41746b78390091bbc4355db0323e6631,635.300000,10
6,d49d6eda8d2845f8ed517469a12bc1f08620b9c0573e854ddcd45ef6cc0ca263,363.200000,10
6,8914e88cbfd6743d95c75735ffc87ccbd9f0c94138cd2d0f94353080cb23289a,340.300000,10
6,8f811767de6c906bbf97f86c68e6ae0e4901fd705fd97466bc3efc3498c381cb,552.200000,10
6,94c890f98a6efca1e52ccd0025383cf813ea0979670b4f40d333a841097a0b3e,563.400000,10
6,f9c3738efb5eb53f8978d51bdf4773f10f5f1c3950f6bedb9c2f2dc9311522c4,750.400000,10
6,f6eab2ad82a7e6542add40c3e042a106d4ff45cd6600ed3cf1417793f10711d7,621.900000,10
6,dbb0facb6989a6fb1a4533b26b0a94e955ece76a87eb02865fb2af16428a3e61,360.700000,10
6,0b0dbdc533a910d4afb8c993b55a097d8cc3f50b5368e6d3aa1e0beaee41237b,323.700000,10
6,a9fa215562d05cd4f0b70916fdbbb53e106b2003bcbd9f88b2574ca2797b3e75,681.000000,10
6,c98118a51274eb249e71e93e3d3b6bb3fec860c30f25c43eca38273caf92fef2,528.000000,10
6,280a0c77d0378b25cb175503de7df4fee4bf615a3a6d943cc063ba8cb47dee64,411.000000,10
6,5a544d77421ea98f724416316d36d9d3eaeef93087d32508536fb1c6784da612,258.000000,10
6,d0c232e2d4e69b66ba1c1a6d9b7a09739c4cece05a44d1fb3d08fc15189c6cb9,631.700000,10
6,aab8e349cd46a489ef86b2199886db2c6428a0f4f12d2cb990eba3e362f5d254,584.700000,10
6,25796d75712d011b372be3c07370eeddee44dd508df156666f026204ab6c8135,756.300000,10
6,20e7678fac17db6cd820cc2228a8330ceb8bc1831f578ce73d332fb5b5b4b2c0,566.300000,10
6,203e2217ed395bbe8a82cde6e33c243a39ad19d5f66d305e83fd34893f19a7b0,430.300000,10
6,0a2b4f45109ed118ce9eb0755d0f9edaf0161c9a851a677ea9f6db9f60ba9ff2,269.400000,10
6,d9e1dfb17892508342acb82e5d2c9ee39557509f86ea8e580a831d493f076cf3,285.500000,10
6,e34b98f0b7547f7f311f9b8df265ff826fb169f868b1d8f34f866f8bdeb5e46e,583.700000,10
6,26ef5f9718a0da9d1a28792dc45e5c6235c5fc8e2d3816152c7a5ba673ee22c3,399.300000,10
6,383be67442bf28ca50cd76a6cd71a57665fa2f68b0954e9a1a2cef424050c0bb,442.000000,10
6,e41655670d3ad8f1286710d91752d2103a8ed480331c345769364d7dcf43a887,483.500000,10
6,53ad7477374138bd716fb0668a929c53b7eb97a9a7c2226e4bc76900341a8a4a,572.500000,10
6,908a600db83b9aae73cdae55fbc2995ca3c64e30ea422f19cd32d07ba6dfcbf2,755.200000,10
6,a7a2124dc480f2eb207900ab2df0fe67f795e9ecb0aa3e35aa362675dccb731f,338.200000,10
6,b5cb40f04d20e9515c53367a723c22ca039d091b411af84a8ce159fb1eae7b4f,287.300000,10
6,b29f4386f3045edff6ad7ca186a5509cd77aebf359b2d57f0a5c51638645f93b,809.900000,10
6,409bd229f738f678c043b6a8b55192a6b6da1af9d3874e148a03d4bc3ce460d1,579.600000,10
6,5e8902c240206fa4c238ef5a6e78e6033bb25485a99fbccf7c048390c385b108,503.500000,10
6,3ef3784174247bbe33b33bc5dd3455bb05484eafc00f2935a675286621fb164b,256.500000,10
6,da0af913e16d9cf300bf45984c12c237edd4ddb6fb82489ff853cefc55028513,738.200000,10
6,eb640e092b7cff8480907b9a189f0752abefa683f9581b806f8e991466556ed7,420.200000,10
6,dd2a45f9dbc879f849dc51d88426a5b04f4b2840c9ff126a3e289ebd18a58dfc,680.500000,10
6,cb454a28230edcc9e3677fd484ba79c5e9382556e4ccb0e1a5242cad3712b9b6,642.500000,10
6,1b10ee608f8654f7fae34ed10304bd92c5e86bb09c6605791b39cd94b5c7cf61,597.500000,10
6,08548397e2d415c60c1bc83c6bc1c4881b3433641593482c9417411ffc2f3444,734.300000,10
6,c8044ef768bf1d217c8d672c5a675f676410f0b8f45855f04cb29e63672097e7,608.300000,10
6,5433fa57392c8401d49f39b740ab7917d324bbd5503d5c6a8e9696c1a4bcd9c2,537.800000,10
6,16fd76efc6928f8e1e58c182a57e9c9ab40ecb225356adeadf59e6a137f52fb2,817.700000,10
6,b4779f6c24b33a5988c61eacf5bc09ab9964bdfede989e6c1029e0cf40e2b9e0,742.400000,10
6,4d12d19254c84516c978d2c9fac498c15602fbdaf369244defe19cd60db0f3e3,434.400000,10
6,ebaa87a893a79bdd8a22d67a36cca151ce5984446a953ec6e47ad5045899c902,611.300000,10
6,15f089b76395f47f05b0b686c6890239f52941026f64b6e8ceda0972b2e3f17a,506.000000,10
6,5d6b5ac3b8c9566f765fa81676545ce5cc8519139ad2cffcd43137c116364269,730.000000,10
6,ed9b7506925016f2ae018d0167a18f72230be56f73b2e2e7a764528853bfb438,460.000000,10
6,1cbca86d444ee92ad7d4e5b9031f3f1c6ca90491eb4004eaeeac99b348c42637,606.300000,10
6,cda98eb2102d9cc5b1052a4fcb98bceda9ce5d99876898d0c98d2c23a00b77d0,476.300000,10
6,4c8d1d4382fa35c8cbddc1a9165e254768bc46b909465e7f9285151174c682f7,697.000000,10
6,21fb2d3669991613a9038d00f97dd873c0365ea5b7a7d6e150371894b7c73bd3,693.700000,10
6,215ad404f3f0045e09dd9dd9f8ec30df537ed2bc25087116f949e49f690c874d,637.100000,10
6,2b9b06a118a6f089751b0fbebb9a8a4e60bd5b8b2bb42663493c76e45b20d012,321.100000,10
6,742416f0465d3032528bbf2c9c153c6524fbb9dfbcfb26cde5b0bb89764e3bf6,788.400000,10
6,d8da112de09193c4c6d35af8c00ed25178adb18b616636c767083c3bfede2842,716.900000,10
6,b4836e1087ecf6e5e0fca8037e753cd07799e87e3ae9a1afaf64a82ee8936317,624.400000,10
6,b9fac1a834adf4396a3b5270d87ac4d016343fa6c1b76af83574d80cbf37bd74,464.700000,10
6,22d44e86ceebc9babd17ba1b35673960996e5d0297aeca98310650a3a29b1846,504.200000,10
6,eba7c8e09c022dcc7903d0f01529bb31f76aa17dc94fc163e04aab2b26de78a4,828.200000,10
6,195545e28a5adbab56ad25ae13b3b9883d2002fef5926c1414c48a3af27157d4,418.200000,10
6,56f988ee654a51b6d86c0ba25393574fdacb9597c950eb0bb768f3ba145807b3,434.700000,10
6,ee9efac4c538a792322f9f570a3d525554ecf7306aa5244910a54fe82b1b93e8,265.700000,10
6,aff955fe3b692d700d204abd2b458110ebe078337e9fc64752194d7385739ddc,511.300000,10
6,d92dbcd9887a4e26cf3a7e342fbf66b98a3c555a8b6c0869111cee435472e0df,586.000000,10
6,04f485d0b3b8410189779b9b4b680a2427492acc5a7a36a21ed852a564cffa34,809.700000,10
6,f4dfe0bc325ab4730ca4dfe5f508eefc94aa5d38f5bedfcba55cf0ac69684f88,664.700000,10
6,410044ead9c2c5da02361f82766a4d841943b1519377dbf712787d080e259047,682.400000,10
6,53666960f1fe6bc09b6984ed365e250c81341289e974fb67ec8283f4ad14e0b3,430.400000,10
6,f7e44de205b5e06ee047f4e17d26d1ce8a0bc1452a7f2904716cf0d0ec2ee593,391.900000,10
6,5d7a6985bdcfc96315725859029619521dfee71bd1ee87cdb3e2d7df177b2881,423.800000,10
6,108c29969b82c63b1bdb3c214027194ca7aec8f746e1fc46f8a1e2760e3de869,702.200000,10
6,93efaaa10351f154f8a0c0347093cccf2e8966bf977d2f56bf0df26e3e672647,639.200000,10
6,f013236da3b582b31c743781667ee17659253102d0c79cffe728288428b48df2,494.200000,10
6,7c475f183250afeb4b55b96723b69cd559afb32abfa5eefa911572fce586ea59,709.200000,10
6,25b487057477bb0ff96407ebe5799343d61a96bb0e537705e515ef1b856aded4,851.700000,10
6,6f355de4200623c2d75af503846d567a4562ac4105217ae3567feb482b5aa5f9,835.400000,10
6,496cca93944746b4609122d625424a3f0ab3b7a8817f3d948e148e0a7338092b,794.400000,10
6,378cf1d58004d45ff916d34de89a4fe9a984514f8737be222f7a6465275736c8,531.900000,10
6,df65d5f9f8fb8c17399567fd95ab3b89cd9ac4d5908b483ff5ec770257987207,842.000000,10
6,deb105367ac00c94cdb970e29b9c7d8b413cd155621708fe8d59148db9daeff8,473.000000,10
6,e46dfa6f4691a8acfa336dadb1eeaeeff92b82ea359653fc3b8ac9e06eabaf1d,813.600000,10
6,129d52eb5c650f5148ced272994a6698159d994414504c54106fe6a4c1f8466a,448.500000,10
6,5d4b3ab553c792ae9f37fa9c99d19122561faa78d19b458df5be1eeae51c688d,756.600000,10
6,9ec83d8f6293c1b4a8c6bb86e7bdd37fb57b0004f74c99a256f5941e78ea9b82,734.200000,10
6,66c9bc5a4630220590145a079c14a3c767b9ff2bb7cbec2ac89b9e65cbaaf677,420.200000,10
6,e694ea72da413f51c120c1f2be18e0af3afc505cd60dc933ade328109e3ba10f,558.100000,10
6,79a62b6099e0f375329d592ecf1b9208dfbbc2bff89f3c6d40e2ee5163aa099f,754.900000,10
6,a6a0fad7d174fd6899c3d986af632916688df5e06e954d125db143360fe473fc,675.900000,10
6,2db31a40c4c213a5882449fe736cbd2af15087716b7bcfdc482e42abd9531b54,449.900000,10
6,5ef96b16d7704a0f0d80b49a285f59531a5dfc95b785b06b800eff9cdf1aea54,718.300000,10
6,830930a8a6dcd71ffb1b89cf7437f4bfa037ac0f634c98ede0bd06b7841af60d,851.400000,10
6,9af5253e89c6974a2fc6bbff726d76d47001d1f6bdcd29d0aa350d0e3289790a,627.000000,10
6,eea3104249d6e1313ae44b79ef05603c3c426233e97007847e8d01c98df085fa,793.000000,10
6,0d9fef56843cea3f86ccc672b0a1c6b6018ba89cd0d88461aff7506552809088,500.000000,10
6,3ae7b8a65f80739db6a3f3cc21d74d8705cc3d293c2e9170cb5fbc0132c4b0f3,667.400000,10
6,41e692235049dbadff37fd8421adcbf6cdd57bfc6a4ad7ac2da906d729abb7b4,513.600000,10
6,61158af4eb787587d613f1f44f1d27d406ab5dc05619f4a489edc410728aaa12,582.300000,10
6,7c47ea943e0f7933a95af5c5a1bf911e007bd6b7e7efa891b4ea90b914a86d97,416.400000,10
6,fbfc89da56f83bb6acbbf05f74cefb9456cb8de9221fea390ff0c51d4590139b,483.100000,10
6,cd0d7ad2897dd3077e4b823bf5f875a59f00c12da3bef00808268a705f62cbe1,724.200000,10
6,3865f2bf7281e6ddb64515276fb31efb0cb2aafc58fbc03db4dfa80a8dfca75d,411.200000,10
6,0f4d8f5f5a39eaed1af8c00ee28b85c97158d11a6bd7e50a0c8b62dd08b001e6,787.200000,10
6,bcd93009b7c32851ecfef4bf67fc1b00134a9e3241efa751210af55d03c44c6f,777.300000,10
6,9c9637a093e0d8c0870b2b17c27bcdf5a28ad89bf9942baebceec5994fee2a3d,674.200000,10
6,551e6de804d2c6f525ffd5fb3e1d31cfe298c850692448c9c9dec20ba872fe0f,742.700000,10
6,15c9b706846dca63801a8c2e0aedf3325ca8b4477b943012749c6098e17d4996,559.900000,10
6,f1221089b58cb4ab19a2208daabdd4fc849f590ffa45c398446da6cb1d015b96,457.400000,10
6,263f1f6804b0d67505b241fc2f19d2325a2215d5300a5b6eb3d073c813bc2232,345.500000,10
6,947dd61f37eac9eb7bb11708198f7c203c1db30783f54f3b93c25d5f508d160b,741.800000,10
6,fa5d5ddc11782748024b8e8ea4a751f9c9be8808095ffb8338d30716a67c5b4b,797.200000,10
6,6569f584f41cccf5e2aabb5c993443eaa4a3da0a629a206afbc60ea24ce9e91f,574.400000,10
6,94aa2bc98cb23d65bc2127435e3d7188b767339dea804fe50d77fe88ad973ec1,345.300000,10
6,ebe0bb7d07790fa0e78c413c58a29d52a3c02f6e08eefcb6a90ab5eada93e403,684.700000,10
6,135991522e93c74f928a9943b426bdcfd0369844d5ac1a70042269a13924c8fb,629.700000,10
6,6977a30aba1ee7aa1fae9946b3f74c219f8449d5b60a2a75dc007027c2069053,330.400000,10
6,69a815ea21ebe783aca6cfe9cb9cd49135e8bf0b027abc01c6e87406831f39a2,634.100000,10
6,cfd7f24e1067c9dfca727e897228157f32fc2aef87911596987c08893bf5ac8a,706.900000,10
6,662691bcd3cb10cbc652e10b9a88f4ff06d99586ae4f4f6937c33428ac293484,733.900000,10
6,841b32e928d40f253e54dcf4f3169c4adfd09baec3f31fd823d549fc720a58ef,684.500000,10
6,a0ceab85db3c1df5f29df8c0b599c8e10fff8303494d7b420275fa8183ae3ae1,514.600000,10
6,4b50146ca746c6ef9670b4f67546824b715baf191696e21126945325b5c527cb,312.600000,10
6,525f5042e9e9e903319e0c5e4c3c9dd0b375120651500d55a978f26c9b2231b3,521.200000,10
6,e8b5629b1b6a817f766523aa846416d517ee86f371b6c35559af879fc3969349,389.800000,10
6,b36dad6e09445a5a3c51544c76b0ea447b864d31dc00d5dcfd120fc7e76b9968,563.300000,10
6,650ebdd1488493ac8cd412321720803da7df82b3d2ad71d572a7b75ebf408275,761.700000,10
6,44853ad95527e80b57fdd4d71e2a71a9f1893ef50592b6d32a43c30ec6c56ae5,524.700000,10
6,c98aaabea385e426ccf88c26933b3c65ee26a1fba885d1b70c64f063a2e64823,493.800000,10
6,52ea08bd2c60f37d35ca1f30122b43586c99f4503fb4ea755233be7ca224958f,437.400000,10
6,b845b9da7fba405b4c25b0fec8c5f78ab7a90cdc038fe86816fb4c6d1cfa7d47,391.500000,10
6,e7f866680822acf4895e3a77d5007705f69347979ab03ea3125aa2f5fead0aab,466.700000,10
6,1a3c6e0da1db44cc8497052f7d3953c8b1a68f0a66bdb16e89cc85c7733580ec,619.100000,10
6,402628291402a8bad42f771c1408878f8847ae6351ebdb10e45dccfa728ae2f6,353.100000,10
6,c0db9e0d3f55956672ba252eb3ba15a0ade9557eab38c359706d5bdbcdd4fc7e,772.800000,10
6,792699e8ed3d5352d1f964507e0cca168344876b85ad5bad517fd4eb85a0af6e,698.200000,10
6,9c3d07e65e96a63bc050b78acc2d1fbddb5ee6c095bbcda6c6aa63cedcd22477,613.300000,10
6,2e73a77843d8fb7376b8b5f1b930a007dcacc96f5b0c96be23d55b4a6bcd0734,585.300000,10
6,4835e6be47c5f9d112abc31c85d62a221e61a997cd51ef8c155bdc6288a3a8d2,868.000000,10
6,faa72e0d2802ebc0047d7c1720dffc40bef0ec93228776dcd65bd0a935e1c592,688.100000,10
6,1f5827cdbff2881984ed741892fa44d635b4b5b29e9059d4ecef0f8f10ae9b04,558.100000,10
6,47ad5a7adaec4aefb795da7e4e718c25d4fdede5f07edd953c36d3fd784de37f,759.500000,10
6,c200c9cb0c990050661c121898517819e4fa3e44ad8a0168d65311d0399ad59b,513.500000,10
6,5c8bc0ba08bda2f83b182a71e1b9fe62d9206d1a431b369a895ab5f2480a881a,385.500000,10
6,82fcecda5c85f81f5b3564cd25e210a8015562753617e16d63f4932e92b88b86,765.200000,10
6,db39b6775e494c5e0b17b5e76bc0a19f5613aebf73d66cc0d7d032cab379f7bd,513.000000,10
6,06241caf8f4ea164ba72f51699ecc1b4d189f2e1ea63cd2ea96cfdd24efb8f37,480.000000,10
6,885db24abca9eedf49358597d6e72b2352f176d5d74d449a3ce93b15ece69c49,625.700000,10
6,2bd4197a018e371366c297b8c28e7368fb2d67d5d4974ec3bebde7b0bd562c9f,776.800000,10
6,0dd4f88defec82b14da2f8f326273062253d8bdaf9d6efadf3eafea2d0108311,675.400000,10
6,5e16d0092f76b36685300cd5a469dcf142d34e68d5dba6cfb8e3017336decde6,598.400000,10
6,8bd3b8904bbe9e33430e36958b938aed61f0078d282c3dc22646241338e417fa,534.200000,10
6,d766cac464a141fa5461fbc0e1bddef239bb58e4ac0deee661193a049a0fc5e2,673.200000,10
6,ac7b7341ced4d0f0f01f88a9cc85754c3a5ca962fe49824d48a2ac996add03bc,632.200000,10
6,50ea0bed08e745e80177e80e37b393902150de0d838ad3711ce7b67cdf6a79c0,466.300000,10
6,03ba53ac98c81746fc2641d47e1fdf8bb74db45942e642053307ee88efc1f86a,493.200000,10
6,ec33b66a224b90961b599d0472e1d915d7061b0db019e592d30a79ce6ea89fb4,733.600000,10
6,9cfb5cfdf3a79655a50c78ab2d301f7e2a2dd55fc55317f332227b3983741fe1,762.500000,10
6,eb604a2beebfecff6ecc602e7c1a7b312b710605043bee2d6e9e7c1effc0ac7a,628.500000,10
6,544e193ada7fdf361bb0746369ec31716a55ad134f11b37c7d09572cffbe77c8,736.700000,10
6,2aff55559aaab7f3e29061ffcec99768d8004187bdd3488b8d2e6f6ed9eb9d40,418.700000,10
6,40b6efb749d33793207156621fff0851c25a3e8484e3d316970ffae49789512f,415.200000,10
6,4a77051007827cac24cf0a8b15b240b79c134b978aa6fed27689cd370cdf6bc1,553.600000,10
6,2595b52ed283c80a06241f4edc762029c5a0d996ca28f6d6be6e0557951b7467,868.200000,10
6,28243d3ff5e68d2949404c9e4060209793d3c9d46e62fbe57d0295c7f1db01c3,577.100000,10
6,e33d5c5c9cbba6f911b0cc752d6efa6e78dbb17ea771536d2739b185039a51fc,1106.400000,10
6,561185adb471fd544a1f38ec9ef7b23142841509424dd368f3146ae28ad35e39,835.600000,10
6,c1c905d95f5419313605b6e8b1dc7bd2b1b8f0ed193aa536e06682890eea9efb,666.000000,10
6,c7b580a6adb53aea99ddafd310526befa6350d07a22d16e9bc0d9b57080866c2,675.000000,10
6,9db10e9b1e12afea5877a325bfb15b9715cc781f89c4174d6a319550f41754a1,481.000000,10
6,250283a43dbc4157ab5be89b29f6117563cc1da4867e0f855985b30a30e70f14,790.200000,10
6,910f6739b2d5205264f396a5116e6518804e8d876c66032bc37c10ffd0fc762d,703.800000,10
6,ee299a7856d2238174d7b30823a1b766951907c85b96afa329111f83b5a67ad7,412.800000,10
6,fe0b5eae38db8c0c88824bbdbf142f0d16d9f0ed3c1279babf5e850694a1bcbd,486.400000,10
6,47e6c63920940034274dd9d3cb37f0bcd507da858cba6619f7a3f1ea7fc39400,437.400000,10
6,638554c746d3c9a8f74d0d2cdc6e7456959ea4448cb75e84db816cc5e1f78fb7,662.300000,10
6,4861aba039e6dde4414b8faf8a73c31278ccf7c2492cf1eded57bfc2a4510074,439.300000,10
6,a937fee4b8056db184320e543498e20d8e03a56e5e44158af320c913c325d402,339.400000,10
6,e108e752c684fda92123b5c399ed663979d09f5bd0a3947642bccbb33dba8957,234.300000,10
6,8b1bfc30048814724a68c4a2836428bfe5c87602b19761210be21bb5b9acacd6,306.000000,10
6,ccf3e7456250da4c0a03f745efd8a76fe6febba22aae7e17b3fd05e0d8ed41ea,664.200000,10
6,02c436822cbb4676754c06491720669409dee862716bc28bef2be03ba333f6f2,558.200000,10
6,62f909139f07490118eaf14451cef751bb93c4280745ab357d67775889802173,308.200000,10
6,3855cc260cc4ad04a60e3d7c3b10e5a3f3669c690a39dce71d598c086b7d87f7,463.700000,10
6,7c3a4109338da8e9e498e3cf00302b7184951082a224dff4d74404bc48c24a2e,812.200000,10
6,5ef190de49cb955fddd4a99ac9cb12dc4468aed1e1d5a53bc21d1fcb64341712,769.300000,10
6,36a8935acaa4262ef754ff208be4f8a3dbd94cd4252866d1312a4d40fb0ef80c,613.300000,10
6,52318db6008af5c4dd47ae18bb8b4b768f85ede0d5e5ddb35cb83c7e19e3f5c1,517.000000,10
6,a4b9b537c1fb545f3f7b32d4d300ccae6041cf5f7e83ddb3a44673a578e0449a,329.700000,10
6,b2a502d2227cb52a929166a7d0c79d8e9cfec6f5d23b8e544f0a9b90c484f191,337.700000,10
6,dbe8abc69821d1e4380b5004f146c8a10ddb0badaab45abc004767a52ef6bfbc,884.000000,10
6,9af1dfce0c0d1c684dddef72c047601f45190b7f6fa5f2395e40411021094539,560.300000,10
6,172571604ec2feaae3e618d3327bc11b036b47d23f8ae8723e0b2fdfcb43c117,640.300000,10
6,f75c27149697c2b2a89cea17b00bd111fe297eb06b31df72fb9feffaab0c1e4f,799.600000,10
6,a1d1f4ae68474a77f274a9bc5505d1e415a037ba17bc9a79178a891f42bb2bb9,613.600000,10
6,95ad74d459cbb54256ff069228cfccd25a64ec17e3ecd0955445d97f06f0b778,453.300000,10
6,c8a602cc6a7b550f574acdc2e3d8cec58ff373f1632f3912d486e125ff6b3528,800.100000,10
6,e5487a9db690be5977ef89b275da29f6ae1fc9097b07a15273f5e7b71259ac46,582.100000,10
6,b9897fb85d994a092862220083814d6c557edd6d5cd49e940fe700f9c51a6569,431.100000,10
6,efbf928a2a81a0c68cde345685a57ca8a6528503091b10e8f1c6dfbdbcb51313,318.100000,10
6,041ed14e9efbf4e98f07d511437bac50b24f5ec377e468861ed400788f2395a3,635.700000,10
6,c10cfea00bec23942e6f99a6b42fb59ed13bb5c6943d6b47f7351770b9b62d98,388.700000,10
6,7d66bd205e2f609dfd23d33e5e094b4e9aa28a27017a73d2f557aae8865fc869,582.400000,10
6,3acd71826a341c37b53009f5d243ca5b723c81fa4e0ff3f7f4fee812a6aa10ba,455.400000,10
6,fe6868edeea3e5ccbccb905cf19b2bddbdf73df9f965dfb21404a2f8e4e96679,515.900000,10
6,1719f6be3f3e439a02f595ad06169ee6ae5ee88e9ed405cd8b1d099f48845dac,298.700000,10
6,827cb27ebaf76117af4672b5bff3cb1449679a4512872b50b4684e5d97dc2953,338.300000,10
6,21cc410bf8811dcb15556f9b7762eb4656a68aca7b03ec395363391c68d2d08b,605.600000,10
6,35d066256a2e2ecf269fc4ef0dab13a01ee79e7d289c692acb3df9f2c234b394,806.400000,10
6,394a3ee55e21057e2ad8eea3826e28da9824a8d3169e29e4a8b6ef893cf3c444,888.700000,10
6,f188b03c2215f26ffae48da4aec004c3f3d2ca943a750daacafa07cec3587a29,661.700000,10
6,47b1ad1722c156c7c1c6b549753f3898ac34cf037163f6e29a9ae7d34cbf20fa,601.500000,10
6,0dd739a2a422636298261e907c9e5f7da73cbfc18864fbd09277c436969291ff,543.500000,10
6,0f0278803cfea605a796182753d5a9b275c447f33b30af08812bd4a9f821fa53,744.900000,10
6,428ca79ad394c60651d12b64e8494794c99ad7a626f5a5493ed6917a3a8db260,301.000000,10
6,90c455abed3f2a6130135c8c71a1fc0e31edc11d8147a588d703c5e02eeb016d,560.500000,10
6,582ecf41e173f383cd8c11cf1e35ddb02aaf507649bf35a99261adc86da63610,733.000000,10
6,36335716501fc1a020e972d9f8843f8f57149e3a7e837d27f46f09dd747119c1,531.000000,10
6,f04d4e686656e7d08bb4d00c7d3ea60cf47413a866daaa5881891d5f34612893,686.900000,10
6,3aab47a19783571a7fe681366321d698b2fec4f7457cb605bbc0a74d204999d9,696.500000,10
6,a243fc7049d723570b850e3489ac49b0221c68c44178545a19c8219830da4c5c,267.800000,10
6,0a351280c38ffcf1ebbe4d9adeca1d7514a6264b1043f01005885689f4a2f1ad,462.500000,10
6,ddb3c38c46d464924ed7dd892a7e07fca0dd37da8ad9cbb4fb04630138ec4af6,691.400000,10
6,3280fbc914aca1e44a5668212ed3da9c12ca0a219bf84f7696255506c25c7601,619.400000,10
6,a8ccd93a51da4f84a8ff5f6258729a1f46305b4220fc27d74ba05c3aeb270cac,375.400000,10
6,37840fd2c3201d41146ca23db295bee714e6d983697142704b8fc392b951a296,760.400000,10
6,265859513314c5dc7bea36c084bade931ca98954f25c11147ee9d1bd4669342c,681.400000,10
6,a93a717b50e0021c5b5a4ec2308dd4d08afa4b90d7a7e43153b98c9cf07da0eb,489.400000,10
6,446cecfd3806269ec0b2055d3b1f1b45e3c0c05e162d8b6d8c76168af2ee4d43,750.600000,10
6,58d23b3ca109b20ec07ff090e035ac750087aa1f9ccf719f0b9c3c97d17c056a,683.600000,10
6,a4a9429d0e35969f6631a6383c54afbc5a4da5ca8e4cc913b780d1f1234fbc41,468.600000,10
6,df9d6301c053b68d45b235baf168256e1e4fa0bdfef1b15020aa5e5be190fda2,770.400000,10
6,82019299f2f1f4a54b444e24b0251a412ddb520c8bcdbaafd83dd2dd519a7981,490.000000,10
6,8fc96f9b502506200ad27db24e256577644810cdf32787b695c6b4b4609c9b3e,357.000000,10
6,a8c8f4d39ed4337051aff30042c4bc36c7f87649cedbae5c004448849c4930a1,385.000000,10
6,e0cb31c9e5ab6034eac1be9025c69f6ba413d46f9b27982fb5b39d8ad772ff22,551.100000,10
6,fecceb14ad07a453e5c622858a1827743b71b8e11a4795d31e5b75e6a431ddbf,414.100000,10
6,d086ec44ea9f627857c7c5de629599ae90426ada15a96d6d158cc1138a2edfb1,830.300000,10
6,3d07619d115ff35738e2cb5b4988779c5cc9fe7fc31449b03a5cc8beb6e84119,713.300000,10
6,fd9faba04ee639c23219829dab86b7250c68bf30b0b877c3e9d7f61641e65f03,401.500000,10
6,4ecf0ed480dd43647b987d2279a15ec378ad9862cb42496668df8c4c199816c6,361.500000,10
6,1a0d653149cb66ed8bf06e3722e12eec25ac322634fd22ef1bdaebb4d0f3563e,398.900000,10
6,799195c1290e33da49f02d4d0e7b7c4aa8643b1c6cf10a2f6b66a75db0b7d399,638.500000,10
6,54d128331ddd2a13f5df6c58abd6d1aa2f055fb85c4dbf65e66a0160786b7a71,599.500000,10
6,3e235451f8dd70c76d2d622c2b8f7083b22cc8115f832c9f8f4d30c9a2034ab7,853.000000,10
6,e18fafec917e14b4874324808b6f2d26656aec06a9fa0e33585ab362b14767e1,604.000000,10
6,d1407e2e0281e7d6b18d684844951cba92a59d220562b9a96a0d0d357bc1a8d1,451.000000,10
6,e0fca18a79a511cb2df37d4642f2a148d674c61637ac643a42ea2c6f1547fe17,410.400000,10
6,fc877b82445c1ada751bf670d95836303467d8e4fc4adea055f9808ab6acf624,671.400000,10
6,96fe67f4706652771619a96e543e07a4f9cff7a91f2f4e93598c85368bd0d5b0,527.100000,10
6,9110a4598add5e9dcf709271691572c62db4521613548a07abb25fd256ed0054,605.500000,10
6,a076838cfff67580cddbfe0b07f61e1db32f4291295effc2b04c0fb9778e7dd0,708.500000,10
6,3f12adb04acc2f9a1218eb3b5adf19e61d7b4da391da410568d8a56b92d0b99b,351.600000,10
6,1f43330d8ad8f09cef7e9eee047046e3a43137315734683bd2789b25ef618558,695.000000,10
6,6f1dce3fc2f707fce3698e7561de18ef0abd15da0ae4b29f8478440d6f0cae99,391.000000,10
6,662a2ccf493c50a5351d3e32f7d21c4282e78337099c9d4f3b08301e50ce57eb,513.400000,10
6,8cb7f6ac951ebf93485b84e8fc7ad49008c3ddba5016a9ee505d3140e4769152,620.700000,10
6,e5411e146d34b1decbb152a4e543680ef124ac5c845d2351bb824df933be83f7,762.200000,10
6,491f6fd98e760674f53a49bfbd58f5c63ff0b286d4a3f53de808651eddbee254,529.200000,10
6,00fc6b77737ce2526138142188cf2635697e93faf44a9de221e5c2f2583b93dc,362.200000,10
6,f612c69907a3a68e46987788f89169043574e385d8ce97b05039de904edc696f,640.100000,10
6,1e27922fc72f1c44c26adecfad29346d6c2ab133f6f21a65e153239b330231e5,686.100000,10
6,de38ffa3c815877df1951f980a3747e2013b291d79fed556fc53a9a1e5d03568,815.400000,10
6,51fef28684091421480f8fd9b92eeecd9077bbad17feea860c3588dc2860229b,648.600000,10
6,3ce420b007fd4ae4f77c49a4fc8e00fa5c29e2b42d81acd3e6adaf1828f14265,492.600000,10
6,41adaed8f8cc1e25f98127be07a7ad44d040dee672128bc342bdbbce8268f2ce,831.700000,10
6,f7f50ddcaf30b63618953a99678105d65ca125baa34d4f0a4112fcf07c93513e,507.100000,10
6,d33b819a1f2c4bb75aeff45baa01e50b8475376d181a51764c2f79a09f4766d3,697.800000,10
6,f09075787b20d59e3470a42a8223360e2192a16e7abfbe8e2d5e9609a2813e8f,476.600000,10
6,e1360f036eff14ca760b0b228c57027d34241ccd16a6dfb5480a25aa63057110,504.800000,10
6,e12ceff081277e1385e3ca86ec5f1a0b92099108a6ca9c75b6d9861f1215624c,726.000000,10
6,9480cba67f464c925c7c96fe8cfaf1eac61c26b1f3ef86c395b9b939298ca822,519.100000,10
6,fe1c8037be4f150b1e623d0400961d6f0d24c63ebe5231140f199d2ca2a6e287,388.200000,10
6,cd97ece3cd2fcadcc1c1244ea5fb3dce5c613cf8dcf69d0788328456dce3fb39,445.200000,10
6,9db7cac9aef8273e19fcd1fb33e27a13a9afbe1aac071c70da30e77453200bff,716.600000,10
6,8a055747b5ef9f9759b22f709644995941feef34740a605516d8d1873a9e586c,507.600000,10
6,bbdef93eed32fa3f050e8f5d46cde124328c1a707abd2afc362966814c7654bb,299.700000,10
6,cceafc3e84cff24993a8c5e34b282893a37c3253b91270b7ff5e6240f9310c3e,295.000000,10
6,d1f24d1f0ea6c0928fb97150932f8786e903a5405d88923d92dda9f5465d4199,685.900000,10
6,7ae4c4b94086f6736c13accf847c4a67f07dee803e45887a4c79ca1462fd18fa,320.900000,10
6,2b15a74e1c596bbe728d16775f8dac616e4ec5e2611e8f6062bf38feb5cef10e,487.800000,10
6,5a166f033e696cf4aef1e82ec237704bc96fb026c07b4dbf654740d01f4d3c99,455.100000,10
6,56ec592a9beb2963863c29e4761303e3f01cabef39eceb019b0525e34256f8bb,800.000000,10
6,b1fb56137c546d8fb0925dda6cd1ab4f5f5e7cd19cb07faaf23b80f6dc7bcce2,350.000000,10
6,d8f5a137e848afac9f60fd8348926362494df0cac277c71810b1729b670e21fd,377.100000,10
6,94b75d69fa5808d4d50653162d68eb463fa3c462e65656760e5020b540a3c832,730.700000,10
6,122908eab84847601cefe6dab77731b02fdbfbdf9c0d89fc8b4f94b7b9d73719,705.700000,10
6,5965dbd2494a776a92851c42199aae3ed43162e67cd3068865bc77309b3e94e0,562.800000,10
6,451c090986520949c2dea3126c2f22f022bbcc2f83cc03ac6f72643085bfae31,381.800000,10
6,1f2bc1e3dd4f915fa14a23c0ed720d94ab1b568ecca26507e063896d50888028,737.300000,10
7,1063c1feafd001ddeceefdd826042cd4feec838dbb435fb6c32dab987651822c,453.600000,10
7,80d764616a1118d95ec347132e92354c486f62aea071e963fe82d056f6a17a6c,507.700000,10
7,153e2bec8b9f5ba1277c28c330ff5adfcb5ee313c5678b5ddb29b5ec0ffb037d,612.100000,10
7,3999c55ea9a7d0b98c9b81dd5909ffaf1c6abe39f013a463f62da670f3a0f617,485.100000,10
7,131a6fb38a22d6616038253df223c26a3584d7671861caf0c7811b1654885335,803.200000,10
7,3db3c07d3a1f4022e8d116a39a936e076e0b6786be42d962cc9b89cf1334351f,647.200000,10
7,f0076776c594b73250225378ede106bd0e144a5d0cf07e631c82ec56bf33f945,722.400000,10
7,49dff00bbe2e8ff73360f67548ebe2716be324d221676119603abacd0aea33e2,532.800000,10
7,c411353c8c2a650ce6d3a06ac8bd2649a5b6e184d98ead48b7152e04bd3ff20e,368.800000,10
7,c10ffb61eb9842716195b09ee447a405e3ad39dcf3ea51033ba8c2f3e526a5fc,716.700000,10
7,44b209be473807b51edc73d25bf4a4d27745fd4c0522c0176c52ecbc6e1b893e,459.900000,10
7,8d85714f504d1e4f471f95bc3cd1240c0f71c02ecdae1e8a385622a9e18849bd,757.600000,10
7,fef5f308ae4862f824405233f9f2a24d19854363eb8df340f654957cef1095a7,391.300000,10
7,d341605d420f6781fa8a166fc934e7ac95930dda4ffc787c8ff26d320724f7de,668.000000,10
7,d10ebdd53a0465490b711474c75a18ba3c9c5c4a448b3b5033a4cadd30bac6c9,682.800000,10
7,a0da83f70807775da18dcaefecf25427deae20ec2d6de7a18bde3e0d20230d4b,632.600000,10
7,b57cf2465c2c983bc0c3e0b5ca68715b91600f7578ccb02e4d5e6a2d25a42bff,528.600000,10
7,1ac0abcf60138d2862dda61ee2c4086c69e4974e1860c846642c21e54d9e95e9,407.600000,10
7,81deafc909f4767280daaa8e7c6e2d38cd70f99bb5af3113ccca3bc831812d6d,445.600000,10
7,7e5e6aa74e6b2c75c2210b40ba7e584b02676a07fd792f74f04c81b665c4e0fc,440.800000,10
7,791eb9809ef4f44e17e2f456044a45c8c9efedf040e2d4c8ffaec4a3e63a58e5,429.700000,10
7,6b1f2ca19db98e7a0c09873a8ff281182305a50e595548c12f72dfe0a7e17ffb,569.900000,10
7,0b2151f4eac413acfa1f3c00651e5990ca575dd7cd025d57d52bcbe161c120bf,287.600000,10
7,11ab52c3aecaa0acd4c430dfa704748e5b00ba1a07c51f18bf78a42042fb1b0c,793.800000,10
7,fdf30e8298ecf969beab7fac2efe0d837de02934d30cf78c563639209aeb9e12,680.800000,10
7,13e65d261bd7098d48f4f7453d7003a9d116c8ba55d2342bbc26dde85ad94bd2,713.800000,10
7,70a5636595a51c01bfa366b3b3cafd941291be60d677218da19f6da8b28614be,521.300000,10
7,17dfb3cff7fb3c9d7ade50b5581023bc84d4483e05a0ab75d62e659213b278af,495.900000,10
7,894ad8f10174668d866410a779a06f10d6c92fefca0fb28c420c85938b9a737b,543.500000,10
7,efa993b737a089e44b7751e72d2014470b76fbbb6aa19ba00dacd8ead7f77576,531.700000,10
7,8333c73a6016bb3bf2dc71677e54d8336c2899551f747513f495c4a9b693af73,441.800000,10
7,9bfe46393dc8675ff1eddf6dc2726fa0dc1ffa1f9d8211d643aa5b6c6d22d414,780.300000,10
7,97d660ac5220cad1c5f0394fef97e9d48ef6081a55ef60b48a65b7cfbdadc3f4,630.500000,10
7,6d8eac7e4c55c57d6d482c23ffbfc26c3b752555f0617b2f25c283ab8ee208d5,608.600000,10
7,6ae48ce1a2b4ee8d3a296d7fa99aea16179295eebda368095c34afbfa9dac288,772.600000,10
7,5f84d327aed2dce81ed5056342ea2ec0ad81bcea911b96b6f962298f064e01fd,509.600000,10
7,91da1a85d7630fd625583159c3b7ab7e7f48b9c493ab29f15ca86684634a9c73,461.600000,10
7,3a08dd26cfe2068fc7e5e2716246a5c1c413dbcab34c47a4b7dc034ec779e54f,647.600000,10
7,6f2e03bd49bea249e641c029fe77e1bb12bd3bc2c7dbf26fbe63cd04cec09ec5,377.600000,10
7,b62eed484dba71d376d15c818faed38282eef8955931027318105eedbcb62d29,308.700000,10
7,95317f4f5e006c849e0934bdd33d0acdad151f95f9004ae3d58da6d3770b57c7,381.100000,10
7,f2f65b9277379adced05ae7d9e54445bad542da40501c2eff3e5f06b7dd2388a,768.000000,10
7,f3778dc708742cdf55b2a4b26ec2313e05a0181bc926cc38eee0d06f9da0019e,497.400000,10
7,9ecc4711c80caace4d15d3f6e35adb1b5c6eb73310cee9e9dee3dc778dd4d3af,705.700000,10
7,89cb1d29bb20cc591853285292a75096dadfb79ee5f41f06ad4a69e3046339e3,614.700000,10
7,499938668ec8e0663f88a539d5c19add06d3c41738bf2d6fc935f18a3b8670f0,842.800000,10
7,6371a7900ee6dd5fcba5851d0cd4159b73800ba2f9ea5826535c25611c373e4d,593.800000,10
7,4b96d04ce7bc93d8077d6bb35b190b8eb87a570df04f8906bb25981b24a3a223,549.600000,10
7,b35425a4da72756f410fb784069c4e321df4a227a4da641cd3cea93d75977f41,413.600000,10
7,71c181204954cef0a86d768c52ec00cd5df08412acf86cc684d0aff51a8cee3e,660.400000,10
7,fe03f1cc283065cb7c99011bfcc5b32f33f80d0c4b7422c9855be347318b187c,546.000000,10
7,ddeb4ba0d29f68c695f8ffd49beaa0d408fadfdc6cfbc589d585f3d2889f3694,560.800000,10
7,1afbf62e4e8743caf4657d6248073ae1d7a95e0697fa17cbade4103d76264fc2,431.700000,10
7,539ab7bd26b4cd41df171a04c1160e93f8cc3679cab50b2d5fc2e1a5bf3347ee,617.900000,10
7,24c93b8df71f27818b7c95557e9b9e8440a48c8b89cf13445c0c6e6b04c1c4b5,523.900000,10
7,610455e53bd4a0ee092b10d60bbaf9097464cfe6e0c5a858e5324b3f538d01e6,749.700000,10
7,6489a5ade2e5ebd15819e6948c154210ef277d3a38bca002541b71968c723f2d,544.300000,10
7,1a8b300c464d3fcf0e3ec63db6dad8b2fe4fc625939afaef61f065883fa10d21,714.200000,10
7,8ba1368cdfbca1e39472c9b5cba9b001880f74287302a6cd2afea93bfa6fdd18,597.500000,10
7,79a77d68b1c812c5effbee11cefea313d86b05d2c0a937881fd733cc1397f1fd,556.700000,10
7,7d0ffbdf6344428e84e54b0ed45c787a4f8f08b32ca6b877c6ce4483fa0e7001,639.400000,10
7,475156c4c78706f1b4e80ce6ee8a3e3de60af4d3dfd9c4cd4f9598ecf4916386,545.400000,10
7,1121b2cd6a15b766b59b7f403ccb476ef4a60853a50b0fe43a4d4c78a7eafe50,737.200000,10
7,4df53d66d84bc43000b103340871f2b366d9f5f28a85f647b74c7903bc121409,401.300000,10
7,2216196d55766bf6696135fb2687be9e93704d5bab4099cf6ea4fad25836dd07,703.600000,10
7,a3aaa8fa37ee2402360859ef0e4f1456057c0b71cec3cc2d2443c6f250752c35,549.700000,10
7,afc6dae7c55a2e9c98f734685b04fbdda1a91fa6d3333f1288cc135014348147,381.700000,10
7,4661077c126eea02a1a798eaf65cdf6d37104a7d1cc261bbce8436434cbcb75f,489.400000,10
7,cc8c9743c0121b5701235872b1ef4dff68329da9812d61a992e5ef2232c45cbc,397.200000,10
7,a1621118d80a17d31897b1b42f06cf4b2040730c8d3a4fdc446d44dd860e6566,695.000000,10
7,8730b9b9227fbbfde0e64e46f2e4f6531ac851ab0d4d89f3e07c3e538d7f2352,642.200000,10
7,b1ddda194ce9bc239c2d9a2c61988814d8a2b377fa0c62b55d9267a5d7f7bfb1,574.200000,10
7,1e64a7cda40a6b44aaaa1b4eaabfe0b279f0e5464fadbdd83cca0da8140fe47f,497.200000,10
7,d3cc0dd460d677a82f77b3a23f369f4af0d13c41f3b030d33ad02e5c732404aa,578.300000,10
7,2d08b572b57961bbcac7befe4acde7c678c92a4bf1ab8198599c9ff0536d167b,442.000000,10
7,df63e1506e76f99ab18bf1a71441cac88438be92425eb022a85bb99a94f75ea6,469.100000,10
7,af33adf80ed079012489ffa252abf5120cfbe9a0ad2e7311db9964b123cf1a8b,323.100000,10
7,9bf2ad6fca80769d2e752d0922998825883b68462c65db0a921b58e1a58ecfb8,601.500000,10
7,ccd2e759bf752891d803e0ca272473353b57ff0b5f5c20dd31f4886a91a4705f,447.500000,10
7,52078c830124113e007293e0d54fd5acdef1726889f30e8c8c5a3bf11af771ac,661.400000,10
7,db594fa9990145b20c6ab252c47dfd58ca12e507f1326088a58026ca41a33c65,392.600000,10
7,af0909f970ddde410307a161c3c4df86cc1dfd131a508331418097ed2bf0dc02,365.400000,10
7,23fccaabe6acdeba96c44395c10b4881451c3b1838402c2e4f1cfbcca8723ea8,687.200000,10
7,d6ff81374fa82e18b1e518f8592096830d965a4918ee30743f1b4392df923dc5,408.800000,10
7,968922d1346e0eb535dc84b25eba4284f285ce5352e995f4c6b3a03d4c79cc1a,376.800000,10
7,171e24aea5b2792249b20230dde5589d564d5b8c8598d5aca1a51942c5f960df,778.700000,10
7,27423eb8becc52760c000ed060b4a56d8ba5b48f58a3158033e4f8f92cdab78d,597.700000,10
7,e7526361199e7424e5e503f505e6919de3c7f6dcebe26c94532390b4b6d90032,550.700000,10
7,bec267c9de5466d75f8b634c8849b00b393982b7de0001134196628dbe8ef6be,964.200000,10
7,fdd19916b90b7565e1cd07da12af8b0cca5564771cabcb28d51e29d994751a92,537.200000,10
7,55b8010cf4497b6f56d1fe786e42c3ec67ee75479eacc553c26c3db1e8d5d0ee,520.200000,10
7,12ba540bfece94cf3b9df2edab995ec0aaaa30d119ba3a43ea549a4e8c832f78,586.400000,10
7,a34affc9c047660ac6f98a2d77cd94961620f5cc727645386982deec5fd3f46d,300.600000,10
7,ed974f9fde1a1dd8cedb663f66b6f986ade4e746ad564f1705a023c07bf82225,559.000000,10
7,5563998e24844f0fbe2bd738c551a7a30a9ea099c293de783b09ed6171cb9c45,298.000000,10
7,4b1ac33807dcca5eba2ed033b724bb27db1f089ad25ddd3d734afdd2fbbc55a9,475.300000,10
7,8c40fea4676fb9067bb8e76b89e5ee0bfac4616ae2e05f846aa14217e4cb9a6a,520.400000,10
7,fdd15e476e8f884bc969fffd6a1c6c095fc596b4b807d83a4a044aba3b8c427a,325.400000,10
7,98a8af57b8ece822b3d25e69a10a733dc8a62b25706f254eb60f6b6680f654de,535.300000,10
7,8e975f49890acdcae687601d93f1d5722702efa3803c82c0e0f3a69e336f6167,528.700000,10
7,4d1506b564f5c09772123a2775839c1658edf8ad8d9a86b7a6eb715309699dbf,462.700000,10
7,456bd0dfcc4fef2c4415ef88256a66686be32b487e3c919981b11237b515c9d9,607.800000,10
7,58de508160e26f4ae8b991479453cb04fac400f8deb0891288fc2dee5088618d,363.800000,10
7,f4845ae48eababe4504bbc4e839a9fcfe36da69ae297cd58747cd3feba792e07,656.400000,10
7,90608e8d090138758ee131ce072e41aea21c5b4a15c917c8846414129102d20d,700.400000,10
7,734b4faf63af823a55799da29eb08f28d0b592e1a21a743d740e6d8b75665993,698.500000,10
7,e85880417c5b1b04f71c32370113f4a80601a97f0c9a5ae9783f2b902d30d636,436.500000,10
7,04a5355af435454fe9a0c780264d7aa789d06e693e39d85f5f2a48d288294a09,457.900000,10
7,d4c34a884cfae894b52e4347c88e622218d7610cbf29f677d564642a58c647c4,744.000000,10
7,bebbd5babea5e8bb85f7ea5f9a6495ffbae69cf61b839699a2e60c62aca17b35,676.000000,10
7,b8861633c18624d45c4575150f0dc56ba119bba4b77a0081e9064aea2c2b1bc5,675.500000,10
7,44dd933a3d86ed107687acc27b8a11218cd323479b3af4c278a152970a09e2ef,328.400000,10
7,c325702c83152d4b7ae2ac0b7b7f1eb73a3db6e09284b634e4399b3894533ebf,473.200000,10
7,ea97ce02e7396f3ce14ff6a760eba0506d97be92abadf90574630a1659944781,663.800000,10
7,e39c6944cfe992b11a9898512f427bf017fb05e897bd421e1511cbf27dc24d82,401.800000,10
7,c1f418977663a2319e361857c6c37dfd878aa193b2f22668dccc51587cd16e21,774.300000,10
7,d76ae41ed993f86840b6801796702a7428d571566f5ba84ab3cd826f9883640f,640.100000,10
7,2d0fc0e4dbfd2103f9b0349bc4110446763345b3d377e8d7d425b2880d36525b,416.100000,10
7,d8df9d205aa81a749cdb70b0e16b570769db53c4ae343efbd0a5355cb5607940,709.800000,10
7,df5a58ae88db62420d602ef38c5ef31390b4f89414285b509f07fef051b9fc83,639.900000,10
7,5a3db13f20a6e3cfe7695bdd9e5157fc4dbc57b3d96a0f175debe0f5cdfe9e62,510.300000,10
7,bef8d332581f7e3fd8580f89bab84899db040f44ebaaf8500c29572aff7784b3,574.400000,10
7,2c88627fff85a76ad924e96a5cccc848910aa53fc1d8c56bd368e6e93adfb941,496.000000,10
7,22c3f27282d646c8b45b139f701d3c8e1d0f42862e1ff90f256d97d622bb09b5,456.700000,10
7,301844b5d892435528d685af4bdf9f8ecdeb791b5dd4a43623e33a51754f78e5,403.700000,10
7,ebd184400ef8362e501936d412d3605d5c125e2805fb6d0f2889fa39b3d63dc7,369.800000,10
7,5ee0e90d997eb3702a5cec1da429cd6b6ab546d2e266cbebf607adc0c219331f,731.100000,10
7,8cd006634d9a571a2f1922d188c851180af17856e1db98a719020782e94a2595,720.100000,10
7,70138489ebc08fa953e0bcdaf82e42a76c5fe4f11f8f21cdfc3a2792f656126b,409.500000,10
7,5afc56d4d8e906c9ddf61c853b8c9459141404cf0cdbbc77d86abda397707a17,305.500000,10
7,b8b557915b896807a7dc928f8c0a41ac085c9cd2d824ffd701cf379389d9e1f0,717.700000,10
7,9fe013b611b26bdab9975b5f26f0b1f583424f690ecd05194fd9b06e5020fdcb,675.700000,10
7,0e3e1d9739c19a726e610fcb842a0242823901021e8253bdb0ecac6aaf8091f6,531.600000,10
7,f8967f64ec23b9d4bf92aafefce06bcc799badd92b45262dd1ba4f865ea78a4d,479.600000,10
7,290130df634e782429308ef1ddbd5b3ebaf6988e9c72eb4105cae3b004a0647f,554.300000,10
7,5f629cced128429badbd0da173caceec4b419458c4926c4374a6677eee722c77,460.100000,10
7,66d473768d8b46359670a9c179723307f975498ee20006672941cba9af418da9,452.600000,10
7,07571419db6ac3370babe6b3a073cac3b6bfb4d742ba7d68361575e3a7829482,748.500000,10
7,51058624b7d0d7fd8e7a84444ea170ec89b01071583bf7836ee3b4f3f2bd5699,487.600000,10
7,7e0a1b99e8dd24dd1abc9d52ff7e5368d93363fc7d09621f2fa58277050b2373,599.700000,10
7,c53e5018f0fb1af0d609c23b71e032b8da1ac04e20331dfa9cafab2cf9f8300f,315.700000,10
7,8e47b1635877bea8109f6ecc446c71782af732f3c1616a09b4bf4f3450f16302,776.100000,10
7,3b2ce9e25c2ad2ec09740d8ac1af38314a714fb3720a003854337e7c85452de6,625.100000,10
7,b5d1ba0a4e5e55fba69052d0d01dde83604dd15f9edfd26bd3c9c63b2ac53f70,593.100000,10
7,5b6966758837c711af23d51580e3a0e654f6af5cd12da495df3d7ce6aea9798e,407.100000,10
7,6d05c592c445630c75efcd2ffa689725b44b4d6349f206b311114dbf231f559b,606.400000,10
7,d44976ffeda23a2c9e4877845c07797a1e49258028053a9c378d81504f76def8,303.500000,10
7,f2f1daba505f6bd451b5071dc6e0cf7f7b5afcaf9d2de78874d35ec665a486c4,340.900000,10
7,3226168304406280684c4336f59953d25ae6373e6974c5c73337f11909702be2,429.700000,10
7,26adb5fc0ee9ba4c67830cd09a0b9dd89131d386a2d631d344c907537016901b,406.700000,10
7,96c23fbd80026d57b9e8ad519cc84ef4d063a9f6cedf36908fbae57c459b73f4,678.000000,10
7,97ac0478e4a5323152fd50ba04e5542c583f4ceb8aaf891f69c7050e6e1d70e4,536.000000,10
7,be8e5ebadfa02ad59d919cbe37f51f948ead8b777aaa0901c22c24ed6b41a240,509.400000,10
7,6aec61397f1563f92a241ca2fa1f0a29b08e9d73d8badc8ae8c2ac072a4898c4,297.600000,10
7,1942d240c26196fbc4c124a9a757d6cc7b5e5727356aa7139701fb7bf1c57917,586.700000,10
7,b47da46a44046a30279e66f9c4cc8482d011a51a90aeb4681f268ed69f6c5a7e,816.300000,10
7,236ed589358a9e3581e6564c7188f6a64178b7d0e6c226040bef1ea1e5771543,372.800000,10
7,41402c4a3cc3e2b229d1a6b9246d37010b5c54ab3e56c0e6791b6603e9c87f08,410.500000,10
7,e9326ba3822e2945aea8a80b4562b7fb4d1a30756b7be0db72f8849129c706c4,446.000000,10
7,1b695aa7cba4fb2fdf181840ceaada1a5823113df9edc33c851eab97227ba0c1,469.200000,10
7,37f52820c3792922231d023d1725b2eb7798d421a656f7e28e24b9f6b06f3a42,524.600000,10
7,7ef55df4e016cdc8556e7f87c74d4f2247af9f1bab5602ce59b4ed7ea4e67bd5,556.200000,10
7,823a3f8a143a8b2f9e7450c207acea23be7b9eb047fc24885a992797adcdbc3d,487.500000,10
7,341e04c9f4fa0a980b3ab4776c5687025dbd8c24036b96d0e6082c8a8827fb19,478.500000,10
7,63d7171ea372b72585ee6e0d8f8d13058d6045a05c039afd1d26d6aa20e7b506,722.800000,10
7,a3854525d410a436c49851e0d5754e60ecd5de8e34cb73416c30d2ebba1e7e07,504.800000,10
7,1d3aa593def1dd92d0c04a8513649375802372471e7361b38d80715798d3c5ba,387.000000,10
7,f391ce531e8dabff4ff6322d681ef7a5150edde6f39632e2f0de3331263f5e3e,556.000000,10
7,fc6bcfbd92c4c75a2affef0e8a5a98bbc9f1b1c5e5348aca990ec871de52d80b,433.500000,10
7,8d24d5d6b5cac656f9a5180036b7f62729752866067589dcb3e541c60c5caea6,443.500000,10
7,5c782980132f2b74ce445251b24cd8d0edc489c94ad52dc0422caa495788d5ee,248.500000,10
7,ef0393472d8e96811d69ad6ad67b37f3eb4a25465b2d46e96887463b468ac60a,534.500000,10
7,323bfe7bca11f4b7c45e9ab95444804aae4b4e771ac249d1d2879b5b840c77b0,672.300000,10
7,c6dc54eda36971a059c111d350d564e29ba61d3becafbbd08ddcd85a0e8f5bd9,588.300000,10
7,102e64854c067bb187bedff227108466da68bacc82a0d41bdc6a7edb88f96572,524.600000,10
7,27bc1eb453f523540723a70fb6bca9fda7dbbec20bec6e6fed20061bfd411cdd,728.600000,10
7,02ef44cc52260fc6d60fa02ee7cd076aeef311fa957382334be119e3fea0c96e,562.600000,10
7,b6f9b6b3af3d6f59c8d8f87f8ac694265e2a3c69ab961dfb82bcdb5b83c99a41,849.100000,10
7,1e5bf1db4dba32e3131e29b473431530e4124642fa38e1394af56249e60881eb,695.200000,10
7,f6f9f9e081d0d9bbc1babb0f62c5daf704abe04236bc00d96422fc580895adee,229.500000,10
7,23a83950e6e42a5814ca1a8c6434854b17e67a9cf4217ddbd3cfdf8f86df3d48,584.500000,10
7,9594875de403116cfce054a4f410c1f15ecc7343638b603fc9c8f7571412cfe6,542.500000,10
7,69d1455bb4542c6e4d80a0414c7f76e39c1f4b2d9b9032769cf98fa1045a5645,618.200000,10
7,0b1cad2d4b74ebaebf42e6de2a3cf1ecb57a7ffa3f250c08bfa5019c47c726ee,305.200000,10
7,8d1ac629ed5fd909ac2efb2334c8deacc11d944cd5d83f9f84589ef2005bed23,477.900000,10
7,e3731e15cb76b7f9ac86bf3a4d74380e69924aefe292bb8b9091e21ef83dbe98,668.200000,10
7,c3db3b540e545d49bdf29a59ccd5d2acc4a2a675a59bf6062ee56c8a82ce2057,416.200000,10
7,167d4f1883f2b0ae5a118799b1160b6ae6ae6e88bef8451685f2cf3ebcfe0412,696.900000,10
7,b085215dfcd17bc77261324f6e9d256da46b0621cbf332893c6201488fe0b671,597.500000,10
7,891cfc85353da10b58d90385c9ed96533ec7b9486dd49a8f43ca23049f9330e0,580.000000,10
7,c8c219010e503f8f13a2adb94b4c300da0311e2addc0d2b797b4637bd6905cc8,572.800000,10
7,447db951f4eeed3958b2ccd747aaa52d9e5c366d1356b39173e4b50ac75c0e0a,452.900000,10
7,e117cc14975e16064daf287ff6eacfc3bccd539fa1948bbd8631db302d191e17,536.700000,10
7,a75e865e76a18e0dc0fea615bb212cebb7c288d3b15aac22923fe048b1940c96,471.700000,10
7,7d3c48ef9d7c7bea4d992a80a114ab1a3341c9705944d8353cf536c4e08644cb,718.900000,10
7,8113ace8575b21e3d60bec86c6051d56deec3389860357c64f925eb42e2291b1,471.200000,10
7,a7abcec4ea26f9aec90ae8a6edf729f067d46efe55a43d16dbd30329d3026601,628.900000,10
7,820107412c0a44779f994e02fbb8f32126d9a76b83f8937cb06eb5e4e06e3881,486.900000,10
7,f8fbc0e966be972638fa8fb2991fb3fbdb2dd9bb8ac972c0037c45771fbfec22,546.900000,10
7,5dc2d2c556b6f5fbda468bf14712d1dcad10b91e290f34842edf509aa2f7054f,622.700000,10
7,9a2c1921e7093ffcbe14d0872f171582ef01d78233849a20656bb0607fd01430,351.700000,10
7,42a483e72971ac2244a6424c480216351e664c6a2b9a4320e98f8e5f0a7b52cc,341.700000,10
7,5817de5dd569f94872001757961020afed8b7a9e62c47874099efd7216568ee3,624.700000,10
7,5c2d812d749bbbaed707cb7d619fd4dc108f9b076db8ffbdc1845181728143a1,524.500000,10
7,3b91cbc8b54690d4437abe8fe133e3856b9fcf78dcc3756e984b7b2e32b4a281,636.600000,10
7,68b878c8f9d990d8b7c280a7a6560e9bf2dbceb4848e5755c500bf80431042ea,335.200000,10
7,5de7f4282723b15c23fc97baaa2dc727d22ec457401534ee686dd7ba93d082f9,502.000000,10
7,d29dd80123a398da2907199653654915bbd6538cd5b9a317c7a9f09c3ed472f9,498.000000,10
7,b9372aafd8a346716528f102230da0cdd25da9835cb902b11971182f33544e5a,595.300000,10
7,48bab9a2643f47255849d9f413e8ccea84ef08dc252387af3895dbf5188c1853,586.400000,10
7,f3734fc8aafb562594f19443a075909686e185d98bf14e45c0116ab955b1baa3,834.500000,10
7,13c13b891f40af826a521600ea8606c8e6ddb8772636b46d485b1f9c012ec317,517.500000,10
7,dfbaad45863d7b758d8b5145e28dd0793a185506ad703a1381d100b44af596ec,531.500000,10
7,a5a3ec751eab2f83392e6d89bf657e1af485f627ca95d374c7274a8baab3b069,520.100000,10
7,c2812693faf8f54a4597dbffb2aa9182dfe27c18cf80380d7d3c6c5b291d50d8,791.600000,10
7,95453fc4ade09fad8b270b6cf9c6a6a734cbfa9f1e7c1d5c4b5fd98c45aabfce,295.700000,10
7,54a661ac240938eac4120f0c4e579e99ecd30d71f1c11aabaa0aef29bfe6aeb3,555.100000,10
7,e3b8b05c9a254b8467b421b6c80aede7558286714afb47088124c9da3864f30f,745.100000,10
7,a3465963eab8d47bf617c79253beb0434773cd985faa9ed088403d125fbfe83a,735.900000,10
7,024e55e32d831f9aa9149158cd2df88ee093f7ae6bc5e6fcc27c6fbc870a31ec,698.900000,10
7,8b85ef6f29254993810a2b8cc502afecbd8df13f0337891d815856c3d7e33380,612.000000,10
7,0e2f691cccb897ba0732b5ae50bc86de154e6f4ce0d9d1968c18e68d384368df,771.700000,10
7,0dfb369ae4e3f607a1e3582b86b2a42fe9732e9a8494497f573f4fb56365a594,707.400000,10
7,1ba205119e92da329bcc313632c1cf1766bf5793737fcaa87b3ebf40c14a1ac0,663.000000,10
7,7b4f98af759e92e62ea410fadfc698501a0546170db128b52d8ed7400a5d748f,660.200000,10
7,2b041c8aa2c9d21e948d573a8cc525d58451824b0c4feeb5190e3beb68579a8b,318.400000,10
7,00cbd385e9c4766611392b641e6ef3db280e11293ab9227b5939c6166c8e2fa7,592.700000,10
7,7fa14440e128d51771dbd6c9eed60f5111914c331a3249d06f9b55598343000e,487.700000,10
7,e888492802e673503bdc6d75b835f5b9a6f0894c0615272e9463be54a2271d73,514.800000,10
7,03c75b41b5e1e175e4620485532d13af4e9d2ad7ecf4726d5dc9e0fc45d271da,526.800000,10
7,fa1f1d6468d0fec336307a760e3869b2b2b2b3fe70e9a1669c902f45f9cc3462,527.500000,10
7,7c8aa16a7db65adb8907786ce4b449da740650c9457b5ba08f3336a798f9db49,343.500000,10
7,3f384c010a7af33a6045c50858ef09399c6a70b0a19c59418dae81e4041ff1e4,294.500000,10
7,7030ed07d186a0e50bd04b81dbeb0197f7ef06a8b809e116d07499821f69f75a,583.600000,10
7,7a489a609aca9a63ea07a8c3bda3a923146a91a8b8b4f86d158a6b8a83a32105,457.400000,10
7,21c858d333a745285e46f95649af3dd84a10d21e4aa1786d1e6ea24e769f0eb7,428.600000,10
7,295cd85a528c610582a6b729f15eff05d5bc1732bce4f5ac057c34045330a894,677.500000,10
7,ad39a1a6f70cbb5d3ffe979fa6e0babb81120d5aad0d5fdcd4d3802923568f32,645.000000,10
7,b4463d9237f92437dbd2db847666ff5e3a74b0c286eba7fb46c9bbf89099a933,422.000000,10
7,667dd12989f09c38b20c644208a41da66f16014d636229126d6542f87becc8a3,614.400000,10
7,f6fbbbcfdb88b9ad471b986946bec30c321a408b393106b615ec549c04676a8a,350.400000,10
7,a96e8ae92108f05af736b495f5a654eed17ce4eee42286e8b9afddcbaab2ff68,657.100000,10
7,c882ae7ed34c35bffd95ca2384d732c8dc71e8c108be0f1c140ec811f1d44a49,665.500000,10
7,8f3a696394899d54b2f13629a0feb33d4fa19f2580385cd23516fd622e2c32cc,587.600000,10
7,059ceeae8eb1a176544b5f59e82a59d623a64f53fe97306a3d64e969f1c9b4e4,579.900000,10
7,af08e4cd5e260f74c12c28a6e2dd3aeaa4ab9289af0b0238b981ed86f279e245,558.800000,10
7,87e76190461c00d3a8aab555f4007d9bbe85926da4389c895e080a2c1da97133,333.200000,10
7,2e02289337fd84b5431be24149372eb57c33b6eb57f690233529368f054fc29f,606.000000,10
7,213eb9b56bea870e41d2fb131a4408ece15737dcfb0f37c560db7fdbdc290866,643.800000,10
7,91228fee2c8af841daa62c44ce9e6140432f91a0249df0dab6015aa734407d31,792.900000,10
7,87f315145931cafa39a2d67419a130b655d2d7e6ef7885c2f19259be4f59b837,589.900000,10
7,8b38e202adbc85a692f2ebccda85c047a7e300bc872d5d1fb5904c34f78457fa,676.900000,10
7,090d9d890caaa89e8471e6493cf72eaac91a4a9e5dc48088d7d839366a100170,524.700000,10
7,6456ce474cea375af9718a59bf0ab366914e203fc6a827c5e813c8b24f5d97a8,821.200000,10
7,3be6be687c7de4d30ca4dbeaa9221fb0f21760a29fb9dc8eeff6689008f839bb,751.200000,10
7,d5f37c6fd44067fbefaf3a6037c5c47a8fd1a5599a9ee3aaed417080228e0724,576.200000,10
7,12b948f3f0d69ffc503d6584b8819ab3ec4a73c10925f0a303d2b838010518c4,615.300000,10
7,b4b3664888f6c66bd2178ad60f83f88a4af045efc102c9a6cb5db97cd6518cdb,538.300000,10
7,81e99358ba69adcdded3e54fdb5c5f3ce67ced51684c78fe336809125b3e25c9,535.100000,10
7,f1a8bf9d1e116ff75d3bf034101d72533dce7086ea9dba7b2ccb784a21b23afb,770.300000,10
7,21e3b884fb1695732954b5767d5134b883ff04c08e4591e5c951d73b19f937bf,691.300000,10
7,908252d5e1c10b5f47126f58a71a547d398234251c5f9cd1633810ebdc8bf268,682.300000,10
7,3f1ae81b8bc1c0e895827bd5cc5afe42eab0ba8e6acfa77a5e32be6e331bb74d,461.300000,10
7,8e24c64d7d5dfd6aab1084e4e6c5cf7d23b63b27c5a9413887e22da1d5f9a424,475.700000,10
7,dc3fc1a9eb7c9d2ec9d741fa51e7c4c0cca6daaba01d57e7116ec9f5310ac2b2,432.500000,10
7,c1623b85b40b84fdf8eeab30be49b60fdd552e4199bac250a1011fd6ab816bbd,523.900000,10
7,af440a622babfab3fb8f43ecb7ba6261bd71ec80e60ae60964d7221c74a4700e,679.300000,10
7,dd1d2676cae3b54d9890e48d530b41079181f4c30336479eb56c36cba8ed9d0c,721.300000,10
7,0326f30a0e89d6b973b658db52a5eb6727a2d51fe63321a7e6103b09c54fb829,418.000000,10
7,485758a442993ed5a11ec2bfbeee4c13d6d92378fff3e18960e357e998000174,423.700000,10
7,675489ad71b77b1a507bac7799da18cfc9c01e46b1e69503101f71246b185a2a,594.100000,10
7,105d91f16367cd7750d323610b30f930dcfea29a889c3e7cd8d10007fa14a13a,392.200000,10
7,afc8ad7595eb9c15c5e623641b1c747222bcf7f85a4e647d56ee822c330d27b5,540.500000,10
7,f3af825fff4fe7a8ce5160482814f9f07eacc6e8773a68af5fcdd9cdce503d41,390.500000,10
7,6ef029fb3ddb94d2963d4b1c4b6c28f87a92b5c2cfb7f11f15ed8e6fc99c75fd,377.400000,10
7,a7ab0dd021a47f9a776bf7d8370782dd4ef70dfc99fb59e30d3e32ebeed47e45,601.700000,10
7,b08f3cf4a30d0d81db07d406a3e901d0217a782f5df6013dfe30abfc7c56993e,382.700000,10
7,4614245d9b08ca2aac52e57c69818b85fff09598b1e644ea1924d96fd2928840,782.600000,10
7,ebfb5b25af58198fa58ff5859e3b6fc0d679b7bf2b33026fee4aa0a20fde3d6f,770.600000,10
7,fd023b0acc797c2c0af19fe82c624c7a84ab171d6fb41124cb34ce35da5e5211,628.600000,10
7,b6b86a322dfbdaf8ee792ba55aaeee8299501a5611c705a30f2d60f74af18a65,636.600000,10
7,151ab0c3afcb09854ad73e9de26582251cfa82989fe9886af92ad7acf7803678,656.100000,10
7,b430910ef3adfc633b62cd378a01c86ec94d2d796f88c5e4d0d738a3e5de81b7,662.100000,10
7,505e06d7a07c68acd5e03b65cc650f1a81a84c5a208d1956c19aa0a3416b190d,372.400000,10
7,eaaa49bf38345a4588b19b3f9358125dee06a28ee28e968012676e0924be56ed,429.400000,10
7,2b5c986114ad49a5eaa6e221c1584af03c8b580a8d0932fcdedfe50dc9f553a2,280.300000,10
7,e6e1314e37f4be6da507fb65b34ee6a1661462dfce7ae710e5c25dcb0ae80637,467.800000,10
7,bcd6bba8cefba9a6026971c75b5af8079b84c2fcddf65f5f949b99548b084023,517.900000,10
7,0c1ec584776f1183d934a76693e083afa38fb7a3483a454805fb6837135801cb,632.800000,10
7,4d085b3b61aa85d75169d7db773fe740e5d8cba93a95fe94fa94c562bae23a95,363.800000,10
7,698009bc7134dbbbed17c5e3062bb6d1d85d9d40da5627eb93164ed68138286e,505.500000,10
7,1acfd576411f249c26969fe3ed7ae9f96b47555202d8b8a905621e7080952888,641.400000,10
7,c68103c52a775c9a22db83a6358ca7579669ea5fb1ee800d91ba09a937fba521,588.100000,10
7,4d21701c6ab0b276177d2fc6e195d71490151f46d6e58005295014989108fe2f,489.100000,10
7,3d1539a578e265120cdd2379d09f13abc392431dc4e40ede3a83750203daa8e6,615.100000,10
7,af1b07c55f7b4519a7668a55396410c1d34f032018347034267092520fb62432,379.200000,10
7,d8c0ce8ce03f61a70f70e992337c8313aa0fb6dca212a65690621e53e550cedf,516.200000,10
7,b0e988714a9d3c71995ee4378c63a021a680500b891e4c2f13072e224b3f9635,716.700000,10
7,8d3104c1a6d73bd771272ebb4d984c0cd561a01bef3ddeefb4e207d8f7fc8cb2,577.000000,10
7,ba4b126cca4f1830ca3ddafeb6e83e01b3aa4c182d882f233272a0f1646ab9e7,695.400000,10
7,c3f3b5067aa1f6fe6974f6aae841e8c5a0b9810944dc6ce007e1bb9976e399d8,588.600000,10
7,25d96d47b2303a67af158e43aed92abe2248f4a9404307e45c0ed8660260d758,512.600000,10
7,e7ce5265c27665930670cb927ced7ff488e7b60ad67ebc138fff4ee7abc0ac42,394.700000,10
7,d9d1c722d924ee7861c1b709d8d797524a29a7356837badbc321a21dc09a28ee,339.600000,10
7,c8892031d5b9fb799ac8e137bb84a7a81a75e6a38ea1d86d05d7758e71eb2056,578.300000,10
7,3cb79569f8de10991d1edd7c07e313b91d5a8575f7d94299b869ef26b2a4d877,339.700000,10
7,a72e95a8c32007868ce14eb0fbc89f8b628e79c8504816b3b23e4ff02deb53f9,325.400000,10
7,4265d61579fd1075979c31e9d74977749706e91e2afdf5089f9f0ca87640c82b,610.400000,10
7,4785b0e4ae72c4bf0798434cb77a1158b26b3ea3e86ca108b5e1cdf24615a2e5,613.500000,10
7,650b2c1cf669c1f0f9cc3439aec48ea542eafac867e58b9a1da431346298c278,520.500000,10
7,b83c176b7a7f6fd48d6254ed59cd41b67d12cad380839ff0acf102865152876e,707.400000,10
7,169cd8b034d03f50cfb0ca2df38fbe7ca92b3b02bd069e7f66aa6bf4593173e7,785.300000,10
7,4d380e662beae8d160a4a44100cd31e37df0407d27da0452d5d754452e846e87,777.400000,10
7,bb577c70a4a20aa88a26d957e591cd9e273a1c16fcb65a362a7802ac9e6dcc4d,629.400000,10
7,4aea215729706dbbd9d6c3a688d1d9cd9cbdac9e739e3d630e820d0a6daa323a,709.700000,10
7,a790095ae9b97b68fc02aff26dd709931db88aa61686edd749c40cf9df8be465,380.700000,10
7,db46822d04b5c97bc0b7638de739e7ae8d5af08766743805394323eecffe0ff5,592.700000,10
7,4ed60029927b4c3ff36a40aef288b318af15c23f072476c97417bbce43100bb4,404.900000,10
7,8b414bc3be81e5212262d053ffd19e76dbf42fe15b1bc794562ab159ba1544ac,658.700000,10
7,e629053668264f0e5f491a54899e3ce977d812e5c737af2e12412abae7dc165f,679.700000,10
7,88e4ea58c376ec9952a78682b78f9237138a664b0596af6db6976f5b4d0e4a5c,606.700000,10
7,a13ba07416e617e6808e8611a5bc63c6deace206ffa719b2ffc9d91751bb5768,267.700000,10
7,4e7ecb52e6356cc2ce58aa0c6f9e6f8115ca287e00bc3c3b03029f977ff1625e,719.100000,10
7,49a7193a37dfcf6aaedbfa806c652f4cd9fb6c8c2313272845960f33ce5d23db,483.100000,10
7,fae4c165a6e06e0996a53a250cee3e4f6f671cc57531ac48609c66cc37ce15c2,615.000000,10
7,efdb65761e938453140ab04d639a3a2e6ccb9474dd60d05ff659d442980cb203,768.300000,10
7,f2e295538e32ba54b3753159b2d381b1252a52f37a672863a281896a77dcd83c,372.800000,10
7,566a8b003e4d22772dba6b352c12a1749be0677cbfef042c6d6a9730ae82e377,361.900000,10
7,dd280a531f900a10c51d3fec9b36c19128772cb788e698677860a25ba988df1b,291.800000,10
7,cea5ba0b37ede1b8c0b7029c6a5ff515b1fdadc592afd71464cff8348d64749c,656.800000,10
7,8fb6d5047e1c35abf050408e4a6e98dac48f4fafc4301de42470cd1e36bef1eb,652.000000,10
7,c2f828e80470919ea25d567719f38ce5c05ad05402c6edfa21eb5a294389c70a,510.000000,10
7,15de77e9e6f57c0814a6ee76215f083f6b013ce49400cdff289eb0888e8c22a4,339.000000,10
7,5f53971b2fa7a4598160d652fd73dd98199e9edfccd816a0bf0194fe03bb4bac,415.300000,10
7,842daa7e4000d093010f539ad0fda52995d7594af99aaf3386cd64de94574f7e,363.400000,10
7,a743c0115b0c6f52e641aecab7f74221a3446c1e79d9e23a621114626aed2ed5,493.400000,10
7,d29e045bf7a89aaf33783d83614e759ebe3a032160c6edd61da9506d6ffabc6a,320.300000,10
7,b12f0489f21192dec7f372579d8c5cd21acc07dbf7787208d0778fa6911052b2,332.900000,10
7,5dfdb5175459f13682eb98a9a983b6b594cf9e4e657c8bef86000c558336acb0,721.600000,10
7,75def33e9f8ba79c1f6ff7a7bc8ed31672941de6902ca9d23fdd81a2886921f4,693.600000,10
7,e8b99a2daa7e37e095c8557dcfb87abfe4334196b32b3a362a01ff9ffb29019a,462.600000,10
7,918a38148a4df9a50ab30cf95ddd3c07320d9b1cf3042292257d19e68fe55466,497.900000,10
7,d5ad4f9bf720f52e035588963d4d64b3f64dab7fe2a6c0590c742e38c9688b4d,583.900000,10
7,88b20bb41958026c890614a8e6ce276ae5fd6f12b0454cabd3d758d675ea3400,699.800000,10
7,175aeed1b19560d91e222a49e8ffef2c3b923c21c88147bf1704819a65606b74,486.800000,10
7,2b3c7d944963dffe5e6660dbaa637f5e361e3604255f8e89a2a3a1d6c5802d34,664.200000,10
7,90b454b5259d9feeec3063ab67e05411b2863095943af2ee90a451f25a6c2522,323.200000,10
7,6d7ddc40b30b80a80caf7af7501301995c7fd04d310c038ef7f64126945d48a3,415.600000,10
7,142dc8848d6a80d99dd64ef573c748da9cbbabebdf60a5bb60adf3294db0af9e,686.500000,10
7,75b98f7d49c669cc98acb59148572eed8783dca6c03112c47b3ed3ee149dc392,348.400000,10
7,424731eb997ba02e6392a2b5d3f1eaf3216d57969d71787457af3eba88e13fe8,720.000000,10
7,99b202b4cc5d9e40e3c82a12090ac60b61c33f53b8a1d6ddc400b4564b944a67,560.400000,10
7,660aab56e2f08209d870dc68b7a57450a8aeab95c9de62288ec80e43e14cd596,445.200000,10
7,d56d0c5af0ed79dab9dc9c389438826b2d6ee85be8aba59635fb384224ac0738,399.200000,10
7,fcd28c999cbbab4d327b89cc809ce9fd1f9aca03dbef8bd6ac226bf6c9f1568c,505.800000,10
7,8d0c19caeb77d74f7891b00fb828fa9c03d3cbed4d23b84f9773e68beec6521b,387.800000,10
7,bf5cecb5f10f377b179222fb12b51ab1a1b718d4a84f6eb52d9d21d5359ae170,823.600000,10
7,2d8bb1cde1d64fadca8ba6f2642bffb42f26cc43ddcd0ac75c063ce7887384ea,647.600000,10
7,1a6fcc707e735573d601bc90129d7fe796a9845e23172e919a63bdd5ff1a9f07,384.600000,10
7,abf37eb224f2d9e037a86502ab5c8db54fc60aa96d9b076cbde7637a4cc6feab,700.400000,10
7,a77c20884202d770c357350ff107c16756321a9a033db06b4151c77aba09dd5e,260.400000,10
7,d24930696cbedfcff04cbe3e8b5d816b30d3600e981c395c556966511a7ae6fa,465.000000,10
7,ef875cd16bc430b9919b3599230d426be478e6ed51b9c7ad02adfcb0cd06c704,561.400000,10
7,f031731ea4a9ea8457da4457ba9f8c396b4c893a966f4f1eebab6a297e2d1581,582.400000,10
7,714aaf047a6c102be251f13458b5f2ca018f55c62d6c944d8d7b35a0156de46f,529.800000,10
7,605c998da13285b806386269f22c4ea3bf3c9fd2390a412351932001da621797,506.800000,10
7,fc8f0f9346806dcbba032b2691b27c68da63be9e816f88430c062e9c93ae8949,599.300000,10
7,e0298bba57c22a73e81bb56f1067fb967e9a2da94095697d3281b57950406047,740.400000,10
7,f82155eac4b5becb8b8d0d4e1f7bc3b3e325414f17f24aad2bb20ffb86efa755,481.600000,10
7,172c61ff154cdf33e046128b19ea7d5dbf6af9521bd826d1157597267aaf8706,501.200000,10
7,b9eb94077f06b240a916db343ff3ac50a0f274e58c3ab144a4e88c35c54c602a,825.100000,10
7,a62f406177cfc0b41c66437ee9df247b17ab318d7b17ae9f57a49cd5dd6c2292,573.300000,10
7,c71aa963a7f83843afaf05899e8b61543e0adb791db57a86aa97666a1cc2d8bd,570.300000,10
7,431d29fb4daba1b7e972091b37f033a162352aead275ea3146b159d85dbebd2a,577.300000,10
7,bddc954306265f140853a229a6fb6408071347a9c925e1e37bb5878fbb3295ea,568.400000,10
7,d7ed092ee16ac8c0000dcfa9f02847735c371dd8dbaaf4c45e4bb84fc733fe23,599.300000,10
7,ebb3e0c10ab82342888a8650750eb2935dcc8144a8e76859660f03031b71c224,389.300000,10
7,1385efbd2951cbbc328a66436a0441da508d8a06a6b2d77a52c173a8f05edfd1,650.800000,10
7,9198eb6e3cfd4e26378d7a7f31c789d5bc4015db2d7c56054b32dc92b7b79967,479.000000,10
7,9a3537d119fd0578186c331d9dbbba353e4894368348e6206de642debd33ea56,484.800000,10
7,ecc2ba64cd5180e490286186183ee00fbb521a700ee6a4c682b29ce47af094a4,481.800000,10
7,2f3ee70a66d37c28e8b0e8e9cc4080cf910df2eabb2e91fb8d94288ed33af1a5,416.400000,10
7,081c691982116545965aff8501758fe4c32c252846aaa2846e3363b3d6ab8f3e,458.300000,10
7,3874b18f527b19f0e1cd4eb569dcd26be68f7b3c299968830a38eb3b9baba804,611.300000,10
7,5e1761632b6e677c74c661f08549a4d69a98aeb44b92156e4058e03102544143,448.900000,10
7,73a5cdef68716728dc7f26e71f2a6ce54f7c73258de5d493b5a60b2f41906c65,383.900000,10
7,591df93951a433371cc3622bf423bc4b1c48db4ad15d17af8b1e62dd50bf556a,755.100000,10
7,9c3d1d6aba3a70cf6ee9d8511aefd22f99e8f92516e7c9f3914ddcacfa2a4f69,683.100000,10
7,f2e66a0a143d627e47ff4031f61f4ab94ccde27427132e5dba0fdd6b14cdd5cb,438.900000,10
7,7532ce2c7c3fb6211451d4d44d549b4919ea3762356db3e3fce4deba904beef9,817.100000,10
7,ac217eed9c77cd8b672edc4b9386eca6b7edb9d61567779009756079eb4cc09c,563.100000,10
7,36b84376fba707e778220eb67d1c42b61da2bb0280059de40b1d7593cc6d9dbf,564.900000,10
7,e8e2deb84f01d527b3363ff796a99a6a688eccef6f1ab1b5cf837b418c38c6b6,529.900000,10
7,9ad6ac01fab3ed9aa652f6ea12fc344b06597b4a47ebb3d15d06c351d9e300e3,468.100000,10
7,41f00149ffb17e4828d0f529ad3e9944384c2b6e116faab20b30fefc71a06a03,626.200000,10
7,58400cfd193e390716099f0d4aac69f1e63dcc6ce33076f71d70dfbb447f40fe,588.200000,10
7,7c1ed049767fc5ac5ae691a0ee118f8a9c37322e41b077da24e63e00ea5e2885,460.700000,10
7,ddfcdc528527312f5b6bb80ebf01c9d9bbbf54fef8e3cbc17f115bb67cdf19f5,421.800000,10
7,93799177fa4eeabd05bfd1338159a08781a265a3fb6c192c1ad36c77c3fdd0ac,405.800000,10
7,83929969bb53e6377eeb511e230d200b83cdee42bb10fa6c2f9df5271b440466,485.200000,10
7,4a456ada75efdf03deddc855459e50f4b095c9d500b0810367c545fb0715f658,269.500000,10
7,35ed9062d3623098310c6eaffa3d02b96e6f2ef29b6ed5094109826c7d2f8cd3,569.700000,10
7,180c8a96837a6bc27cdb5b78fa54310f177cf4c2bea3a59978f5e74b4aa05980,659.200000,10
7,a890c3bfcc5bdc727fcfb7d3475659ed2e05e46a83c35c472100bc214869ccf2,438.200000,10
7,30ba5580782ede2320a7688b5aee03d0d851488c4114e16391cb43e9108e0760,251.200000,10
7,8f23dca94c14fb8666e6b9c80691abf0a31e1d2b6084ffdd8e6c22ae533d4c80,600.800000,10
7,1358ace35c2693d44fd0cb2addebfa9ab9cef7ba15dcb1d0cd6288f8206dc923,584.400000,10
7,cba340170e9a5d7d4fb728c548137eea9f0861d2b4920290c679ceb4a32f6a4f,479.100000,10
7,e2ad0b865605d90ed91ae67ba86071e4346b1ebeaa021364e6f38c690e717ae2,346.100000,10
7,79881dae4b334ea9382f0b3b072edc22df46419fddbf442575f0cc78e602f944,720.500000,10
7,03a7dba7b4f21c543a1da7947a61349b4785ae0973c102594dae7a617a0c4b91,613.500000,10
7,c69e1042cc4eab5446b01204e2d5b71fd4e0e3597fe22067e0530b1ab2df44ca,631.500000,10
7,b25f689d3e1e6b64d8eeb3738d127a5ab15764c89d646066742a052fb7441f98,553.400000,10
7,8867b71348db34c6a582bbd9d63f52f79bbdb55572fdf738dff522ea11e5d2f8,476.700000,10
7,7939d56118bd29d878c88fe28eaca9a3a67f1498fa28586c3d5bff1773d38abf,399.800000,10
7,73a0eb1d800aaeb1d7a49259987917cb6b083c56edb45141745df38c01af6c0d,618.700000,10
7,54a2408ff9f6148fb211f325204d4df73a0e484d7de34c5782616e03c98a2d8e,763.500000,10
7,274ea8f128e8eb8fa715233ce0918e742737b195580c0b46ae53303a205a0f5e,565.200000,10
7,c76f373a45c042cf5f61fa5ee3eb002aaff28644090a6cb1b977e3a9c6352c98,661.400000,10
7,8fb807c732dfeeaac231374782d5ccdc9e25682df0dc750f86ed86e0e6748b1d,564.400000,10
7,0130714bd06daa1d287094c3192eb9b3c2e70f5e003e688b7d44db7448585075,244.400000,10
7,5ef8bb4251e2f7a1c97390a3e6201fef300090788cca71294cdd51499280375d,686.300000,10
7,61b5ed2a2c098e9f572bbaa2af4554c7f010935f34dda269bd9e7beda1847061,440.300000,10
7,27983fe567885a3f5dce4ca23ce1f3a2583044621182a0c726c6e5d6a344c528,274.000000,10
7,73cf7246d54b95d6b3928e9177576cc481fecc47981288a1f07a91b0cd919014,681.800000,10
7,d07583d19c0026b571b7e91bdedbaa7c7bac2b07d53b27c0084aedb643250f53,579.900000,10
7,2d2b8a4b2f990561b63a85a98f7e88c6a0be8deae71e16cd59bade51794798df,420.000000,10
7,762f54632c638fdab2134df93eaadc3eba97e1fdf1ae1787cd457db68590dc7e,431.100000,10
7,c68c1843c61f68605646b52acb5a64ceb95d722fc3b613301f1c14326504436e,510.400000,10
7,8e60f8e3c6e83d3dda034774ecadc8c1198ed0d87ba827c4454bb902a0913c65,503.600000,10
7,995fe2a11af23f8edcf43fda513da809fc06a8d843e5273caa3cbb604d718e64,291.600000,10
7,e5418b7459e7c96f092e50f76889b43756fbeb47825e0d53f80f2e150508ecbc,433.100000,10
7,14edf1c326f7fa1dacd254bf25395a71cafd2c5576beeda69908c433d777dcdc,324.100000,10
7,6729cc71eea88344b4a79efe7e7cda7eb24208f63c87376f0e2964e5e705adeb,557.100000,10
7,b67feafc19e3e1f6f7f5a3672a60407497765a20aa075565f6536efbfe40b3d9,867.200000,10
7,398a9281f571c7286e9734e5ed1b0576093e06f39cb90bafd0553a23559301a6,673.900000,10
7,cce1a254174ba70cd661323614563cf37960a015bc96dd68e24660b7b9d08f9c,281.300000,10
7,f6652f2f9d4950c36d40c0bd1211caa0f2d6accbe79621faf29ee5ce11dad6ae,545.300000,10
7,ba7edaa4ecf284f924d85eee164deaf28ab8661d8076dde5c1df39f5eeb33570,454.400000,10
7,181d8c5e66aa9227e29eac3236cedd8e59953d39d9eee938524c5f8c3d958fd0,491.400000,10
7,5607a9a946af4118d9d6e5a79e3a201bbd0f8285954b90412ed855b259a4ee42,386.000000,10
7,84e416c371485653b80c89987b0b6d96c71cd33e01f1367494eaf1bb15406ec2,354.200000,10
7,def2175f66f698784f70c0b8e07595c355e09a54f12840fe03c4f1e6a50eb570,405.300000,10
7,67e24862cfac106a0b8b690bc8dd63830c119e544c37eb369b5faa102633e24b,581.200000,10
7,4e43a7589add795d9c21937f1f55cd820262fee3cd58956aefd644a3be1e55db,567.200000,10
7,583c7c845f21461a8147a1ab30ec6cf9e6c29dc3e8430a86e5c1f3685f916522,442.200000,10
7,fb6ba73dbf76c03757b131a78e4c27ec346cbb79ae3adb8f89eca48ed5d83d8f,324.200000,10
7,ec5e6df2bbb5af0e0fad5983ea08260ab2b75c2ac3e8110a7ab718f0a33cd518,496.800000,10
7,8e72b97c625563fc0ec898002657e7bea24261e3aed5445d2ada2d55ac77ae74,501.500000,10
7,c0d4d78cbce1dc20ea4ad1bfca5aebad0656b03bc86c413506e2d94f36a21fda,788.900000,10
7,a08bd58ec5f6f2b65cd2ba1a1f435bdc7301108a6d015bc4ef1e86f73e412870,730.900000,10
7,a0259b710c2e1b73be13af105d0f643228d751f85778fbc1035d9b6447def276,522.100000,10
7,c3b5e1c60c5f4a80e8564e250fa8f1b8dce4951a351b8ae0cabc9876c50a187f,702.400000,10
7,1e842a70ad7788cd1ea173e1519ceb644d65d377558e8a59477d1276107191c4,873.200000,10
7,a9db35950ca94ea5761a9a9c65ee06ca53a643e8c204f8e59a973a27e31395e8,751.000000,10
7,038a0578463ecd749ad191ed1b505640c7f82855d6fcc626a692e23cb26cf1f2,552.000000,10
7,05f5990a82862171b4005eb07b2c04c2f443b576413eae8984ac3eed00c16122,429.400000,10
7,ed36cd32e01cee94e80dcc2033b2a6931f603070ae75315ac052a5decfe8a04a,318.100000,10
7,9eb77290aea1433f4acd779f8c7972ec29cf7e3a163578c260b840f12199eddc,449.300000,10
7,ee8f1ed05759254dd9636f0ec483a325bb082453b52109457c5c0f397b5ade14,545.400000,10
7,6d9469cb5ce1e23d8f0bcef519fa6327559e2f28f0432adebbe7d6558e87b659,675.800000,10
7,447a3c84baaad322aa91ad5750f7d1a7f68508a01342d8a4f087840f618d394e,683.200000,10
7,9bfc8fb7ef6026fa9fed8550e5a45a58e44509c1fa9375d09f971680695c2bf4,702.200000,10
7,a4d0c72b005d4c7688104b3550d23f51bbdb5753f8300ba5d1341065f551d9b8,652.200000,10
7,962f7b713dc93f0b0deeae73ebbbeb015b202000de5a610ed058ca24ade7c9e8,466.200000,10
7,8a6aa8da1f847ea961e9eda576023cf2e80884db924138e004dd67556979ad25,526.200000,10
7,d0b8ab224eae1b8125a07116391cdff9f97e253e4e9f11c0d44e8541db09008a,466.900000,10
7,870c5b7d6ddd90fdcfbc21c6eb021dc56686acc0cf61fbe01bcf67632dde1815,661.700000,10
7,ca4f2446f4bf46d8bdf76d6c20ebd4228bcdf256511a97b39f7f78e91a02ee3b,470.700000,10
7,b5b535be31f6a3d67c68dd027c2cf35902a7e3200dfad1a205bfab9ca795df41,707.200000,10
7,b4b0cdde1ae0e1f881fa3b2c3cb58105e84f8a7ff06c5139db6cea37d6824bdb,472.200000,10
7,aa24e8d1f96cca7ae28165bbdcc42ea7c212d8c72ea7de068fda92558ed2b4e5,419.500000,10
7,8e21cb6a2a57d2b201252c30301e0c3919eca50830ba9149cea0740c9297b6b4,398.600000,10
7,c2d290ab05c00ec87a9f584dec25b2ae05e41697712c4854b5bce34dc3be02f3,699.400000,10
7,686a68591af798abab33e5a116795bc089d823717ddcf130863e5b75c595aee2,520.300000,10
7,002e4daf328824dd46ae44db8479bbee905e0b7489bb0171dce0c4b6404c7fe5,893.500000,10
7,914c966ffcf26a3887980f5a1dfaa417d49d45b477d7955778458c44c2c57099,547.500000,10
7,39ffc2c6c93571214bf57256268bc9cf56963231a837da7b42c8be16c0002cdf,827.800000,10
7,f249e18f543a04dfd17570f7638ed6a392878f699d2904236d30ad9674aec354,685.800000,10
7,c7e978c0ab032976a64c07c1f1154cc1065e127c14d242635d5860161546aec1,564.800000,10
7,6d8f2984501563877683102b7c1ae9a5653b3b9c1a94e1059b8d16432784a0a7,364.000000,10
7,102bbd95abbe65c6b0d67d67a77787a44d0f2c150b902a2188b484c3f79659d9,533.900000,10
7,59480d4d924d3bb7cf083bed628dae96ecbda47c580a5331b86899af5e73e185,471.900000,10
7,3ab7820077bcaa8a9c8822796ac12ab5518ee7dd2cb21fff778dafa0def50ee6,565.600000,10
7,4af089c09c295ddc3d2ffd3cf4d681e7368b786202d9035c5048fc600c71c7c8,412.600000,10
7,c32284b467f4135c6871ee03bbd08ef5b8388a15a3ca1f93567a81eefd99d28e,443.600000,10
7,8246f5a5601baa83ecbba11e3fc21176df64c3ee6fa78e477f4c30c9079a46f6,579.300000,10
7,9a36eb5557a524e4cfa975de591162c02f44ca4313f4b0c75cd779c0aa4f80d2,726.000000,10
7,46c1846d9b19c8ba9c1b900cbccfdfe227bb627377f605971ecd442c2b2fe6e6,628.300000,10
7,e598c5ca6a9cadc9c4ff2b2d25cbb58707f6b734217e7407f9a63d5763b933b5,638.700000,10
7,35ac2fb9266d278e5ad83b359e9fe0d16720f89aa2963c1ae217e7b5f61a0717,572.200000,10
7,bbeff502b2ca62799ccd604196f7e7b35a2eb22d35d85e249adc33285a076b23,478.200000,10
7,f25fb237fb8008aec130a72a7a56ba349372f8dadaa54dfd9271e9212a297f6a,232.200000,10
7,00dd0dd0cd5a6fdf28c393bb30fe383d44a0ef98c901e940ceb4c4744c679ad2,587.900000,10
7,f5b52bef351b5e8282eb24881096a6ec229cdff6d666991cf382f413ba94469d,389.900000,10
7,6cc2c18303172348fa640245bb4cf309bf993a646b0bbb61225f4e871d56ebde,300.300000,10
7,50845a20080fdeddcfa76130679ff3cd2020af6b94fe7243b973a2277953c9c7,302.300000,10
7,b6b394cf138b084c21da1aac07e14be1c72f96fac996d7f662cdc3151004de4c,394.500000,10
7,8ba0c40196ee9a20db633d1fa77c0f78d0717e7d777861874e4840a1ff9669d4,333.500000,10
7,6ad5659da61450251a089e5c36381c0ecbed3cb8ef37a487a7c8461fe4a6e2a7,604.000000,10
7,0dfc65a8d6c5bdd19dd2ce7a851126bc6e67f05f329ac4a8226cacbfde6141fd,375.400000,10
7,ee17a6aab130507c54062f347de59f53355821c1572a58b3c41b9aaf786edb8e,397.600000,10
7,00b003e9f71e9547823926389b17d7271c60944e83eaa6d763bed76cd2c01c8b,752.400000,10
7,b9cf7c19a7b3ce52f88e92e2ebc5dd2febb47f1dc5dc1f55eb22ef3f81f54b84,883.000000,10
7,4532ca7355a9abb74a4576ea5130a4dc41348bb51df7e6a1db90e30eab1004a9,834.100000,10
7,715a0fa4c8137abe665fe33e0b62f2168a5155b1b0327bea21209310c0506d51,643.100000,10
7,b9abf3c2417febd13e8b57fdc5d26aca9b91be6d93c01d60d53a0f886f28183c,518.100000,10
7,b857e96e37c93d36fcc8d5bb9a94a048fa9fcc22c1490ce8037151807e000e60,447.700000,10
7,85c86300e04ed067b86aa0a0e3a7ddae49d6fbdcf77f1c9b6af620ed80ec75d6,410.700000,10
7,d044147af00068fb6276870ce9300da8350a5245bd2826c4bbeee5e3afb1aa1a,372.400000,10
7,a965d78329d8b0d7bee735a207d7ba4c89270db24b116c1886aaeb9bd5c5d38f,301.700000,10
7,8fba2970190d4352460ad520dccc5ff931fa7ab171d31c3e6a7836e9481262bf,579.500000,10
7,40d041401dc0e094d742ae5b1ccfcf9f894b1c8b37aa9367518c9916b04633c9,245.400000,10
7,9329b70a6e784f8db941829dc74b01b43446d00461d4b3c4a24bdf2e0d560ef1,571.900000,10
7,58ec423365fd693cb3fcb7a0e5a42250bbec6a530b324e258629edbc77916bad,432.000000,10
7,0f5df472884829efcb35b77a206dda2492924af77702e5cdfa2d91e74cbecdec,423.700000,10
7,aa867ea38feadd3095534c43f86c24f5ae8f75f808413b6d481c87d4abaa09f0,614.900000,10
7,12cb67109c5b35c3acf55b228af2bfff2f3dc751003aa04b5fc5da69852702a6,770.500000,10
7,0cc7bf1782f83c8165b933063247c0a779307a72926047eddc8e9e98f805ce93,383.500000,10
7,e67696b333e6e0421c348b8cc8ed5c184d321981fc2b4baa89a2ca8780a3e0f2,498.500000,10
7,38ecf6bb1696ce4f6d3a99a6dfc920ed0efb51a8b0f95aa3479e7f85a7eb69bc,449.900000,10
7,8725c8a049a5c63ca879a8b85060848ac0f596e43a1438954d5536a83f1c4057,721.700000,10
7,c1e8b8f02f2faa29844c5f8305bc030116b851c1213ad9ece3941ab72a1d31ae,447.700000,10
7,6384b700abda85703ae695d9556072cc39c86d55e0b829cde97c3a4865dc7722,646.700000,10
7,cae266dddcaf4a27a98cd9eb3ca9eeaebe51849aad32c49fb08511f54912e34c,463.000000,10
7,6312870a4bb199cb52083a80a9f49484dc5dc396f4717706c8a65714bd56e967,352.100000,10
7,84ca4fbfdc3742923e54a212637e2fd7a2e6f3409c7bd39236dd3d4f490894cb,543.200000,10
7,4ec86175befcbd2862edb79f487ea1c15160d62709c368c611a332abd239363e,518.800000,10
7,451bde936ae45089b1f11034b33c2aaaa33ed95fb729a9ca14dcdecef64439fd,730.800000,10
7,7c6049b4d4508239354a0a4aa4c883f8e3bc356f9fc2def6f07a8ceeac22cf1f,619.700000,10
7,13df300c5886d40bc5159151454960391dee78c33c91ba8f49a4936203487404,467.400000,10
7,021c372da7153a48244c4f0d75f87399eb467b11571765e9d8dc33898565fc12,702.500000,10
7,cdaad020597e851368e752ec11dbd4bb6ad6e541aa463d9a4b207bc6dc62ed69,574.500000,10
7,e5f89712c050a379d21dc3901bc68cc2258ac1654d894b0d6493b22d64a76cef,546.500000,10
7,6e2a2896d817e09b54d7b101855265f78f8bf42ae8bf8a8821065da934937a05,381.400000,10
7,45eedbbd07f271173ca416b190883d66e49033477ca710f64f5b0ba4612f2905,458.100000,10
7,e0be83e1c98da3afd620d85dd41f772a56ff9ffefff26f2641a6f7cb97091bef,385.400000,10
7,700afeaccbedc294bc86b33fd113719de0a1fdedb01eac1eb0c95300a305f842,467.900000,10
7,a658d46e7ef0deca1802785587a50a43f99309717a9becc16f3145881bcd3c38,704.000000,10
7,cd23b9b79be89295f4aff90a17b6a854bf6ee5fc8919148f8dc3edb9a9230251,629.000000,10
7,16e50acadc3caa605c186766cae067f8575a570b02a768ee9edd82166950fd8e,548.100000,10
7,5f2a4c144a4ddd9b732c02a8fbe894b7cdcde539848514d26b4e52fcffda0344,483.000000,10
7,7fa740165d1c8efeb2082bf0de842308139de478e009f2c0c65ec8ee76d2d211,744.300000,10
7,37b396ba0c06aeaaf4344442a6cac9640386c5655d6b653eeec5730ff43a107d,774.400000,10
7,cbb1d99c011e05b9465409af21e6d60af1cd7850dec6462a8e4382174952b9c5,744.400000,10
7,e361cd7208895f3d6d0562078574257647677f4d5447c7e13deecf013a8c20f4,463.700000,10
7,989969e008e94d9ea538fc51d4a102bb4154ff40e2bd9d2fa0e7e5f38319024b,440.100000,10
7,b19844dcd53c8237311dcf55420c6f9ce8f68c82ab1c8679190cab20f35971e5,666.500000,10
7,f6ad21db75592b8b1ee8626d60f9277b7bf55367b4432fc7f928efa6ad2dfebf,518.800000,10
7,476eaea164ac598f206d5185ef78bc5945dabc305a3855b8643d90ba1b53601b,610.200000,10
7,b3553587c6e1d5c75029a223674753653d1eb88710d0af7e2e78fafe73fcd52f,373.200000,10
7,951d57282692ef855c61708b1a080af5bdd39474134347e1f354a33f9456bffb,366.600000,10
7,e5a7d4b9225eb81c987bb7c7f0d70a895767edb1316bc040060b6b1e44f54829,749.100000,10
7,d0bd7c278d25bb088715e10991566d0fb46c4b3af8769c91b682ced3092c5117,546.100000,10
7,042ab6205291d2b421684c978e374e47af6162989e151c440f88dcde8bea468c,365.400000,10
7,bd9b49efe2c1b07df7e125d40b822ddecc76c2613b8ddcd380c543f025e80dc6,677.300000,10
7,70ab944cefff98b91242963c3d3ad4a6837ee6ae205739a40fb5ac8befd29c0d,624.700000,10
7,e3d019fb2e10f295586095047d7da78e1f2c97bb1cffe03e635820767edf785d,534.700000,10
7,592fb88bf9051dc65ed1371138a0789cf3e7aed63d9e6413218a1178c112326b,645.000000,10
7,d5fbcd000d6f3d903ec9ede2b021b798cb2496f25c535221541eb24f41724193,693.000000,10
7,cb7a3cde3e98903a181f0d4250c9354ce01acd7726d2c18609cbed5bd181fd39,606.700000,10
7,f32775d8b65966947d984a799c0d6dbca78e55ea85991481609dafe6d7adf951,655.100000,10
7,6f9795edf23a09b999899e42a696d5bd417379dcb2fd8c5cafeee1bc5355e00b,583.900000,10
7,c42993695b57535f32716b68fc1d912159607c52c95aea74189cac541ef50ab6,741.000000,10
7,9b4e37ba5c929f9e83ba887fc18f363fb8eb1a4304981bfdad97c2f737272af3,560.000000,10
7,3173fac09112190ad80a0309107d2933e5bcaef4ebf66cc17f30c43d24f5dad0,558.300000,10
7,37751df14a246a35201e36cf4625907f9fad67a87da028fc5328c8e33a5257a1,872.600000,10
7,b9a0025cf07cdd1c984eb9580880b3157a442a1f8c2b8e59d2d8cd0a1772c784,358.600000,10
7,e5f6cfac071a29f77eed7c5aa4dbe47e60f96cd388fe1c80ba79ea1b3e6be87a,677.400000,10
7,0c0dec640104fe3552bd83ed3d55d352b7aa089575f87a8ee142255bfb096c09,314.400000,10
7,eb062feb82c85dd1439a8da82c6ebfc9c4e4361cb069efa60b9296745c72e092,637.700000,10
7,430003b900ff4073a557a171759dcdac6764ea69e7a7051c8d344c1a440b939d,338.700000,10
7,848c3cd515d155ea630341b030bb248dc94d49461fefa32ce3013fe338f7d6ca,657.700000,10
7,b38143a2a279fffad2b4965ed39e1d623fb90a9930babd983902a4ef610b0c17,596.400000,10
7,31bf41ce1e3bf76cf1d8c5d750d40f91f8a583028bf119bfa2385c772b9fcb1d,656.200000,10
7,3b8d766e163f893b7f7d8d21680e6e74bbfc0c355942b5b83c9a779c64f84b91,566.100000,10
7,62a6d626481a1dae536c87fd893885cc19905b1cf0bbb28a4d734917a16d142a,592.100000,10
7,dfae5b828a18d7f6b30b3651f2d0de4f0283405aedb2cf022167187baf5d901f,651.800000,10
7,a0bdd2ab359b0a4aa0ff5f73bc336c351a3a231709b56d0fdb7c0ae19de20aee,668.100000,10
7,82672afa2c553b49a460c0a4780210f77c4ea24319b376650a1099362ed70448,528.500000,10
7,fd7a790ac97f4d85646b970f2cbb1625d70191b421857728319299e1cfaccfd7,614.900000,10
7,75c2919bc73f4cf45ec49803c02eb442b12d51fff694248d1e720d7f06861987,771.400000,10
7,6e5508b034b499256b7ca8e6cfe8862dc72dec7d1149e35b7d8b76e63ddf1b95,371.300000,10
7,485d49dd82b6751eb950d0a6415f757db99dadb3f64cb971de788764bc4de7a7,638.400000,10
7,d2496739dc2004ae7dd6181a7f764da998870df5d1d84b44751060c6a72cb431,728.400000,10
7,78b7371e4b357aaeba598d8baaec7ffdf903147e63b9263fec7de2ca71374f92,561.300000,10
7,0395a76fa279b475366afe1a1808314ea7e3451b8edf1b1ad27112384c6c0f5d,472.500000,10
7,bd9b21f7aa3e6112bdaeb215f474445a8bf36ef97294d6025ab0f54268ff2a30,634.900000,10
7,2736dd2ec8b6c727a69a5e0d8a960c74fe0940e60f48527c7bf140dcd010ec65,406.900000,10
7,b71c307c76d03697c1f1022dd364022cc4fb1f275b53a5e512b3ff5d6462bb0c,450.900000,10
7,d210800b790e6274dde76c80851049008f81693c8181a733acf1f52f09ecb7a9,569.200000,10
7,1722b81eb6f521fb432a44d9139eecc276274610f72b3d01319168d5a844c035,366.500000,10
7,47453ca176f3b5669de03b7996c9f7c186515c9ab4013a3e1cab9abe125935a8,261.500000,10
7,699b45352e636b77d39895b4e32383d1000a40737db78b175fe7a9dcccaeb0bd,749.900000,10
7,1e5935418adfdc6e4500447d29f324868b974f7ebdb21f3509b8b8b9f1165c58,381.900000,10
7,4b403c5507c474b3aee2bc3b70941c6768a7e067db0e1421b703e2f7df5a76fe,368.100000,10
7,d44eff13aab192022bf5fbe3e534d8a3ad5d851b1e1e6cd886bce8512519e543,482.300000,10
7,d08a656d856d8b4399aad2e609e9e3fe8667b833d98a05af1688e27b645bdffb,819.500000,10
7,ad942935405242cd8739fc161e68c9630d3168274f138df353adc0998d25eb62,745.500000,10
7,c8b07d09739f3ed2a8d2bf73413a7c67b5d0c99436ec53d395f7ba73ee13982b,730.600000,10
8,744ff535da8251a29920bfe9e5db36a6f6ddfa20351eea8bfdbb035468f78d91,563.400000,10
8,f34c84bd26ce28fd2c2cf749c58dea62bfe2e1211a07d05450642f5709065dad,582.900000,10
8,3e0f70491ba93bf7907c014aaa76e5b15e3dc965e135cd165bda1a7f7fcc2e20,593.800000,10
8,1faa369c6d7df10ed2d4106430b104dfdadff1e1f3dd24d3bd7af4fc51d630e8,449.800000,10
8,9bfd441c9b2cd6da3d14213cd9756a9937c3d1131df8c665c1452a2fd5cbbe11,525.400000,10
8,3c028e10705436f4a4ddedfb2339d671701f016265f2c362d05b98921e07a66d,504.500000,10
8,625ae41310d6f662cb96bc3703f7f82703ab2b90004ea3812ca2f304d27b82b4,456.100000,10
8,11741bba4239365d8adef8bb8b586b724b3a4544e600e0180813cb046972b660,682.200000,10
8,1a10313c05e21ee517e5b1fba7f1dc521684a900f851f2ac85494a479599c5cf,604.100000,10
8,48d4aed2c1aba3e9d7902b16b2e8a0d1f6517db98248bb1bb67db6fb7d7f54b5,658.100000,10
8,eb6e54dfe01afb857963f0160c4c46b783181fedcdf6276023f7f11fac7d5c12,616.100000,10
8,8c903c8ecb53847c3f5de1fd809ed1b9bf8656bcd6ef1c01c5b35060b1133a1b,473.100000,10
8,369d9573031844293a407af969e24f75a1a56b3ed783cd1a70a8056407b4d686,672.500000,10
8,75b7c180f0b0415ddb5cb5b2baeb17445e4b0c573db2bc4eb6aa14e6f7f851eb,603.500000,10
8,40584c07211fbb9fd94ff0e4da6c687bf489be7ac15b57f290549a01fabb58c2,643.800000,10
8,fb413c85e5bfe0cc9b2ecc1b63261a729f38c71a887959453e96c9a1532b2785,515.400000,10
8,4c8d41f5d4c0b7403336aaa7e1bddd25f4048f160678b442eee9fde099c884b5,353.700000,10
8,84fb7ea8357dc36ae8ba109244283fc01954d6454fb843ad35dfda23bd52af72,576.400000,10
8,00b7826a5f7c96a5b05b072a92d6faa6e8b1726c2b58995633fbf0b828ac0f82,496.400000,10
8,585ee6a9524b5728c32c46856bf083bcf95c9814adf25238bb36798b2adf1c35,257.400000,10
8,d2548ce50b9f5b3fb2ddd1a1a69d8767e8a0e04030acafa73fe5f86f40646d6e,675.400000,10
8,442a40299633894d8b32eb6623d2a627170d9aa15e913f4672f54c8b34481e86,428.400000,10
8,520e4894e57a83014994b85bf0a147ab373e377f331e0432a41b2478fd012b5a,355.500000,10
8,9cdf2bf70fc159b8bcaf2d48df064cfc74c6f364bf7a05dac1cf1492674ade85,345.700000,10
8,0eaed33aa93a1120ca0072f6bf46746b2b5181a71b45b560f3d26d4d8bebfe23,606.700000,10
8,c8c05ee97c5a36fb96c577ff056a2fb345e124f6538500c4d440fc706a7c29d1,378.300000,10
8,2f7fb1372efab539303e2d29af43d6811fd4320b591b079b25264b8330631c1f,650.300000,10
8,4a20fc93c7f2494b95be30f78c160f9784f23b412c27b0fcfe303a42a2a31859,635.300000,10
8,c5f583dd116bd1d5b055400f71ab45003da872ca3e9334208aefeca8fbe2c21b,538.600000,10
8,2c77606d488000189fbb84c3050e0566508cecb985fbf2d4c6a4c8d1f8ceaab5,599.400000,10
8,45142c0e16edda789025fea41e4fabfe7db6bfd442b8a2fa54609f40244f1b67,614.500000,10
8,0f421e11da4ebe72c5519e9ccac170bca1d130ab1878582d1e8c692a7f57c92b,383.500000,10
8,de75116ab1dce157aff549582e6e8e14fec2f4ba5286b0ee65fd59f53a694f4a,463.000000,10
8,55b28d7b0c89bca800f9ac672b28bca3384e2b2e4f09deb6132c69a4b44e4d1f,628.900000,10
8,9a2210855cf2317e925cfaf1c977013b0d36ab7322f1bdeca06d4345fd1dec29,401.800000,10
8,d2a377566252aede2430736464546b5dd2c8067245dc03c12e31ae7742e78abe,798.100000,10
8,1bd1a9ae183f45e9b91b83641fe48ad46001930d040af46d59eacb6601dd3efb,502.100000,10
8,aba0b7895fc3c6a755627e9bb99e3f898ec72aa22fe50036abffe04937e9914e,587.700000,10
8,432a4431dafebf604549e118653fef89550f1458cb1b88e1ff4fb74e6b672424,471.000000,10
8,56ceff0cfe4529954b99e7aa954568c41ac7454913d4a8f5d3a6c0fbc1324421,708.100000,10
8,95d328061fbe4630478212c896ddfc62ae153768b947a3158e317c69207e120c,575.100000,10
8,c2e30941ec0a4f7a3be6759ff0c11c027f2d76e95bae50fe412197ab442b1bf4,298.100000,10
8,9590d64405771d0c1adcf8ce19a4def1973df038499a99dd60911c9ba358095f,467.600000,10
8,fb1319bb5166d6a40480ee9c701a9250e60ca5c6d5d94d8f2e20870198af3752,542.900000,10
8,9ee5ba38bba7c587dfc357fc6fe703ee22f50f1474bdfc87a116b0af047e705e,477.900000,10
8,dbd0ebfcad66afa707391a43bc5bfebd45474c7410f1cfef02c181b70823f77c,275.700000,10
8,64c4e5967dc810d22e743fa9d41fccbdbf9ee42ba2f88c097eae7d0d17dca601,541.100000,10
8,6eead64e3cb350ad7908594fbc56d7406c3455446737256d538be9db4796dd91,459.000000,10
8,62af41dc59ef791f35229fa83835ec43559e3c61bf7985e95b801196d8552f40,326.000000,10
8,3af4f0387398fe4ca49a7b53b97cfe70abcb83097106dade38ab59f0b09aa8f5,310.000000,10
8,b5182614a56b7bb5c5de727722b33f533acfa409eb5690b0ac554d48be29ebec,619.900000,10
8,800c011f321efdcf971900c347bbb78726dc6ef71db613f56163d8a792445f86,391.300000,10
8,10a8b1946b0bf53a55e0ebf884204244c4ec1312552c455800940ecb1820adb7,503.500000,10
8,8fd1ad03ac6c58767d550781fd1f0e0401db19db6005278de0739917497f3ae5,549.100000,10
8,d0a01e6be54c070d28f8311adddb586759f75ae3a8759d3625b54828e163e090,599.700000,10
8,fe1602f65efa102d0802cde29f45fd4b6e8a80faebe6ae33b8f90135b0c88f2f,500.100000,10
8,4f01fcdaab43d81fe3460abb3d3473189a29233ed5ef33cd66d044ceaac75bda,342.900000,10
8,00d47112cd90f8bf0f19571afcf3310151db24ad514bbc1b70e9a8f30781f0d3,714.600000,10
8,eef3301769be4cc7f39eb0f480a01f212a02b76e172d7f20a33bdceaded48cf7,454.600000,10
8,6bafacf52aa19c75957c716b83ab6328279ee9257e79eec0775e13a556ad3c3e,394.100000,10
8,c03ca5cbfcad259b15db9a112dceec54e4d56d589e5bca54d40881e47e064d63,350.900000,10
8,eb92617ddd89b3d72b2f5ea27eecea74b4edaef47470a71dc0f6d9a36728d093,621.300000,10
8,6e0005dfcb659bb27a5b6b31f6f6317fc00762024c75ac215012fec40a0508f8,550.300000,10
8,03ecabfaefe5686a7a275fc1a37fb63b9d8fd94e5bf933e16f1c355f9600f63d,592.800000,10
8,bb15d1adb49b214987154fe4dc2f091bd71d8a490405430a42d788a135b53b5d,306.900000,10
8,0dc81b81a205ce9bb80428d781e4bf1fa2c6a032d82e93ed3961522805a22430,247.000000,10
8,e3840982025c6f5b70cc654c30152df7c013f9ffe0c9a99c84dfd50fd69149e7,449.700000,10
8,09b871cdcebd72dfc53c2656a61508c383d9967943a0d5c660058afa89d18ee6,355.700000,10
8,04a18c0b932dbeec4806b68d2db1256dc123ce62fecf9827a6d4c9de3a5b397e,553.500000,10
8,25f0f3259b4341b823f47a42cce5261d704fd18d660906821a4e9836a43785ba,573.600000,10
8,1711d8b5699b7f38423174dc38a8ca6ca86b8f949ea497590b9820686be0c52e,659.200000,10
8,01cb9368d03d3b6039b05d6517e0dec7af8ff06c1bf204ef060c64463b2aad7c,538.500000,10
8,736264162af267aa01fa49f470c2197d48e853fe5903f3630fcccaacf7806081,347.100000,10
8,a12a7c872d4b715b3535819bee6b98816d25d3ccaa81a8c2ba3b2079bf44c734,572.100000,10
8,1913dfb98578b28e90581a6c413d12d7e9615b4995032b0fd1c862f5ea90900a,344.100000,10
8,85b68084a6c459aa799605f5b643af62168d7017d6f16c4f0605471ddf378506,538.100000,10
8,b2c679bbfd0fc5d4a1301ec201cd22dc4d836e015c18edca92e6a7039a0d4d8f,583.200000,10
8,40654043e2cbdd4d7c3d947daef6cf3f84cbc6c5f451ca9006c47e33fad1b566,391.200000,10
8,e22e0d4efde361256d161deef4483f3ed2ad15948553512328716d2077ac96ef,626.700000,10
8,34667e8ec5893f25b27c95a0039eed5697e8c199834026fd050f95de41ae0ac4,535.700000,10
8,0380427f7e862df252800b572797496f7ee1b88a7ca6d6f482f4528031446a88,393.400000,10
8,a69448a8a8f23b9db7fb6bfdabf06d9ce881861d94a70b9928aa88e6d04d4531,547.700000,10
8,032a892351aeda702fcf1017c76e3532a409b8d1013144ec32547a3d088d1586,241.700000,10
8,2adc83b8db068cbd891489caed0c34fd9c119431d585bd6dd3bc5d4e842d0957,613.200000,10
8,af6a637df094d881b0bc464d676d7c4152a0d9475594926468cae42b681f793d,896.600000,10
8,db189e1d9a07756837727d378e3be5055695ba8933b5186c6618a1dea2fe3a70,626.600000,10
8,d4cd85de39bd60314721b2b615ecc1d95a5fb4643c68dce52179810ac13aa474,582.200000,10
8,6f26a28c82754440c76d3c8577607a2d5b1920c8c2807c03550caade772432be,673.600000,10
8,e5054a4d2aac757d5da58719b0aaddaf69a11227868160448881fc03c46463c7,564.600000,10
8,bdd9a4d975bb408f7792b8d42e9574a351bf5849e31f914beecfb31a6b19a178,276.800000,10
8,40de8f36f4e27369867f150025c0d2c5a4e32bf7abc784db0b67fc245e47d180,272.100000,10
8,29f00ad04fd7b10a451d25edf5c64b863cb93920da789a8c44f7d79f410ab331,824.000000,10
8,941242fb8279647e8cd426e39c6f6c9f46ddcfb3d7482b5a6b5ec0b1701a111f,702.000000,10
8,488de62aa9307865ee663c3fd405a630cc8f28ea8560c22ed1bf30ec62dc8690,430.600000,10
8,48fd885441218478422751fbcb5c8881a03d792b9895538b591b18d346d5771a,618.700000,10
8,d4fafc2ae3b745a51973733d64da1ab4d7564e8c15e432caa27b488c20bf3ea4,417.700000,10
8,b260daf5f617e0d693eebe4ab4b6e226356ab0e6113c4d806a373cd50292e52f,337.700000,10
8,c1a53a2be8776d29c5fd40358f072aa8435e9969b75ba976d0ac39acbe6dffe0,450.200000,10
8,ea39f9051132b2b655ddd523faa420f378276a7a3356cdab1c7f14b72a5f2622,419.200000,10
8,5052176f185ae5251326f8662d29b37cf6e53db09607e399623cee922a97968c,284.600000,10
8,b0853dcd158d0fba9a81169e3a42343b977da371abd4adbbea30a6e6220e66a4,558.800000,10
8,8d191bcecea6124dbfcb6c2ab3538bf6ad2d695d35f34229f164f17cb3b34823,799.800000,10
8,45b2ed9c4341f35f56f6a88b3a2d0a285559df4bd7c4341aeacf897462bcbf98,720.800000,10
8,ab61d52c5418d3a491c75eb1d8fcd42ed32cecf944e024afe4e1db9a9082c238,441.800000,10
8,ec3a2618676a19b472a32c5fc5646ddd9500b62988a02c4937cd7788ba4d4abf,385.200000,10
8,1260e17440d53be07b106747a4f25dd80d88ddb06833847a1dde1d036a058a5b,527.300000,10
8,a91b3089922c46ecdf216b7de82d4303e98ca99b06c4c9faba935b4ce7a31d98,283.600000,10
8,da39a0f5534914e9baa24a9abe6e1737a8a88b9ef99a46028fda2d89d72d297e,590.000000,10
8,cda30cae15fa4f34d603a754f0d035527cf1f64f0fdbd5747b4e2ed71e33422c,218.300000,10
8,d69536974fb9f7173698b8c2f80f68c4d8d7c9f15e49360bf3565f5ef323be20,630.400000,10
8,cf07763d3402ac4f6ca3333880d1ec9ee22448a39af757cbb34be2d9d165bdce,617.800000,10
8,557716416627d71a432b108ac82663f9b32eae2f0924200792cf19e6d259ce9c,302.400000,10
8,b61faccb93f7c17444beb114afc6610de20afc76812a7a579dbcebe96297f6c2,369.200000,10
8,1f6437a78af31aabe06a9f8e525d7d2b1467c509ff5bdd888cbb66ce95098bb4,377.300000,10
8,3c423132e0f9aee2fb155caf0bbcb386f748a59b931ee5b11aa698b98787f3a7,528.000000,10
8,3b223287307c510ff43fe42092e681575f51e419a61bf3a5fe231c1414cebc32,664.200000,10
8,9759660d5955b274427f25ef04a2902d60922c8436d936a3b22bfcbd2e239ba9,410.300000,10
8,8734c849378dd7221cef2d9595c746c776f59ec55863976564d5368b6fbc4fbf,550.700000,10
8,cbe5b938e5bc833cbb62651e2fb725ad42ec3e26ada3e33344b9130a859f3a49,307.300000,10
8,7b71ee31979b44a9f564db57541d4492f681590b7d71b8f7ea789c47a03c555b,388.400000,10
8,50a2688e7e5188abfab820fba99acee699171599852db43692931216bc998a01,557.200000,10
8,39942987951e9ff3a49a4ad43dd7fc4b35048247058cb206177c55027a0d7053,659.500000,10
8,0824ffbee571d5547ae8e397b9c8eb3b4b0fbd6ff1fc8bc05bbcfcd56b0c9a1b,311.000000,10
8,abd633f43ca4db3f8b8384efd957ae810e7a09407e8add4e57d2607e7c9c02fe,585.900000,10
8,c7c2d85d0b7fdedbce38bde166331a742e006b96af68f1e0b39a14494229d31a,426.900000,10
8,c0f15d7247a037c7195792c9d4c478e777814fde394cbdb97f142f622fb32741,313.900000,10
8,6337a8d01352b036d2efba33fe3c21130b7f89e3c788663355f785420db94c05,520.300000,10
8,18a5a75539d76c53d0517becbf593efbe396d33c81e5bfb8921010248b665c97,477.800000,10
8,99d25da37f8abe0339c1e21fdeca0fb8dfa69a0208613e33b754ced240f2d7c3,376.200000,10
8,3d12ba72cac6474b4717649915c6b17c4715c55a3e4969732063ca6969da4d15,304.000000,10
8,61dd94dd7db31e81a13fedbab78dd2baff4fd34116001fe9bf366e5da267ae25,510.000000,10
8,60c73bcd696d33b3698d70b85f9a51af67bcf7f51c31c33c5a5e14ca917b3064,675.800000,10
8,0437a092336cc9141c1c60a43f4daf89b42ae203740f717dc02bc1a59530dfce,588.100000,10
8,9ec81915fbfa570867f15690e589f061174358e6d7d293c8856897e40907abce,716.100000,10
8,cf4d2059dcc3bbbc19399b47ea23be96ae4c33097acf92be36cf762a2709d6ac,438.100000,10
8,93f629dd04d0c40f1996ea9278b77a444a410e96a9cd118d8396977d80da49b5,530.600000,10
8,78cffa55b9b6987275a183bc62815aa731ba93329222a4f3adbc14e8a43b5579,570.500000,10
8,843c7d1d71dc31135e4acff167b0474cb7a2312a358e3f27b67569e0b8d3b3d9,531.300000,10
8,2e4e9c76e170c5f0040b011719c02a28c90f087c2c9b087860c0b8277dc3179e,372.200000,10
8,023ab632b41076454287a25f34b0828bbd4b6c05a9ff759ada5b210c56158377,682.200000,10
8,ed4c0ea70794f4fc546545618c19cbaa58a07feed4bf327931a4f92567a1b2aa,459.200000,10
8,b05f5fb981e2236508716690a902f6c638ba425db8069df779c375fb3d747227,524.200000,10
8,fab2d93857ccd129f175fd0971a568fad7b21f64e9b636fb0f005da8f792144b,664.500000,10
8,8814ce8d60fa680c0d6ac484925e1ed236300141bad6ea5ca47ed745601ad6bc,293.700000,10
8,9337d16d748a7e9ead2fa26a6d7e3b104fe3ba20161447ca451d4fc06d6e1720,318.900000,10
8,03ef52cc1703383e8b18351e09ea40d59ce9ae5b9544514661668c1d6115017f,544.300000,10
8,5c40f7871d0a32d8fa7c77a3ed63136ddf4c7b5544b799da2c4f9c23024a4b58,575.100000,10
8,db1fc5e4940f63113b62a3a2460c39960b197b73ac94380b792ef945b9639acb,470.600000,10
8,de389b28e0f0e4ca867a111703581f7308f7c8591fbf212d53ede9afb5a6c0fc,344.600000,10
8,42d869f8c345cec339380dce52e4fc9dc8012341b180bf221b542a24747032c6,419.400000,10
8,32c8f9230fd570f930d35487c37c03cacd6f925e03df78172faf2518e0bd6cc7,667.900000,10
8,dfe39b5a762b9b4895a5668803663450de6c47b68b4cf2ac1330cfc0c42d86b7,539.100000,10
8,ebe0fc5c940b7ab6b9291be747b175eef6af2f28c5263e953b442fb2ad26a180,699.600000,10
8,5bc492b653dc41e63ef4c2c854477091c23b6d534ac5bf9b5babce981acfc41d,510.600000,10
8,e53c350cfadf3d73c211daf86510f7a39011f9f7bd58609708f6327d3e09e7b9,382.600000,10
8,2fa6e187cd3148e1ff0bf133eb6ec59cc50bc33a71be53955028fe30a2d80206,351.600000,10
8,5992993109ffb6820a5529ac76eaddccdd2123eb11ce7d76114e4f747891066b,677.600000,10
8,b6434dfc16d58b3927a53f0aee28f877a89f0a6dda3aa3cc6a18f8d8eb476d34,656.600000,10
8,cf70a961f944c7d3b85db6e202b78f7a5745106ea190ebdceff3761a4edc72bc,560.300000,10
8,c28cf6d76ccd3592d3f672934e492a4330afa7fab7b472611723074e21407abd,651.300000,10
8,8294d605e09f11d8d62987fcd824979c484c2ca0718438a07b37c7d8cb6fb25e,448.400000,10
8,5f18482daa96d42c40467d5c4f6bbc86853681977fff99d992b996418b4810c6,332.400000,10
8,2b562af37bc49edd0b1f000a668344aa4a5cb6efb1abb8c711328e5e3de62a64,494.100000,10
8,93646e031e4c1f9427bd3d8dc1889233952431eb36e8002590c3af91b3d56366,550.200000,10
8,a3acf584fe2ea5e1778f087ec13208b0a48ac6b44f66b9f18c4ebc422465ecf2,429.200000,10
8,19f0cd2132370dfc13d2d37c3711b1658d71951fe569ea665db9fcb66a5257d9,302.300000,10
8,a19a66d6f7ec204b9e910d3abb132cf931e526015c9b3891730758adab4a1a3e,635.500000,10
8,b45f9a967a8c0dcba8774bbbd2f4381d7391a904afa5777ce9d6938b927ba80a,657.000000,10
8,c0315b8b9d5caf32e55fb512b226c81048cf93f37ce7ab457b7676cb658f3c0f,454.000000,10
8,5d01aaa47b134d9a0e5fe5ea9aa65f0a90dcf1adc369062170869e3391628161,623.500000,10
8,b51188509937a803dc0e5a006cb7c398ea94c51e3c8b47e13222b248505fa986,403.900000,10
8,2e22763fb9b2a3b219fd5806f1b39a7a37742d110207255b78f29e20124fbe36,297.800000,10
8,0df9381d0182d6ac5cc3a1262bee1f428f8df6e1858c6bb62bc3090366a8159c,613.500000,10
8,b23225a3a895e6ed77ab63b725f397e4905a20c457f51b4ac80eddf311773750,599.500000,10
8,668c448ae6aa011742b709de97852103daab5a07fab9da4b07c0f731c031ac77,552.500000,10
8,12c407fa5be72b104d629ff418ac910ba0f7ca0393cc3293af141788b463bade,544.300000,10
8,ce564d336f3aef03bea25f3183fa5ee9d2651052f7a975a85db141be6d775fa8,634.100000,10
8,bb0ae0a6a8f100bcfe6c69e02834a193c59dce4a51feab31062d81e1de9531b0,580.100000,10
8,568f656db48f0c79f02e459cb0d5deaed1da043fb71f6a04c098b57feb17f9b6,521.200000,10
8,7163306b7877deedcff625a0e557052cb30dff409299f9b05c19dc253bc267e6,479.200000,10
8,5de9e6a48b71629e581785366942c18aadd7489150204ec93c555a8a77dd6eb1,335.500000,10
8,3c28618fd41da7dcdadb0a8136d55f2d8052a08d83bd2cd82f50985a6e752c41,662.500000,10
8,2e8106c1b7760617a3b0ed2cf140e650afc0ce4c4aa05903fa3e5431799dd537,615.000000,10
8,e56f163f1adacaaeafeaf9fc8ea069af79221a4999144a96bc22a1c4a11206e7,488.000000,10
8,82537edb56900f61837e6b4861149c50d38a937208ca77af1cc444ea7ab62ea4,528.800000,10
8,29f3e5fd0945ff085b8190891971fba2b55e2624b3cc99f9a0b86f4d16901f6c,735.500000,10
8,954a45471c094ea72d0aece9ca1dfe7117822e4f7ff4f5516da4e24cd7b2a620,776.600000,10
8,20dc8d2683bb0d869d55eb6b3c765115885ff10fedb9fb474b5dd4228cc6532c,725.600000,10
8,81da43e37007f9d18d6cb7138bb3bf6b9bb283b7ebb59ba68f100a40338beeb8,787.900000,10
8,ffab2778a1d25be6aa19fd1a0077fb76cc183dc0bf235f87473cdff069b29b79,490.600000,10
8,63dd536c145b3fddbc835cd4ec42d74dc5cab7c06f457ed9c66ca717cf3288dc,439.600000,10
8,a0fd6e69bceaac4d0c1deaa0c02bff6d7e58a3e01943ee3cd9abe06a324c439a,650.800000,10
8,633d3621979d11bc71dfe3cadca4517739c1514dbcb70b47673c7e45084bb125,412.800000,10
8,e0f33e021d7167d02a3b8ce6b647dfc9f40db303a6e8b8b551a6a6a809e924a6,570.700000,10
8,c3f370db151d679fce96d0e00926f60ad29cfee36f5c9d958b8c32e029a3f30e,566.700000,10
8,d8e633d3b2a6ea58839a8166b6fbb0da1452e5134936d758269836c7574b480c,540.500000,10
8,d8be973fc9d3fabaece6d6252cde1cdd1e446b26e37a9af004bd47d0e19b8dc0,655.500000,10
8,070357b36c156bcecfb6b5fb5ac06bd3deafe662689ed97e233b552f996302e8,448.500000,10
8,5a6e86c523a6975287bec0f3b18cd3656129f9d82e3ffbe5ecaa27104eabcb81,576.100000,10
8,7f3d705c8943af23368d17d62b44917286394018989b64b3b7b6d60956f46990,529.100000,10
8,fb79236b29c4840af07bba27841d5b637d173a6e01774de1afacb1ec893a27f0,355.200000,10
8,52e759945c64fe4d8a09a324e5916c6def8e1d587a9cbf1e5758f180fa96cc77,398.300000,10
8,1b803103e7afa2db6370e70e118f822cc664b7a9ac5eee989d7dcd1034f7c7ef,631.200000,10
8,41306dfb1089d38c83fe5f6f2b7ba83c4dfc76a70aefe95313751aff1c493001,654.300000,10
8,dcc2289bf3e5147fd0f5c88aaec06e83d92285a03da6fb005ae7ea14f25c6fea,652.100000,10
8,caa2cc553b3f3dc66ac5901358e6fdf7760fd0328e4e9678fc780e56e5f6d0d9,636.100000,10
8,0f7b71e3c83cbe67a18a7522584778bfcaa2fddb70b8f9f950a697c6db080a2d,480.600000,10
8,eaeae11f725ef8139d9286d9ac29993097c92cbe3c329e262541e9fbdb22e62b,474.600000,10
8,86e6055770721e9a5b0652afa379fc9df64e8729592bbbd69545352840047440,552.400000,10
8,c78425973255422fc40def7aee6ea26cc19498d15a746ff1a97773ddaad34ec0,466.700000,10
8,e2fa5f5293df0232a535f4541331588188e130207a4e703987dacf8381723ca3,300.600000,10
8,669097ecf277b491123fa14e4e0713d91f3fbb3878076ed434f0bbb16ea61c2b,360.700000,10
8,497e6c683b12dab2a22a413138d4ce29c587fa8bb6a5d7a3b7521596012e94cb,276.800000,10
8,c8b12f548d8d5b62357c1f68323c9339d0e5ed55061f4ecd487b597eac01767b,513.300000,10
8,8a3d6a269ba72192da27d3f5522f2002c4ce71722e0992e0d3a50f63523113ec,572.600000,10
8,844864fe67ef7b1ed142a962eb1c5e0226697d2a10587b26850bf494a2aa18af,523.800000,10
8,7780d6ba3496a8e71515ad81e73083775f2e461b9d284d6010eb1af1323be197,655.900000,10
8,dec350eba021958cccdfe3d63e22eeeb53458aadb34fcde2f868c8ac7e785d48,679.000000,10
8,2d69f66ac828c46e10826b50a083c420e3c2bb49e6c3cc51a2ff70902c8ea47a,355.000000,10
8,d48819fcec2c11c6118b3e10e4a2bae140e95bb343b5d51aedf99dfc2f68632e,281.900000,10
8,e272ec53305f04ed934265c1d113ba0668304c19d986d2463af76db6fda37869,408.600000,10
8,b82025d2ddda5e3e0973bab5f6ad95b4abbc4fe41cac3363819c35272af5a7ba,285.600000,10
8,79e216b86b62019cae23de33bf568e817af330259689e1a6c47ba76679d4b813,491.000000,10
8,dc37a9c8b468bfc13586d1c2fd5ebdc330128c6a8f51e3da287c0be90a1f43bd,493.600000,10
8,4562bdc91d08deeca0541949d9c3115768bf12b987544110f1b08ac11f7b0b40,471.600000,10
8,c3271f303ac57e1dc25160229c3d9d7f044d9a0a007c81dc946cc05f27049e31,558.300000,10
8,d0ecf46f5c3a36efd212ebfcf4a23003914c8bdb034f4cb94afea071622e87fd,558.000000,10
8,775c8bb4ddf148c16af7ff247c5643bccb5d8e5dabc82c590089374a667147d3,366.100000,10
8,2e9fd0b5d48a3055a4975f4fdcde6a8ab8fcaf5c429312752483c6751deb0172,359.100000,10
8,aae26937b209f467ca923399df9949d94e65bfe71ecd4223561d138b55cb5a6f,490.000000,10
8,4c7af41464a069318dcc266bb2fafee44389d2a44255484ed3282663ae8b4d51,512.900000,10
8,0016134dec5c06f0144d65c9fb2c287fde28acff547cd14f39a80da01439a6b0,681.500000,10
8,3255bb98ec394a2f1ff4461ef6026d60c4559e5d913d634de01196702d5380b1,415.500000,10
8,413c44b16ff6294a3a867ba03e2efd4f7dd734155752570432532ada02f9aead,552.300000,10
8,c21b10c0a2650441d3eb5a97e956818f7c8a47064882e76d19b9508bd0399944,548.400000,10
8,8a1262a872b21ce3ab03087505edf8f6171c3f29eff5c7442bf3ee05e7cd19e7,503.800000,10
8,ece4ea9fdb3d5259a27e83837c5d7cdfe3a4692196690c604c70d2b522d2ec1c,428.800000,10
8,d4d590ff09eb153e4268619a42975ee7e4ab05d630f12059a7211952664ae60a,353.800000,10
8,710255a8a5ae45f49fb29045d9630ef9f49e005d3e256167bb46fab6aa747d51,645.700000,10
8,656b0c3b67adc39f9d038a69cdfd67e4bed50c305fc7f6893a8fc931ea9043fd,595.700000,10
8,dc6f01f9fb8ad8b4fb36a318efc22c84a10c6d7458be6652c6da8185a0293ad8,343.700000,10
8,31a497e6dd51bb80ae0bef2d769d2cfd00024f86dc27f8dfa51cf8477c3cabc0,527.900000,10
8,88ee76e7e84d86229fc5c94318e2719a8e636c4499432ca6119d7c90bddd36ce,516.600000,10
8,9946affed6cb53a760308c5c4384fc72ceec0d74b3a5f5bac9cadc1e766c3290,717.600000,10
8,03c3ad008f43cc941eeb5cf902348501a75911424a0f1d4ac970e3c1645a7bff,686.500000,10
8,bbf0125904fd6746e84a62fb15bfbbc08f5878578a729900d971c9f7326ab9f6,682.500000,10
8,b160bb2f5e0eb79826ce81e0d323190b18b9a460343bda703418285084994a97,636.400000,10
8,dd40e791dbda921e4339f496dcee1dbf1d57a4d1a9ae52cf7daffb65fccbbffe,410.200000,10
8,c6187056bd2f4533e7a6d2194feefd201d91efc0c997109117e1e90224c802e1,484.900000,10
8,9e55c41f132a6bd47e90e045b1f50540c3187a1de1df2b8a670ffc8abff9783e,370.600000,10
8,ad397e75266e868d905daf7f847143d38c5f316caceab107c3f7c6e176369cef,368.900000,10
8,efacee7969c70cf9f0c09183120b8b24f0d681b93074e01e6080d0b713f2bb4a,460.500000,10
8,c7b37c21de0b68911db4715b161dcab3aede85bf56443d3108f8fe7cb5f37bf3,362.500000,10
8,43bc964abab6eab7a16ab6fb519413dca93ef1ee0fb640d170d97480c52da8c6,401.400000,10
8,3cf0235eea3349543ebdc124f8d5f13a4dcbff5a4ec0d1d5179d17691a3a30e2,429.300000,10
8,eb2d7e650db94823a67165c0e414e37242d454d6f951909a2de9b50cc7ce852c,536.500000,10
8,cd69cec2fa27ecbb7a27814f151d5fa8e49869044fc9cb76cf26dc5f1f00ecd0,389.900000,10
8,c6833928a4f1a97c37c76d8da977ff483dd90640e9d049564c458b765b7af699,397.300000,10
8,68dfc24256b052c940903539ba6d56aa520e70cbf8b60c4b5cd2f752748e86c2,271.300000,10
8,28abe66c37a9cf91acd93f99f825033304331f00c1842aacf7ba069ed9b48e0f,233.300000,10
8,bca35def8c9ee2941c670de8134e69fc0fe7ede9da228c8d3d898bb04bd34024,503.700000,10
8,2d598dc350569bc38bd3d59cc58a84d14f3c38ff794bf79e2fbbe9ada75300c9,427.900000,10
8,ff0fa4975e52efba8749e123fb3a10e136c227211b5de699dc52118ea0f26d2a,402.300000,10
8,f425e17d64cd9369629a0026ea78a52a682c79afeb9c326e72e090ab4e7c72ed,470.000000,10
8,2555a897b58d0675678b7d71908b145971bdb0ccb8da19daca024540efa36889,422.600000,10
8,edb3e8ba4c98d613cabc0c80fe3f3deca2837d7b742a2931f35759fbbc82ebdf,644.700000,10
8,74a4dbec9029e0ffca20ba609ab54750087c0485ef888a872c2a4f1aec402ac9,337.700000,10
8,3056841945de152e9e4d98a3418c1d11c242ccd825f96a20fdfdafec0b183bcc,312.300000,10
8,e36f9272c74a39dc67b10842b39083e645f3cd081454fbafbe007833b16f25a9,538.000000,10
8,a05182d1d79f7bd626abdc499ff2b0340b424edbe325c770a01dd1b6bf9346b2,616.000000,10
8,87f061430bbc70f3624950592c5b7daf72a6bef2dbfca58f71eb6067fbff9a38,324.100000,10
8,0b3415bb5b56dc3e6d0387f920a136fdf9e3713cafe77d307b6f8d5984a52fa4,429.200000,10
8,ea7f396700a36c695a23dc65a54eb4f95bab66c62c174314657c1260736d5fa1,375.000000,10
8,d5a14a6308d31e9bf2ba49cfec761e261063c725d79525f9f8504bb2a1be0d80,443.000000,10
8,aee4cc30dd355231d79a98b6ab6f8b78352d0947080c8411629b3226e9c7c3d5,241.000000,10
8,8e0e99584c36046acbac0ed479e13cdf416404346fa61b20a7ecb0f4d701435a,347.100000,10
8,f568a6239b80ced0724e0c3205cc9c331e342b7f2ad03d6e032b450bcf229e1c,379.600000,10
8,94aa855f701ada3216955e0f0c1e135b936a401678d889c1d7c61248ac69604c,534.600000,10
8,e17fa55347366515ff02fb2c98cef207c73dd3b1ad2c2fef28a0d033477cb0f6,488.200000,10
8,85735e46a6a3bce25f600fce7ef031e29a9eeac0b6c330e8ec04101c56a6cd89,342.200000,10
8,454d8172348840a4d53bea3c1898c10c55baca892fd29464dec9e7776f586f03,368.500000,10
8,df4096f8c2cdbda31e194206c6a23092c8832d02e7b763426b1573f0174fedf0,558.000000,10
8,7eac12b20f634af7275af2f4bf6a2279bbe873a244d62f585109fd0fa5e92f54,522.100000,10
8,4b1e1d23beadad40993ad9c564fa21f7b72282683f7ded0d5776c69202f02da0,554.900000,10
8,d5aa72971d90ecd505299f84ed84a21a6f14d0481089a45a02134635717fa8a0,634.800000,10
8,ea74d05b5dd3d7f226a9d756c1223d6b1b510d5e3b685caf64a7c1e5420cb060,527.800000,10
8,bdeef545c11b5abde752286b33d61cb32f4fc20b9a0bd1aaf4090b95444de89b,671.000000,10
8,23e419989f2a02bc0e2e993f0ea89f7ad4ab0c8ed9eee5b147fddcb8a6b250c8,750.300000,10
8,219799fc88ece8bc32cb793fdf197255027fd12a535daa496d8442820540dd3a,670.100000,10
8,b1472b78792ecbf8ff316154e9ff17b4137f66dfc8582a26bf93fd466565deb2,545.400000,10
8,0494b0804b5e10459e778e0acad12f359ee608fc0c3f4208f9aa12ecd1351ed4,664.200000,10
8,adbb9418b0a34737f2ce00209111431bf6bdc72625c63ace3886fbd67842e9da,601.700000,10
8,962f8846d84f03db31a1e341c0310344153ccf9d046dd5590c8b8d74c0f3afdf,763.900000,10
8,b2bc7cbb11ac0b440f00d3ad6636abc9af4a753e89f5945ff7d7fb0c4eaaba33,851.000000,10
8,03baaef2af69bd7a4cf716217cb579eefe2b1998578536ae7b2d4a69b915191c,462.100000,10
8,01ab1ebe9a4338dbf31b45f9a66017c93b7786c84ca89b73e9684bf7fa329124,494.200000,10
8,1c48c34d9a98e1cfa4d4993d8423c9b45218c95423f9bc90ccc6e3d696c7c484,582.700000,10
8,26ea9835c42b89507958916142c58f7df89766ffa7f7bd435d9100c225f070ae,461.600000,10
8,ad83ee42208f79ca32cdb3c2b811f304e307206cc52a5f5a4cc80c2b63bea810,421.900000,10
8,687f2dca3ceef2f14f20f7d6be54e8c75b9a8863edcac121d956c662283a1397,498.900000,10
8,f3ac4f2e7064757b1f66c8202d1d16b1f4da6a35007acaf5e824abef4d95824c,374.800000,10
8,8f73ee8c78de96defad75d20511b73fa4ed63e184412260a1db3f43938be5594,629.200000,10
8,c916ddcb0eab104103844bec800e577ddd3d8eec88f8e4e428f9e4ee4e4df474,496.200000,10
8,3894a6ee9ac9d17916f445f1af259da08a29e9e56d2b8d057bff0c18ab361fd2,308.200000,10
8,fa8c03b0162cc3b0db3f96a258f90a512fdd1ef5528238b82353dd072d7f897b,493.500000,10
8,b64ba8fea97b9037f0918982ba7c8e34b0baac1f9bfec815e811e9a38787e4df,531.200000,10
8,74b0d52432ae0e998c9b8f1edd29b311378c706a5e79fa157b59670094f99ee4,365.200000,10
8,22eddb9482fb9fac205a0b4cc414080ab978b752ef06611fb22afaf1a14f52fe,389.300000,10
8,35c8caca0ead9e7db995537dea54fc15578316ef23d16bc6395cdc6d699315db,371.200000,10
8,467fd9ebc97608290760a58391a625eb67e2d43eb59f7ba1d893f2f1530fe821,658.100000,10
8,531862005f9071d8ffeec1de51f894f390b2d2022dacea98ba8e0f9cc951e4ee,297.100000,10
8,1a36bee6b43808eaade05aa3be8397edeecabe5cf1710ca9eb7202e6d723f2be,596.400000,10
8,c05392944fb31549f39c661fb47169399685150009ca7d016ae0be23b65350f3,520.900000,10
8,129f41402c266b23c14753703c6ed81a89d88ce0cf510224624e6138756e1eda,306.900000,10
8,3c5fb93d17686e1e436f7bf5502c9fdbc706fc2ffa2d03b2714e0e09c2edbb08,636.900000,10
8,3482dc41532831c143ac10d5d597cbc4025102545497908e6cd4d3065a103a3a,520.900000,10
8,f2353ae18e98d9c97c37b700ade717e416833a7516a195730f6c66637043104f,585.900000,10
8,a6e297707495fd52038c09dacc93ac2fdc1d3aa2638cfca4295dccab9b4ba10c,427.600000,10
8,e8ba8bb677e86713d8ddb905e2221488093c5a39902c2194962f0c56c91105a3,560.700000,10
8,ac85054ecfe8c932dabb6c33b5a0ef74a5ea47733ec3963d26a9490563f2ee79,646.900000,10
8,4f951ed0df7939592f1b2f052b562718d402bac991f98f257b21865b449ad85d,581.900000,10
8,24798180914db43b48ca86269aab9fa93e655bd4812c5c37d47f6919e2f76355,572.500000,10
8,0bdefb455e445bcebbee62ca4fb6dfda37706395dc654a93828a60cc64966c77,498.400000,10
8,ebf77570d746b6b1a736cd2e2bd2725a1f14d2076ca698cc1f2dec539df67dcf,347.300000,10
8,7120e3d4d36646a1d8817324d5935293ee5cf14e8842305820996f22c9c79176,443.800000,10
8,b250e044be6229d99101b9681258b3e1fe530d3cf45b16439d4feb44674eb8df,630.800000,10
8,08b60953224a7a4ee3d0f9c347fa0962dd599d512934adb8ac94370bf4ced3c0,529.900000,10
8,d27ad399c53c428f9efa82b07dc6ec0754255546336dcc47d2c9542a8e441357,444.000000,10
8,bc492b1c81987aa43261236a053bdf7452468c5aa856412c18698de52fda8da9,669.400000,10
8,4597d15915d329d62b2c6349beab2babada9a18328cdeeda00c9ae9c4425fc81,497.000000,10
8,57da8678d11bd3867249b096bf1a7534d2d92e81859df7dcbdac87470ad8f193,799.800000,10
8,187328ac315a80cfed6ec6db5464f748de1c73c78e3b5ae48ecf5a43a9223014,604.800000,10
8,d60aa91cfea249fb498715f726b48087b248153615f6e6a790f957b9090836dd,275.500000,10
8,9ef0abfb7b904d0292d91e417bb12aeb5f0596e82817f5f8f92be3ee4fe4fe90,539.400000,10
8,35a528371253998dbbef1bce55c89f51561b8fb9e406ef529bcf1c0d6733aef9,558.400000,10
8,10be070ce66d740d19a37a32ddac7ffcb8c0f279fe6e5c9ae9548258f873d526,724.600000,10
8,f00ca02c2cddc422704d3d47e3e82ec1d9a89a47cd12b86f1313e273e8ca90d7,504.600000,10
8,7674db231bd6350df5b6a5bd01bb5a3cfd8a1518f8e22b4cae59318097e58505,477.600000,10
8,5cf27fd5134a5c5c26ea32194385d2736693eaefffcbed0d36e4a1e529084d9b,601.000000,10
8,ebdfed646076f05a9a7e46cdb1775475607b8ec8493d9a026b9b11a45823cbd0,492.000000,10
8,1252a1ae915276af67442e2e4e53d34f0dbb4612fe784d23c2bb499834e54fc0,613.800000,10
8,76d9884eacee0f7984da962f24cf299cef55fba371b9777846580e6709f4638f,267.500000,10
8,968a1d7779f3edb1cc97008fb22c1b8e19fe0ba77676340dd4bde8887340aef2,311.200000,10
8,fdfdeaec7175a36a11085c762bb7dd35c44e404c2465c9fdf591e5aea3b29d1b,437.700000,10
8,40fb813adca39387ee4d7e4554211a0a8ccdc84377b061b2e17696a5122bd988,567.000000,10
8,2c21be34049e9a8a513c226d5e4b024f3962580715a37899aaccffd60d92ccda,345.600000,10
8,2f773210039276dca5efd4ede0aea06c5eaf1670fb8d776320e29ed6417a6693,421.000000,10
8,6b0638165a95205fd22a577561e1488d70cc624cc00eae47c38ccdd763eaf066,625.400000,10
8,070776f06caeb151f51ef501ac065e3d02b5e7e9d8949fe4f8c843e6e2cbe79a,591.100000,10
8,1bd0b5ff4e139c575444a962030dff63cb803f9b4e73ee31b495566eced1ad9c,471.700000,10
8,ede9cf0811bdc0c8638d28fb89e7b85c92069c17c1d07d273bf05f86b5c4a22a,301.700000,10
8,827d8ffeba42747a27f4cd448d6218a5d6916d6383d06bd636b81e52c1ee1660,494.500000,10
8,bc55ac5e34474cef491b49f0bdd51db122c8166793a68fb80a87afcb3b603e2f,491.700000,10
8,96a8e5870460694e95c636b1acee8c7eb8985898fe43dba1631aad5eadbb61f5,540.500000,10
8,0c0177c65d5a085b0752f85f12919f76741dd37620b37e65101b7ef0cc08166d,325.100000,10
8,9f0117472f17d884617fbd361bd19d854b8b1eecdb0cb35cb786417d9592e621,404.900000,10
8,cce93620ea7dbd599d47a2ec8c82114d5aa9e2802ddec319772e1b4fc18a9e54,480.700000,10
8,83bc63e85198e2821fd3bb7fff8be3b9058d79972d84db1825e6810d8ab14bc5,266.700000,10
8,c30271e9b754994fdce5c7d2e0bc26085ac43504feba07f79b4fcb1155c1ebbd,665.800000,10
8,d9d6be271ef2c0223053578f19d044bf1510e380de76fa06b845622125146491,489.800000,10
8,e6e644e4f1496ef63210d3df1ac3b4c0ddf350a13b90da11d3d47b4faba659b3,480.000000,10
8,0f8d1109b8fd99496cb1af4a56120c3d3d44f30956e93a484e5fb119743c3be4,520.600000,10
8,dd749b5d743eb739a0bba5f461e0e840aaab93cff031ad17b2a460cc019eb1cb,520.500000,10
8,db32491d1a9b07b704a98f9b2ad2ecefcbb8e5e344c723774b4f3cf33f6b714e,287.300000,10
8,d3d441172b7c80b73583761f180a9a52ad7f11bee5f185a96eec49279425c780,711.900000,10
8,8f5ca0c5b591c46e078ac2135cf1097df95a7e40d0daf47ab184e94d5d105112,634.100000,10
8,3ff322d87cde44c9419aca08d9f59856b8522944c5c93cb3a03db5ce8c539e0c,507.700000,10
8,dbe83412456925edaca51c261ac6b932a180f02168fef84696cfd9d569ed80d0,511.900000,10
8,055a9b03a348d14cd193e2d0bdb366adb468f16008dc9587dcbc89cf702c29a0,292.200000,10
8,3dea3310c7dc45c9d05d62143576a3bd3c03c8ddf7db60b7f64e6f4b999bb5e5,270.200000,10
8,b68ac2eac96b06799fe220864740feb1aee623260114d0d9aef54f0391e38b46,553.100000,10
8,39d79292ae84f4764519a40c51a9a1a98f105bfad0b0add779e64cc1acd34ae5,541.100000,10
8,cead815011afa71f12cb5f63805df4db75118cbb38239b6ed09b0519a3d90309,326.100000,10
8,4a82eedc99053778be1be22172ac4f8a34b687f3ed8b6235e5c51d3db138ba64,680.400000,10
8,cc3ce33c14006b996c7337f30f0000f946853039c4c4641c51316606a2ae4584,668.700000,10
8,c391a01af9d76e0618d70c7e01ecdaa3d0e476bcf0e5ebaef4d84b186d0b82ae,389.800000,10
8,a63c01c518ea7baa58d9a75c6a9f7e15b1369afe86ef44ba66a12a0522b65514,551.100000,10
8,ae627b4891630fa1a0c18e039303796a53a84e106c47d306c2f8ce2a52a6e50b,250.400000,10
8,cc710ec6e092d5f693d25a45f39774647847932ab5ed1468bcd099c82d74afc6,782.500000,10
8,900106d2d3b37cdf642cc1b2f26747fee453a764de12c9cafaef6cac9d187042,322.800000,10
8,add488a8ba03fa9f9352e1650f0aac2e06a261681fcc4ca98e6392ad5682199d,622.200000,10
8,2cdef5c979d88b13ce19671113b55e0392c90d2f3ff7f8bcb91e7a119744707f,384.800000,10
8,3cfa9dffc9b500362058770643b3bc5c5d8653cf7a11ef890cf6895f800fdb50,399.800000,10
8,d1dea68409f5b40d33367f92577342fb88a6318ca50b23c998c54ec618363d1b,631.200000,10
8,123dfe080b2818929febd733e103f089a9e7f91461605319888621b8ce88d864,457.300000,10
8,9cdbba7f7c4fcada1413c6a03dfd51c75d25c2f03d7b1742a3d8427bd55342a3,420.200000,10
8,785308c007fcc22b215145454091d092443bb5bdc7d5edf085bdec5d8006aecd,646.300000,10
8,71d6b33bfe4d9f4da0b9c6b808947904188b8554ec0899d1c536b676d788d090,634.300000,10
8,a70d6ab7f27e2fda552d06501f4f798fa5739f21b216376e24e772dd8be67ccc,440.300000,10
8,28bb07ace2907956d68b9feca8a7326e296c6d0aab090264c0bf297308df1dfd,576.400000,10
8,6d72b8d0031f7c409966804b6285136aed276024ca18dce3e0d5a52dc9a5970e,646.900000,10
8,1e46f04775080041c5f16ff4bc7a300ffbbc63ad41c92a14ef7c00ee85532fbf,474.600000,10
8,1d112a60f84d27ac8d32b37e275abf68b51090102afe135ae312a5752684dcc7,770.600000,10
8,ee9ba55fbce36cda92973fb16337e85904756d5ae24cc3db025c4a4f1cc456ee,902.300000,10
8,5b9f8f9ed8f62c3961f7828dd262e793b034d8c0de85f7a2aa56ebcbcd38d0a3,705.300000,10
8,0f4887fb2cbd852623bd242e50aaaeae0bd53fb39ed0f457a2f2b135f041065c,715.000000,10
8,5650dc7a209e44db27321f8bb16148fd975f586f0a958cca1432eacfd08e7884,690.000000,10
8,1bddecb5dbdf9a2751339848186659000e47e390d5d0ddc4dcc192182c4fe98c,730.600000,10
8,61a95771b282a954f12edbd79707abe2c828944586c6eea634d14f21013c4854,589.000000,10
8,cfe7edbc2b012a62c6c3ed42d996ee7f352c35caac8e8790cc7c8d2a35094954,672.800000,10
8,7257fe7ef7b14f5ab41ce33800b042a04c4dc03b3b955f06f9f347a4506b3c9d,489.800000,10
8,5a9352d0bb073aa1f45b2e213ebfab11713db35639dc7d28920bcf88ebb8501a,221.300000,10
8,3f28e07c2988dd6c5c2043857408cdf9a30a144d203e1f91f93809fa43d128c4,401.400000,10
8,8d8bc07ad592f3913f01cad78e811c599f9946ff4c47faa5242e80432f9efdbe,629.900000,10
8,feba9fe646d0460a9fbdd8a69cec2cd8f9eb40bef327d8668287b450b806312d,578.400000,10
8,535e810401a113ccabc1c20e596ad2e883c12eeab9cb8b3c13ec286b08745458,270.600000,10
8,e27ae387c5616a5d21c94887fbad09a934176f7672ebcc47c3f84d82f2104581,452.900000,10
8,9303c40d9a6fa975eef35ae91f8df37f7902158e637050110ac5c9deaa3ad8a6,689.700000,10
8,ae51dedf6000b083657b4293869a2b4cd2d992198f521fca28a030905421368a,529.700000,10
8,7e94bb788d976635375b84a2ac8288b78c43823f7a9ee90dccfe8dc37876317c,523.700000,10
8,1d71e5cae28c6c365eace253d6a7ead96f69877fb7877e3f0d037ae34453954e,329.100000,10
8,e4211b8586a26ba683ab8ab970c56918169bc07e082b5c47f900da23b59fe3f9,785.300000,10
8,502e926e41c62717ce6f7ebf0a7bb1e088625e28016f0d8fdabc9ba8393fd2f0,387.800000,10
8,079562f57628c08bdc55d6147a31728baa90eadeb79efc8d73afab0d14434a62,738.900000,10
8,9f2845970c2265e53338e2f92f87923acfeab352a513288e7ffccd82607e691b,634.700000,10
8,11f9017b264730a888564f067171ec4e778b19b864a68124967911be5c096118,433.700000,10
8,94e33add653c1e68c04ea853efd630a1abda0e51ff7d348b56aac4ec7833f5e8,248.100000,10
8,63b00ea05823eeb93a9a853db8520354887dc95a5f3288bcb4d411dfc531a533,522.800000,10
8,7595721ee552882438120ecf4f430129d7917493fc22f86457b5b10442e17068,426.500000,10
8,6fa71fdbdc9065b8d988c2a1b185accbb1f4127ca50c293d61f7b5a9f6e89ee9,323.600000,10
8,c4fb8a11361d752faf124ce22972ed32e943f972a25a6979c6a02df17ba290d2,324.800000,10
8,8048d48ebfe2ab4df56a0fd39d3fb232ad5b10e22940831e63ac96e1877d4c1f,230.900000,10
8,15e281313ed3222e2d13f9783a69e24d28c8e2d063aaa52377d364e0839e8606,394.300000,10
8,51e863722bc0298b1b6cec14e684b491bd92ebd69f5aeb2f078c6777a6b4b746,442.700000,10
8,2601060d63460e6c39e49e31e8d1baefa652303e6f58efe57335761d83dafedd,310.700000,10
8,5fafe7a207ac0ab7d20d211b6d0e06d7edaebac69bcba1ed14d4bad2babe0b90,588.600000,10
8,ebbeffd7352dda6a8f6553b156ca28b65d5eceaf20f0fa807a035cb5ee23b9f2,524.300000,10
8,cef0080419ab189113fd5d986992f9600747216a0970592dbae9e86ed7cbbcbf,530.500000,10
8,030d0b677f3b0b9ca269faa351e1e79db4d8d4810c0796f18e4a37e309f23954,291.700000,10
8,a1eca426893ebf5cacaed20c879a77ca62f6efb443039524a3f538c817efabd0,626.000000,10
8,5723033448a3a4991fa9f06bb9aa719d100ebd0664192426825a97e3032a5339,541.000000,10
8,2dffcc577161a19d8e0dcac74a25d8020efec5da50cf6ab47e46c55582b7c616,384.000000,10
8,1b05684558fc53253636e84e910509509e1ec5a4fec8fd770fbdf52d0c543e2a,471.000000,10
8,abeca983554bff1592db4865379c3889ceadb310b2881bbf8704981fe971623f,552.600000,10
8,a183bcaaae05bae501796f96d23190201b8026eca7f37905bca3e2b149279043,531.300000,10
8,7936bc1d428d1cd4bf118a8b37e8015c024a648096eae0e523a1bfd7107ff26f,372.300000,10
8,e94fa1197dd49956c05b4b8c808b1a1d251d83eb14baa29988bbddd25b928fb3,401.200000,10
8,ecd896a9dd45d71719e00948bdb148746a820ec34f64b168d9eaaeed2b72098c,418.100000,10
8,6fb05a5dc9957fe022d56ecfccd5ba4956af326d7058c28f371e96e2252b754f,412.100000,10
8,95fface9d52d88b68c9baf464156527871010fcbc041541e918a64b74d451ad1,405.100000,10
8,5c1133b55f82b0e09091bd5f20236839ac16724b943c9a580c5bfa9f63192366,522.900000,10
8,7b8ca411de9ac8520f0b223a9b768124b6d27f6278d04bdef8de9a23b8c4a452,410.900000,10
8,7ba45c7f75e1de93ee29091ac561f7a48b59e189bc0a20efc36380f772a34d6a,437.900000,10
8,8bfa252ecf84c99ca9ddf11e4d9c5e1ebccfc431913ee1ab0f6ee0c39550b5d5,623.200000,10
8,06fcd57273ac815b5bd02240b0c524175523df1223af8f227f7e74663a8a018b,660.100000,10
8,2f7df9d1074885473739ed4b27eba502b546c8eec567bdfc68d875db494dd48b,608.500000,10
8,951e6879683153b7bb21e5d3d13903cc8ada1edffd4906cd60385b6b888ab1ab,625.800000,10
8,20d54081570dacb306462450ef9b9670cb69e6683dff9ccf8f1ac9c4a8731906,537.800000,10
8,3e005e168f102d3d596668bf8346a89fe0cb23634317f30153c06905a08be88b,354.600000,10
8,cae0c60a31eb571a2e313c954569254831b3f14ec8f550bef4baace3b350c8f0,695.500000,10
8,bca5eb253d52d84420e5007a1a800e9e1eb5787c961a4288c39698ef9c78d5ed,499.500000,10
8,b435d9d05ebdf2beaf62ae12e5672bf9459f19288e6399d4b5fd0a4a101ff26b,464.500000,10
8,5442a426babc883fa613d4324582019941aa91d558285b8cdf03a4325be262db,240.700000,10
8,31dfe9fb11e9c6b52694a309b97a67d33aabf5c0607754e459d137e1295d6eab,614.800000,10
8,453bbab9d51aed60b8704e61fae3dfdf35419c835fecff1707bf20054a5b42d4,496.800000,10
8,a0806a12d1ce4b51332672f35471afa1d4b76090235493da46691733dc6aa49b,651.300000,10
8,4cb0d60b36a4b0f00f1b7e3eef30a949f79bc507912c9e4c245c734b347d1a0b,512.400000,10
8,3d35996290baefee45a19cb36c9e29eaa14c314d7bd8acce6634c7416b69ba4a,563.800000,10
8,66cdc02b5dcf48155a9fe864e52d9a68d3b5fc4d60c3ba5861ce783f775c54d2,695.000000,10
8,1cee71b6fac6ddded3db110b08cc3e8cefa81fecb5e166995bdf6a39d9d05344,722.900000,10
8,ff2afee05a086ab7d348161a3583bc2c1535c9aad3f2e2eba954211a68157497,636.900000,10
8,9bf7d5396d039d1426cc7610a83c61cbaf915413d5103ad2effe33661866e094,300.300000,10
8,4e712fc4b5793b7759be742704a7e262ccf53269ddce3ee5f690cbe7c42d6393,604.400000,10
8,b859581a7e9b07ff168282367ae98f0ec650b4febb802072d7c2625d1f291cde,281.900000,10
8,d15120b9b00bb699dfc7a74d7af365b3859ca2bc262f88f39af3b763275b4218,538.400000,10
8,4f0678f2e243d72ac88c288aa478cfbdd3b12d74670c4a2b0b4ddebacff45e58,799.700000,10
8,c7fc6156392dd5b41ffc4c7de070ce458bd52b06a5af77e674c4029bc4557be7,347.700000,10
8,2c728fda79d74504a02ccc84d5a13683500badbf8906fc65d466c8bae0e2989e,489.000000,10
8,fed57349e04538d773f7e9247a62276b4bfd68aefa5d2a167412d3e49244d759,396.500000,10
8,9c91c551263541a787da89ce19260643319e7300e58e2284e8eb3bf0febaf447,332.000000,10
8,461469537ae6aabb4e90d37617e551294995eccf27c9c76dfa20ff552c0a9674,560.100000,10
8,8d6f91d5481382d2c9913e197957f243f76b2227436a975b9cb139a6ffc12c5e,349.100000,10
8,150c17f29fc03148a921b9b1c13e978fe1499a97fb99789f754abf5173111f04,461.400000,10
8,9f4fce16af498976223400302033fbed37f1cca35007778732ca846378d5214e,604.200000,10
8,844352234c6ecb660428de1b53ce59e203844d8a5d073e113db6d7823aacb298,570.300000,10
8,2f4a0f43dcd98576e3da933b277f11bb3e73bfa5dd4d6d2c533d58daff8b47e3,536.300000,10
8,8c1b561cf279aff68a2c9d9dd0e061c56250706aee0647801dc849dc68bb3699,673.600000,10
8,4ba78f58b5899b72c81ca8605039da882013d4266b01bccc6682fefaca4c485e,561.700000,10
8,3629ae9e8e7f2b90526e240980f84a9c783a6254b6aa969459edc1d12b096c91,634.800000,10
8,7481dbd9e4cca82e3f02c3416a55b0b8bd7b094849e8eee9f5a576b67190e422,554.800000,10
8,ae4e9378bd4f37b6768bc800e41f7daa847919a38f71f6cbdd2111f22c0498da,683.400000,10
8,c2eca21a8fab937b5ce08bd3e3965d7563ba6c4fd5077a6470441db30a2c68ed,419.500000,10
8,20b01332c1e5084a312f2ed45235dd0b0b28869a2480f1ed42228eb955085231,426.500000,10
8,7f8d5a330e34d2e512136dd18b7cc34f25a821405c5148cd24726390b59a20c7,250.500000,10
8,1bbe7213f3af08bcb8e86f462791840e439e01be996f493e10c42fee98e9cf55,252.500000,10
8,f339b630315886f76bf8a45971f707512d2885e83516171ad4760fff26911636,626.900000,10
8,ac75e73164acc0eb8ae3944a5676c629b3d92b7046028ddcbe1dc316585e3632,328.400000,10
8,82b2f4cea12045f702250b4b689a08c1309e1292432cf2f3e88bf2850a4b6df9,496.900000,10
8,33a945aad9c825639fa28e7af42d50d048b2bc17b7c0146357411953b8c8cb3c,491.900000,10
8,f4bafa667d3a3a8704ac125df9a510b5f0ef2635cfa763b67f24762025340af9,275.900000,10
8,511dc57bdadeee800b51993b58220ea0a2187dbdc492e9c6231c9adfa8411fc6,553.600000,10
8,60a9435be71965d7c17cbdf5ba4eef109ad6b5120be7d90d87ed591fd900454e,436.100000,10
8,d405012304153b5770c3b8feacde638c153d0c23045297863e2e9b8ed67dcfbc,560.700000,10
8,05a9a395d0e30f5ea47b6f12170225d661ac77028bebaa7f43a13f7d318f5f84,564.600000,10
8,fb804468edfd1dc64cd87020c5b685dcc2b927c01d44f2cc6304d1138965dcc2,415.600000,10
8,2193c8adc4e29fb7ea56ce1625920a3784d851bec14b78c747a8383348e430a2,659.100000,10
8,7ac5f3587985ac0005ff4cfb99fd9e541260c52a441a38b5f58b074550ef704c,534.100000,10
8,4baa7f71ca166101f1dac8aac8e8b97469a80c8c45da8525b3d07a3b20eabac8,526.400000,10
8,54eb012f082112d280b37f91b231f3d4692445b2cfb31762bcf01f8ba7c1dc2e,652.800000,10
8,2972fb32631d08634b734bf7893f9141e925151e2ee1b43867545d7bcf6d1266,320.800000,10
8,927774128a153b759b46f7cd136089f33e863c5854b5c3d6468467523dd15c5a,708.700000,10
8,bf5e9b2dbf94a879e5b68d2f129c22c8d207713070247b1d79c97a4345fc9fa0,452.500000,10
8,0eb4aa0fb64406b6e2efea1ef8fc7f741d6b5eb5123ad12064337ede1796aa1d,460.500000,10
8,af0822d4c5994e1bb0148347e5e766dd85a186cb7d92dae97addb36559ec38d0,793.300000,10
8,69f2542ba61dcfa0cff9cc13fc62ec9d9c8aa290b424ebce77283d03fe285f34,623.300000,10
8,5a6dc003dfa924dbbd54caebed86580b7128b14d52c7eebfd5dca222b6c563e4,432.900000,10
8,27193892c0b4e28814cb1456bd8b1bcdaca559497002c19203f30887c526a122,421.500000,10
8,a1804c421399e869972960237e5fdf6aca62695c33e6d3a3aa8c07e23c6b0ee4,296.000000,10
8,acb9f2c55ecec6421ac6de19b740aa151e5b950cfe8d631753dcc686ead8f07c,641.200000,10
8,46d7ec86817b869bd2a722cb47309df7a3d8c56b8cf857a0de60d1b97f6de5af,576.200000,10
8,08642da7725ec0ac32929f793080b8cf661ba6d17dc0ce35c51d31da38ad00f8,631.700000,10
8,7cb19ab6a82899f3af3e8fd63555c4fd0e5dc3328d2e890e2ba132bdbe554092,421.300000,10
8,5e773f826194bcc368d6c59ad30e51735f01eedcc157f7880b917fb6c3d10ddb,567.100000,10
8,1e63d0ba9aa86b743d45775d990a347a366632e4f7b624b0be244846816b5db9,602.100000,10
8,47f84737623ea9bc0b37fa452b6d41e549ae6a5f1a7f34416e3d310dca11afb1,332.100000,10
8,d4171156b5563792cd00b83f0742deaf7f35fbc9744451b51625401ec27a4411,380.900000,10
8,1dd3ff962c2cab85a0cefe759b3cbff422dc7e6315169ab48e195f12180ed93e,648.000000,10
8,6f3b4474c62c6a9a7a3a49b3e43dc83b71e9e37996bf33c39a54020300c793d3,502.000000,10
8,28c813aeaf652cc6feec3bc95140f742890b03332366d13f524a1bc1b59ed111,669.400000,10
8,4cc33c79ef2c59c9483b19c8be48f095fb943c4b3ce144659278fcea942e9cd0,462.400000,10
8,fe48e2bbdf1411a44799ced39b0ef2c1590ad687c7290cbb911d69c6b8895160,395.400000,10
8,ba9baeb44f0fd955e2ba1ee623ac755d3b1e9b5549ef7f8c92515a47fc475ea1,479.200000,10
8,c694a7127813c2245746dd5baea5097209d8b9c77b6472260191e88474938c74,554.400000,10
8,c8d7e1415c2bc94d0892d50b81928693c74adfe597f8737563c1d6374b22e304,484.400000,10
8,943572b4b0660080e31091279b769d86878bd06c7356aab6ee3c97fe2938e5c1,596.200000,10
8,14b52779679d37bdf7ebba23f4733162e80d66dd4189417cc1c76a3c0f6dcdb7,291.200000,10
8,69cb1d09e062f4b4da5128d3a945e31929695afdfdb44d7bdc055302a6b76072,617.600000,10
8,2f09a6eecc6b255deeb128e9e6e51875a09a703be9bc83282598291eb31fd09f,555.600000,10
8,31b99bda8e5933f40d2eaf126aba7a559c26a5c0683b152fec0369914e42f7c1,819.900000,10
8,0769ffdc4774a3f09fd6b8614e3e6fa6894fa5e2444121fda9e274a7b75fec86,541.000000,10
8,ae3d674496f21d6c218bc02b97d1b6e07852f1e92469d006db5765cbe7d85647,676.100000,10
8,97a5e604e8b24dede3e535b509ee066cbadce83eb2748e9fc752352730a62d62,439.100000,10
8,0f7b0fcf549d41de0cb93e0e18a9d45d00f16a7a5dead35f5c543ff6a060a4dc,379.100000,10
8,841164965f8a8d946bb4400112f1da5610019777e85115b22d3d0b38e31244ed,785.600000,10
8,66eeb4d4ffc362df5097bc0567b67bdf3e564331964c3cfeaf8eb1f9bd4c9026,523.400000,10
8,6207df115cec90c73c3d174512f3c423fac6eb9f41a4546d0df080294cbc3dd2,451.800000,10
8,c2914b41300af4b4febc89fd384089b463822392ad04b5e2a1c8fb9ea57e3b87,522.300000,10
8,37640565df584c08347d388d9962945bb6a5462051d2f758c5d22f375640cdcf,344.100000,10
8,f7739a2d1ef1a72b9807cb1bd849200391e5fff9dfca3e5190d8ce488f3ca9f0,562.500000,10
8,3ffda836a6a91feeec64b76553117f536dc72909897263590fec02b6a44b4ffa,377.500000,10
8,a036f0b2c0ccd6e3f2bf54ad9be3f04d7a83e4de806b6161ff42da844689c20b,488.100000,10
8,07310b069a3d34d7b15359f1fdb234beb6e84d9540b08c8e19a6005d39ec33e0,505.500000,10
8,163c224ea252a517f3872e26b5c54d5b0d5f16441bd8ea17affea7c533a23f6b,507.500000,10
8,2150fe9a92f75d71e52e851481dd1447e7eb6ab2eb3db675d7ffee8261166a62,346.400000,10
8,c1301c6b4c10992270948dafb0c7208292440b653c7d751c7e2d0c3c9ce75053,306.300000,10
8,0f7e86f722b871ea8cc5dabbe634b88a934570278a098f661bab59aadd742d53,531.000000,10
8,7cb886f67996f709fa1eaaf6e56f35ea6d8c12e9f85c9a36de2a119b71d381f8,555.000000,10
8,433907ca5026b5681af2ed15740a9a54977e5fabb2c90bf5ea75db70e3c5c830,483.300000,10
8,1432fc4f76943275699e15d722245374879ce274823ead05a5535f022f52529e,373.100000,10
8,25147fad13f87572d320ab9da6634cc4024c663a2f52a28384ba07afc3cb8bad,303.100000,10
8,c57dd69672d09a114508b473fc2fe03ab292d187ea3308260de5f02d3dda50fd,693.900000,10
8,f8b2631f6ab4bf44cc17ce8d74f55862f00578d851be8f44488e92ee1c3e7636,461.900000,10
8,0d457ae87039a683c3cf23f443f76a93b12e437754ea720f40fd3bae9367992c,455.300000,10
8,0470447b9f2c26005d9754dd61c2f04117125670b6d5d5a8d1ca1a71d9546b95,457.600000,10
8,33a862f9ccb1a3c89e6f9a58b31037aa86c208123cfd4fc65a520904de6a18c8,495.600000,10
8,15ac1f467a4a14777a331147822fba48ceda4d3f1aa17e0c434711bf7daade25,405.300000,10
8,02234910500b715be10b1a361a9ee41922d18f361f9a95d98b407201a34adc7e,459.000000,10
8,f6edd42dce7df7da12e39c18e50208a541387231962f1f98cac51586fbe44e62,546.500000,10
8,05f148a7a2963938a6196fdee42cc7a001fd610c80bda00ba9156c93010efa51,492.700000,10
8,233d3ea6839bb5ba1cf7609c71591956c5949ded7dd61b54382e50a98af5d2a7,581.000000,10
8,4acde6b4dd4e6186e4297de8f9573498c6524496df7660e94fd53db397adfbfc,653.800000,10
8,8a52055faf8190b7eb557d34e9249f04c7c3f29d88b9cde1f749220c153b729c,521.100000,10
8,a37a282c965b6d099080e1e95b89325e80c82ac6a26a3be4a55f25998e7407a2,415.100000,10
8,f23f3f1019736c3975698399226345c30606e2b6ee1bc1eb49d60d2ea21b5448,436.500000,10
8,16eacb429fdbccd59df244c92d90628e6227233fa311dfd710475052031403f1,523.800000,10
8,df21795e64fb41f531b960f55d939bedd08e9695c3ef387559839505910212ce,468.800000,10
8,6d74cdf0ae6b21cb2053d2b9fdc8ff8a01eb5192084d0cf8bd9dbfbcf4aea22e,447.400000,10
8,23d7269d1e1c3ab80fdd587c309c40c4cab8f1311a5436edfc4161c4d46dba88,629.800000,10
8,b92d5c77d037ccd38e4a02f341b2e4a108b214fa44d08a0697abd187aea5259e,593.800000,10
8,120a5093e63c6a5ea3c6a5a6ad26748abf569277bb048d09d0fe68df7d123a9e,471.800000,10
8,4a055c5718389e255d2281fe4640eee221893b0b353f018b62352181d5ec25d4,664.700000,10
8,01c1c52f57ae45cc606c77770cd79d16cec81ae1073a842e84f7f81168c39336,657.400000,10
8,4b6a2c505f1235b2398c02903b3764285a1dfaf55c1be2e36f0d664f1d7242c2,564.300000,10
8,67819c81ece6dcaf49af6f57b72b739ca2d531b206ef423dd53d7c86b0000061,237.300000,10
8,555bea215a78d5eff59934821eccd0d3022928ab777263b6278eec60b206a8a4,478.000000,10
8,4e2c64cb7ac51b3ec5031924c31d42c7ece0f0dc9589ddd5f332adac749ac230,625.600000,10
8,7d9b1297cb254319bca7db2d94ead7d6bf7a527991f85d5c9e1faa736930a887,362.300000,10
8,b15a72bfc81b8e9862950edbad6f2767d811bb31cf8a6a124e914979f94769ae,536.400000,10
8,18436967e44f999caeddd1aa73cfd8afd6bb115175a318c0aa180d1399d99ad3,521.400000,10
8,1b780f5218e971a7df38ccfd4ee4df9a7c44b0ce27a757a65274a687bbc7a4d3,431.600000,10
8,8025b0df90f6d47bb7cc1a54e10bd18fd5c8e2cdfba560b8bc765054977f729c,275.600000,10
8,f02306b775feee35992161843cb91d9acf90603b5405244fc85390e2ed443ace,703.500000,10
8,efc9acd51149465c3ecc8287d698965c81b6d623323fda5a5e0ea4425689f642,605.500000,10
8,d62c62b25345dfa4b6935a3de969ff14837842d3088e846ee345351a271d89d8,585.300000,10
8,e4cb5f83e352589a0a20a454ce7bd6ed7be12cb3d43a1883231656bae05fa1f4,503.400000,10
8,1a4956f213f15d43fbdf44f325280feee6224a2797e3be73544fe0f3654169f2,629.900000,10
8,2dad8161367c803ee67516e5652fa4ff3d5d38fb7c3c61e0cf8e370b5f0ccc9f,609.600000,10
8,8a1ca201693fa8a9085db6bc3477688dd819bc0c5ef0f39c88dbe3f582b16c9d,657.600000,10
8,251355a4f17a30cb302a23cf653c1e5751cc708edb96649e3e84c169f768dc12,687.900000,10
8,cb99cbab40284a772a75ea0836516a32e1ab07a9930deb37420fa47a2fe60f4e,539.700000,10
8,e8481f8f5f36da8a2cb5204c495de5f10b10c5f623bd7410b79e4b7f5b35e04d,510.700000,10
8,0aad5c153a6b79a24bfd65c3f21313a135302449cde0a9e519e445354f0f715e,409.700000,10
8,ba804ddf9300913010433b12a4e872107c0af67f83df53356241ba2dd1c14067,438.800000,10
8,6d4971c87f3661b4d6eebcfca50988a6f217af565cce0e627b6fd6a9ec75a96a,349.800000,10
8,b49252e9bf242bd0af0a5ec3193c8b56bf7ccbe6b9c6004103b7646348669576,565.900000,10
8,ac1fedcba94e31afa84b1e1aee42e570e909563f876a30eb7b23f128122f2e67,544.700000,10
8,91e849eab1baccac822575bc5e1f31eefb335d98ca7e15c7973f093c41bd40d1,380.200000,10
8,91d456e8c523dcd97617517b169d88c0a3135af9310e272b6481e5e190bf8c33,686.500000,10
8,7785aac1ac95e13bc1de7d8ec3165b2d600b94c3df3c738569d571aadc786b35,552.100000,10
8,5bc6dadd62af7b297b7de24b39806cf8f5a873c138a8db8e6daf324bd53c6ad7,617.500000,10
8,31c9d3e923cb0138aed4d61d3f5cb52f4450bb02811665073a8decdaa5f3e06e,333.600000,10
8,0c28fa427d8f08b6482b4c7d423f9b8ed76ac93a2ccd6c37c75a180467991e41,681.700000,10
8,d494caa50eb9e840957929ea15945543ef0666418116cdda3e69d76c885d40d7,601.300000,10
8,c3425593a01798930ed72e83fe35139a2155c45be6bf2aafe7578e2df458c784,708.600000,10
8,792e97d63aebd322ac639bb0042be50e3028989c9020b7e5221e8ef622e08a45,476.600000,10
8,9ad4684f10159071e59be29f68f643b9fec9713fc0f29965ba70d8013e2ffd06,505.500000,10
8,afb85bc8c2e803cb539a5b881b9858f3653ee8f950f21ecb01ea295ac80cc383,344.500000,10
8,4f17320338f6593c0b56913baef35068ee295129333a615dc7b7c15fe04726b9,357.600000,10
8,0f492948e1378ad60c76f80cd0a80b0a1ddd73cb1704004fb1c85d7683e78a5c,737.200000,10
8,5477de78ead87361025ad2bec6dc7f56456bb137c79f261bd6928069f2208678,576.600000,10
8,3ffe798e8bf4ee3f6062764d0aeee6ebdc3ed167b658c41f543597935404f8e8,683.200000,10
8,4a6ed16d1346277a820c7b492716d1124b965832f98bf63d6ebca1452d8703fe,341.300000,10
8,2efe987947bc05106b465a8702607649bcd2e75b167d5c5ea290cb39496aa74c,685.700000,10
8,1b8e0face66ae5b94406e4c4362ebc7ad8c0779dd2ec796eadeda7c414d7a003,759.400000,10
8,82e505b1fc2d30e49682d253746f5c51d275baa5973774babcb8c0250df98221,390.400000,10
8,ab1ae77dcd387232331590d76a4949b897311c248258bf95508ca0631bde1965,655.600000,10
8,5b470d628768d352aaf2d954ba64d9dd2bdfca826f732b7587378119740c0830,552.800000,10
8,8e8da14427a875aec4a0ed7158fbbb3b65c2e55d1d0c8beb3349b7cca7b98b33,600.500000,10
8,aaf2d8a358aef85f0dd0c6855edfefe4bea9779f7051363cf6140e8b372672e9,505.500000,10
8,030aa38f70fdac09b03c87c44aa790203b7eafff2769982f128e1e6d60dccd43,513.900000,10
8,ef224671959d1535d967bc391bc9b4c3ef685af31986e78c6457eabb74ed6ddc,494.000000,10
8,63fac6654e46f81a927f4eb3cd300f9978b003e6ceb38e433d79760cb405ab18,473.000000,10
8,7da81e0ad31c74354f06e74ca1e4cd4f5ee8b4ddf9fc452032d3d109ed9bcf69,426.000000,10
8,2022dbec69bf1e66d3454ce27f3dafc0424a56e8a9e4fb3c0331147761832d9d,714.857143,7
9,13fc7645f0d0b578f5a19fa7e6efdaba8273e47267a5bca0b924c50e86c0290a,360.142857,7
9,55572144e3f25c58d9817c94851d985e6ef760bc917af917ba8419f8797b2241,411.571429,7
9,d9052f73f75e46f2e2688cdb105335dc9fce4a407debe66f093b0c5be71c70b7,427.571429,7
9,f1560b0ec2201fe18d2b7320fc0b68f88901f2e7732d57fe8906fa23869c4672,555.714286,7
9,ba8ac913121c0c7dcbb96a215c52009432afcd2bab36aecd59df8bf0d38a9590,432.714286,7
9,fc03846e8d451b44fe79ab9e3a202ac2202f5bb0c38b315727a30906c8a0ff5a,341.714286,7
9,c647147a5669f5a621801b664fdefb7840b43d3099c0c9d35c7ca0bee45b0f5c,556.142857,7
9,5d5599adf3043354e97890375a9f4fa58eac80542aee66896e2a0df2187de4c4,354.285714,7
9,69ab21cc585be4d03e6a760d8be35b6a82c0895beea6fd128385987562b6fd42,520.142857,7
9,e8eefe9c60db17a55d0a58a86cb735dd628e8b1f775633e96eb027743a27e0be,420.714286,7
9,e02648dcc63f6f6378cdf7aa47ad0aece3d87ac9b624a9cf59b2bc51d293e918,374.000000,7
9,7921645b55d4f63ea2e78453bcee73f96089681bb80f4ed9c0d58a06f5e3ca30,541.285714,7
9,a94d293779c0bee83fd435f1fb661b175110f9592aec7357a5dc008562f63097,413.857143,7
9,5a2f64f809a2abe4fb1a0328101e9d4063cdae7717f54e0baeda84f0775c61a7,522.142857,7
9,22d869bf0767814c571654d90f3f674381ec1f3cafbd1b8082e8722711e4af6f,624.571429,7
9,0a55b9cd269a733c8fe8d790d9b758cfe354134103146e4d755f92a37284b5f5,659.571429,7
9,69a13aa1b5a60a5320844849c3e9124c1b497102e6429ab839b1994ff3b7c968,572.714286,7
9,3c2e9a1e3e9e31842cf1dad58bcfd9cccffb3661aaf332e3745755a8371dddb8,460.000000,7
9,d28a6cd0450fcc347c96fed96a5b8b115ef7e01e22a19c585db86de03be5f360,525.142857,7
9,a2e02ca12317e7c4c94fff081b313612d9be66a5754c6b3050f1e773f47f4f5a,455.142857,7
9,55eaf3e3b325da17e077a8c9df1022011a487937531299dbdf8ab22a1e6d7d79,584.428571,7
9,b23559fc54fc0601a13daec97267440dbb25dbb05dfdd964fa70d24fc5bc815b,415.142857,7
9,aa6ccfcdcf7f2a77fd1c3d2404da9f4583ac23b403ee3dd4dffe9f413170e5fd,649.428571,7
9,3446c320a2790d2b4b2d42dc133dc620f92ff42fe3e6a96e2f4757ac156b1f1a,382.000000,7
9,a26a24c8624f75f34eebf6f9f95d3ef4ad18020446fb905aaa92bb61446d94a1,501.857143,7
9,805f8fe071bdf0ee92b0904926a8b057953835f0d09002592b2e184ff6ccfab3,495.000000,7
9,00d8b30e5f426882844cd932a50c5b7fa4859e835c0fde2e814802f3c2f8e092,620.285714,7
9,63dc49214055623f302d979f15c8eeafba64e22647eeda1fbafedf988aef3e1b,421.142857,7
9,f787bec9ea8243d6dc48a9d28542532eaed7fe5b4950b7fc94e77fce074a957c,417.000000,7
9,4f4d5153e266c6d92de7d1cebab0eb5bbef0f61a8d3a284eaf3f856c0d30b6b3,416.000000,7
9,4436b7e3f730dfca21fdae2f3ba6c364f8488ce72ccbed27800f5542722c331e,559.142857,7
9,0626e5e891a7ea78ac749098bf6544fbd43086df261b0673babcb2535fe97890,493.142857,7
9,eb7e609843aaff862919b7833eec1376b708f54fdb67bfff8c7c40a15b6a9295,570.571429,7
9,aace2f75aeb78d44d61ae77394596ea19fc215df901020311fd49090c098ee00,259.571429,7
9,345c181b41d080cbf4ef9b1fade87460d9786ad594273a5aec97005a57416e85,403.428571,7
9,91efaefe4fc5a154f52a4e4e9e9d06b10c0bdfaddfe6a253e4b705972db510be,664.142857,7
9,9c70ca9f65e58da003dc30500e107f77b87d7d8a931e9024e9a21cc47bf88045,448.142857,7
9,046647161ed92627fdfa62636b80af0f97babe1de38fb068b781b45793cc998d,346.428571,7
9,6257da679096dab685abeef5fb9845290b16a7d70b45306b02cbff5793311493,371.857143,7
9,5f98a6c3e2ee4dddf0996e263202f6bfc03bec5a8bfd309d815fdaf30eefc674,450.142857,7
9,448148ca897fce08a6bd956d08b0544aa59dc667798056612acb6f553f5f8086,328.142857,7
9,3e702ae31847c2cbbca63b8e403d7b682a0c057b89005a04c365056d7e167e26,672.142857,7
9,50d6763874d5bf98eaba79e57c14ec83549ed6172188c03c3e1fd01a8c842bb8,607.142857,7
9,ac13ec8ff18edc82d8dc325fc061d6568621fff446dcc4e2613e8269090a5350,453.285714,7
9,18c084a2e26c407682c0141a2f91faf853148c9c9be1f60c59518eb08320df2b,503.142857,7
9,cb97ab6b9b525ca82afc7084cc7f7341ca5a4a65c71d3a1b159c1570c605a077,568.142857,7
9,f213599d7ff8da7af863b95030ad9769faeb35b168db6cbecb34d50d6cb870c4,514.428571,7
9,87c7c916e4ea276583fcca6afd98c58aab15f6846804eda96a77bcc5be5cef46,412.428571,7
9,5b28d8c59f6efc222a945d0c639b912b2100c65f35063a2469ececf40dc57ac2,495.000000,7
9,b3c507257ed0d222552f01ebc4902be9eee934d3f834d3ac9082308fb213532c,622.428571,7
9,2404307d2a4f3dc455626390608160e6c5e3b731953dbd765413178f85f38d2d,419.428571,7
9,c6e394e65159e9708c62775f83b9de8c4b23d99cacdea0ec1d8cb488cf5734fa,610.285714,7
9,7b5660b2d16a51aee97f04ec2fbebb7dabb267c4f6268a81a094a8d28205fe43,273.714286,7
9,87a1f51980d4c0e9fe5fc30dc748ef04e4c3ba81cdeb3988969bd8dc6afc863d,615.714286,7
9,2728d92b323fb1ef0250134b5c0d3ea18aaddfa5baa115d5a3a0664f4c045ff7,597.714286,7
9,bfca82b6e568d188b9e78548ff5165d03172ec22184e4b419601f84b4cf39db2,520.857143,7
9,03aca49bcab36fd144106fd1162971472d6429b660e2ab5d94196eac14fa47e8,447.571429,7
9,380657e325288e462767415756972a4edac454c6814e5d441d08dc5bc5ca4556,305.142857,7
9,5625e61a88a5cdd3780860c9192247d3085d7bd7772898581abf5c091677c5e3,691.571429,7
9,deff29da5ae2125dc489f0182a718c1ac6b4850d9485275bb9967bdb46b4fbf4,614.428571,7
9,0bb05dac2e1d22a53a05eff85d891aa7c78cafb995302d6ff5d95b62e0db24cf,444.428571,7
9,81d4765dbaf9b862204fea6e07b8937223b1dc0053fe05077eb9b9ef0ccdb566,587.428571,7
9,0649f671d6a1b2469f059385c65a3a19e78da50cdd3cb5c8a0929e7e9e647c8a,441.428571,7
9,4aabb987d71ca27c5a166fa94dc6cf36e8dfa3f96d8d2ed1cb18fd6750c4fffb,422.428571,7
9,b41a6487d9ee29b843392b6dbce83b317db16f06e9c75ee18988c6c64797520e,634.714286,7
9,550a674ac76bf423fe5c5ef1c98476770cc38ca233633a874c1530c160f808be,377.142857,7
9,59acf22a1052b58b793998e4e982403ef138f6136334430634a4542a5a5f659c,373.285714,7
9,cbab00bee22e62ade5b5af63d691c9034050f234e1b8e692c8f1b82829139c4e,461.714286,7
9,cb55ec193c1990d18f525fb0dae1229b2eb70995f379324989ee561285518bde,597.000000,7
9,2900a45200d3ec0aa6f7fee22cadad80b8e0646f5fc109e6d4b742b98b7992c9,550.428571,7
9,4878001d8026e9853399d56dce2cb5a299a0c692db905af420b006394b61c419,425.000000,7
9,8d21a875afa99b81c340ec36291779def3642fb385f3d75103a83a26c840e342,404.000000,7
9,cd8049fdd3deb62d58e05ed3f8886f936d62725f039d5c23b95e0573f10b9b8f,572.428571,7
9,ec2479a953355658d71b2fa735841f43fe88983dbded3a4cd94e0cfce72e85e1,544.428571,7
9,96af278a8da908942eff6b9143fb67b19a0be363ef2dc8a960501669cec665d4,508.142857,7
9,a42441a9b1f23871a9c599d379b98dd75fb442ca2187e6d9987362098756549f,442.714286,7
9,54d7ec7fc0d0dd4402fd29230fe24ba7271cd8d88633e79fe9e35be6ffc21a6a,486.714286,7
9,796a6af47d65ef4c21f3d4445ee099219c6903aacdffa65db9b876028558aaa9,802.714286,7
9,b445e41f38cb85c49237d9e76502fe47731ce5cead4b0911a72178b20b08e508,647.857143,7
9,7c0c62a8ab0d7353d2c02e7c39dff6e33938faa8931d588eed76e21d382b4d35,599.142857,7
9,5023425d5109136bee9d9f299f1953bc86874388cab9e2f2877047a7111affcd,528.714286,7
9,d1327c5be6f60b2db39d9fa2d329369e48e73d525fe14b799bf6b2429cf2377f,511.857143,7
9,1eb38a3224ea1645a70d95cbff14f8e85b33795abb56355653a2cbbb91aca1f6,477.857143,7
9,a3c75fb8663a1e55e9f7f7e9d86c9b14f365264a8472419855225b00b011e96a,749.857143,7
9,848f49119e62a6dc32bbfbbdbaa03025c162baa0b5cafec603c9d01164771eaa,758.714286,7
9,19d08c2c97331b4f0fab4f20c764f0ef5b839b043bcee9f7f6b30f41c72c21e9,653.428571,7
9,946889ada75cdf4cf970ff589fdbe41e800544e5da1a30ac6a7a1d6a4977dad8,494.000000,7
9,99be73784eb405e197c13a7923c58654bfef32463147b62d1d1f5dd06b1b0a7c,427.428571,7
9,18105bf663a7e575803ba08f63272b38f26af9f03208f021963a9c42658a85e3,470.142857,7
9,57df375a9a6b83650c507901b27e6cab071126766a73480478714bc9a70bd51f,345.857143,7
9,7ff904ba1dc1c28ec18a7323f394611d546203ee986c36430305707e0fbeb2c6,490.142857,7
9,a0ab35edea2abcbbaa4daf82d02a5df6ff6227c67571d830e9b4e8cae1d91883,431.000000,7
9,b446d09573c7a107a5c31978064183be03db15e7544d16a340ceb53a7b5db067,660.571429,7
9,8372b08cad5c1f853b0625063b92eadab23f3e830d1a0bc12610fc79e4260acd,691.857143,7
9,2f22e8fc1bb0dbd70e2b1519b56a4b65fe57f1f93a114bf84935379cf1aa12d2,519.142857,7
9,8a8333c638ef98e1558f9eee435f8ec4feb4d909a00caf631b44b8d7b43193f2,421.285714,7
9,4483875821c5710d9ef2e7fccbe99ce7cc6c578da44a7219796d71219f1bc236,405.285714,7
9,aaf9c01fb4b3664f8018b50cc2d9ae5ca751569e85abfd5c99df9596234e2632,488.285714,7
9,548c074812d85e48b3dbe63e8a161279eab128e495d248ed28b7d84ede9079b6,287.142857,7
9,155a39dea25637a4f0a0f0ca40c58a641cbe7bd5b575d788982a6b49b16d4202,516.142857,7
9,fe01557849801d25f37ffefb20b69a8fb60076ba4d21fa3875c751e0f33cf7e8,385.857143,7
9,4f60de538ef666de8f5c0fb76f9c518511e131efde97df8b734c20ca0f792949,294.428571,7
9,9892fd49cc4759b2b626ff6796a368555920916bb0e4d0abbe108090517ae5ca,451.000000,7
9,474cbd27d811a5c3f88e4cb7e55adf168d1288886dd7aacc292a2e8cb705486c,446.142857,7
9,cacc8fe208ec2f5577c65909e1183ea2b033cb13fada19555e157112d029669f,400.142857,7
9,fbc35e344b2bf542d7174d89bfd04fc4bd489b2efb58786845efffa8de61e947,413.285714,7
9,72722d2fe89b11a81976e8cbf8bae485118bf0f2b7d4f52c7135d2a94a52e7fe,339.285714,7
9,80c8fa6a72a789d5604fdd4ec42db4853c5ab1c4560e63c9c8985c9cc5ea8e90,438.714286,7
9,e0beeaece85f372b2c8626dd4494fb589418da77c967d578d4bb8298257918da,552.000000,7
9,cbb1c95f1a42a6a88befd1376b9b32f4c31e5b639a2318e38ef39d15941277a4,432.857143,7
9,44105b7f8594c496f5cf7edfb515f528106539a72d746bb704b838c3210422a7,579.000000,7
9,4a4c5e629e47667a25861de47c14cb5fc064e9c73656b09a30e881c986b06cae,549.000000,7
9,537af409ba495377d918e3dd4fa19cad2691b4271a9f634e0ae4049c84aa389f,667.428571,7
9,084c3290e18e057bab0a7b85d0acb919f6878cf54b1da5462bdc95107a64b27d,492.571429,7
9,32216e60942a9e45e865770f6d12861078e5e6e7557ce7d8411c7ee24bed8eb4,639.142857,7
9,02fa0d249b947661c561c68340548bda988f9bf20df1950d9370d18d55601dd5,491.142857,7
9,3446aa087e81c9d43adb4da7133b724d00d6b14f24a88e86cd5c7904a572e9f7,463.857143,7
9,a2261930ec77c658dfbd0546c71ee0d4500f6fc8e9547843a91ecaefc683750b,614.571429,7
9,102da94ac5d6f910bcc414218e8b3aa489a82da06a387b98d33f0f468771ba7d,599.571429,7
9,1d4e4f716f5c272389b04065e10ed76cb432c95c1fbb099d8b2f5c66f122d860,598.285714,7
9,4b1e49a1192fb1443cda724c51ff17c60ea0e387dc359f19f47fae27c9a1d94c,454.285714,7
9,745538c584226b21e50e5377d5ecb921bbad73c1f043fb2cd544e11a68de8756,273.571429,7
9,82caabb3870ae96b0694e7f4672df589c61385614e1e56c60e1680b5c8a86095,299.857143,7
9,7f8dcb3c7de17e01118c52cb9fc77853d834ec2c78a1e380ef9b141a6dd32c88,477.571429,7
9,e0ea593b719cc56aedb52d8fedb9ac96ab042c942849e01fd6f934f7f5d4c933,595.857143,7
9,4900f7361762dffa5481c6a8b7414242125e707fc4d5f70c61d61216472694b9,325.000000,7
9,da4e759e005238c08f3ec52d318beb083a3cd69bd96c64551c800b0da468869a,387.000000,7
9,f0dc1830a822e1eabdc95966815a7fec3924138efeb9503d00a0568c69d02607,300.428571,7
9,710ae903b4b352b468f133087aef11e4932660ac7187a00987cb40f5ca8d2de2,557.857143,7
9,cfd4d382b6a68d5477430b32c9b3b48f7d96f54bd475ed94cbda683bd56c51f1,664.142857,7
9,ec64eb2cc9a6c21498958d4fe4aaf5d0b2fb18949a3a157c2a0630a714cb3ac0,692.000000,7
9,7aaa2f714504a1a4a78ba7a571ceeaed0f1cd53c692e8f624b9a5423a9f5bded,410.000000,7
9,e7786cd6c9b11e79e0fa92cfa74a4fe97a6734009f56cf4f7868c5b46a9aaf1f,369.142857,7
9,74de54a37140ba55b096c241f8af3587afb297ebc31feee7788042b3e688e1c0,518.428571,7
9,978a30534c338e36ac8912b97acabb3bcb0a22005a9ce22eb1ed94a3926df8d6,611.857143,7
9,516b435fe645ab656a6e75798ab5da1180df842794d8fa3ae18e4777abdee785,371.571429,7
9,0de9c4e845deababc89cb1641c53e05ebeda0e6d7ae524be24e9428d415e044b,407.285714,7
9,11c2a3ef30ce3b5482a2327c565ab8299791219bca8e70da8683bee426df84e1,420.428571,7
9,7fd18ea783c68ebfe9012cecea59e71b3b16abea88aa55408b986d326f8c2ca4,519.428571,7
9,5ba57884c8324cb181779cf3b0a63e9e7108e5c4eaf4776a18ed72f21c2e96a1,524.428571,7
9,5f7da5838060ef5827186d1b09f4bdb0a657374a5d043a3677b0bdd2b456fcbd,414.428571,7
9,2957b458c3726a208dc5538d49014b55732c07cd81697c7877624d9d8d9b878e,573.000000,7
9,4422681f7d7fd1f2c278aa4d6963f836ed7206d622b3c72e29d7bddad5d41e62,331.714286,7
9,a896b47070d0acf887e62cdbccfc482e699f25ddea351c4f960cabc70f7e98de,358.571429,7
9,ac96d03b3c9274debf25b67024adacfd503c98eace162379234a072f52aabddf,417.285714,7
9,51132225bd84ce81aa085dd9f78c2c5cbc0fbb16336a41e58b43781618bc0bd0,364.571429,7
9,a8e1d9210c81da00a39f2459453497b8ab04057cc07b9d7da2794e62d67ee25f,508.142857,7
9,8f64c946f354a0c58eee54b305128935b8e8762e8c13bf1850cf23e5afe6bd41,403.857143,7
9,741a75f5dafc90e082bd7db71c40b40da4c0f862e18389f808b5f4feea28c47d,463.285714,7
9,4781ae47b620d3a61c4577509fe9e84321b84b85f07e553a5ef75f60537ef578,665.142857,7
9,4b8ba72ab593d54234440874edebea103c336be5b81240cd67ee91f01b0a756e,373.285714,7
9,6e1b3e8a535ede1ef652e9ddcb758448030777570344ba0bafd8a466296cc65a,579.714286,7
9,81dafdf17c78d6b97130aa31a0a22294e749bf771eefd6b875d10d28b1bd84c7,513.857143,7
9,df9f05389011624696f3f5c2cad937a07bb6668904941ce7977111df662c6fa0,633.428571,7
9,4392bf62ebc1e51756e81c74a40082e7b4797e317c1d57b9278b5acadb4f9ff6,517.857143,7
9,23cba990bc3fa08769c60aaa2b90e376cf78e8df56cdc22ae09b40bf221f7fed,609.571429,7
9,e0a38ab241e8f8e39b356bb091f026f7a09c77a26e2dbb8131748524a12f9db9,387.571429,7
9,7fc6288d99f69d8707cb47773a7ccf92b166e34dc79ac827e70f0e75921f9c67,407.714286,7
9,a13652cd2a7685c536b5c32cfd6f93499742cb7bd7d2ef3a70e0fca9b08b645a,535.428571,7
9,ebb46cf5f4181b2e171f9c2725366cc0266eaebb2d1856064a7595ea10aef8e7,603.428571,7
9,64dcce4855b878547c43931d888fc9f0211b72609aa3046cdf94a95f2813f9fe,566.571429,7
9,6ad9e4347a4213ac7ebc55d57c7371191d6edda5649fdc22134149aabf86ade4,500.571429,7
9,bb5d1b8b79bd9a83205dc539f07b2dad253d714d70cd99ab199d1cdadb3e4e7d,412.571429,7
9,2b35eaab41a8bf87de9fa2f57d1ef41d1fd33224b0b92775f7f86a555d600e04,596.714286,7
9,5b6d935abc093622dc1a1758382f47348eb592be42dafe8ff90d66f5f4d9b531,446.714286,7
9,487b3f6b61ae87352cb4902644d1fda6a8590d8ef593b15a7f1ef4c16807da2d,589.285714,7
9,a34b991db4f83afa2a9ea4f68d7b83283e8be79c80994f99e6d0c3661f3a353a,399.571429,7
9,6348601f5db4623d426a7fcf2d611acc5c07c606a01ad2a9bea473b3479bf7ea,376.857143,7
9,dc5c65071ae9c6ac9e422fb63d53e9dff69c73af369475da4227191cbe78a0dd,304.428571,7
9,baacb32663a9fcdc29a0142d5fc4118bc962a1fc7216cf7bb283a9b1bb2ee085,328.285714,7
9,36984a0045dce2b63a4d5b5dc9d669a499c2e120f75c712d615e52d21174704a,291.000000,7
9,5e3efb9a9058f3eaf7efc8ca7606d69c76357866a8518e264542cd2926f60a9d,688.285714,7
9,db013a51f7190f7a8a04d880d00ccca4003f1e129c727a9763806f773a065ced,393.714286,7
9,8cf366e8833c0adba3d127f3e63f8615a6d1e6f62a78c42ec101728f7e1317bb,367.714286,7
9,812b961468cd974e0e5047e011ad8c24c9da8c9b539549a9a2ad970577f4218e,437.142857,7
9,ba767b6cc0f20dfd23c586f4e29c1a197e6ca532e70047b0e2178f08a45f0b76,479.285714,7
9,5b0207f655b1d8e0b45cb566b92776f8b24429caf1e43303db71c5f9c261803d,387.285714,7
9,85aeaf75075c9ba656a1be41a2433a493799467c096900749ea1cd04b7774a30,357.285714,7
9,e5b7fc61d942456cf65e72ecd197ae0c0319cc2fb188fbe2114414622ddf777c,536.428571,7
9,d102e3fcceac677ef5c5c7007beb5c40fec1a38df428bbedb24a4137f28841a1,471.285714,7
9,5d79000dabc8cfd5bfd9b7fb0b3d36712f56c94adb4d242d339b3cddd46719d3,409.428571,7
9,5433881d983b68dcb93ff55e12456fad43008e127556f52974fee3315d8c66ec,244.428571,7
9,b72dc930719b9c05db464f6bd4f602f8de74a50dfdcf8ddb7a4c3244a08447de,271.857143,7
9,f40f5cdb8da9ae1d6d0f1b66d1b7db2f00a0dca16d646cc008e7c384e5f1cb4a,543.714286,7
9,705b4a7a35999c1ae3ca19d9f139ebd8ab1015a1a2985125e28536b1d9622d9b,395.714286,7
9,d4e8db3d220adc77badfaf740dc1f55073b782c94acf54084be18ef2077c6669,576.000000,7
9,f8e491becf5f709ac4ae1b1ac920b813c3bfcf7304d1fa8c16b1698d6ae3eb0b,609.142857,7
9,d6eacea2d250e7f0d47d0cb97eeb0fa1c01b2523ffd54f36cc4071441efc77f6,531.142857,7
9,6181f970f2942a73a992f3c2a35e463f40d9da377810d49450534643b1ec11ae,581.857143,7
9,6d762e98d5e584c012f3e60d18e17c175073516bfe372fb204e5f435fa5b697d,687.000000,7
9,8d020ba384c15f0bf0dfd5dbc0e45a15401d1e6689963659d016598a18287c49,581.000000,7
9,bfeb7d8d0ff37fe95a051f58578f78fc93c3ebcf817b02426261178656cfd86e,446.000000,7
9,842a318332258a71721310d2f824754579fd639c09c8a95ce15dd5841edac4f6,438.428571,7
9,65c7af09861d50b457f4858c4514b81900775bff1f4e7f33b97193d9fb7fdc58,643.428571,7
9,2ddaf82444e677d4756998197720e446a5bb1e7c5eb1decd9acb1906068898b8,440.714286,7
9,7616f1978ef34d3dfc74867eb67f5747ef42dabbbabe3ffe70c022b50a20d83e,639.857143,7
9,2217cd5d7d96a3b08f85f5fb065728424e50d836f4e0ef7a15b5ff2c624a46e7,489.000000,7
9,b0923d9b6773408fe4c167d459424c03d7d6e0b30297eec0aa971d0f443a5e84,709.142857,7
9,ee0a7bc0764dfb57f684e647c537831285faa2e79972112ef645639ac14e7a0a,803.571429,7
9,f10c04ab96cc1407f491c9371ea23a1a331be50123613fc9b82e44fb6289f198,775.571429,7
9,a9e81284efbe18d952d53e5af098b352497f515749262f1c6119e125fd518784,783.571429,7
9,3dfbd4261f1975b68e36d0d8a4195f3653832dba80b7333e00e8c79b8643fca0,1138.142857,7
9,337ae3cb00808b45331e99f3157a9350af19e5281655f50cc9a51a0a6a160546,999.142857,7
9,26645df61c2c36cd4957aba2aa4d6105a3ccb2bb680ad29e0753830e599272e3,859.142857,7
9,f38cc10f395790644c3b41bc1f6658a3f8dc49736461b9ac6e87384c65f2f5fc,794.571429,7
9,9cd6cc29057428c1af882d82adf9e74851a44cc2064908d07df90759d45d4779,776.714286,7
9,4700b51c9e03b61e7ae0594d5b40fdff1e2436fb2e323ac642faf45f73cfc669,697.857143,7
9,4bb98e0f5a17ec3913da80e3e557823832594b56364b5ca55b4e0d1bc4228e37,672.714286,7
9,87a784d323bdb708244243eeeaa043d546df8c4582eaf59c3317ac4b57bb982b,652.000000,7
9,26357a16495ce8b0105ef1904d8a09ba45e80ea6cc256224f72282cd3cd12107,521.142857,7
9,11efad3b2891079324c8732b6bc2956281ac36b0eacebd77c7f21d6ddfae5f74,453.000000,7
9,45de66e3549f98f2aba551df7bd1d555f47ccec99047d66d5904830b991df58e,627.714286,7
9,ab3e73c198a107594f3eb28eb00758b94f4a6ed40e384d73db4a4d7db6f538e7,591.142857,7
9,e42562a9a66831e901ea750460f37ec5a759469a733dc819cf2f5a1646a8d4b0,408.285714,7
9,5bd8bc1340bddc416a226440f080973a8cf0812aeeb9f641f2c12aa990568be8,457.285714,7
9,7c7d1d69a9475b9dc15ba3099292478c252f565159d8bef923fba42b50f3bce0,509.571429,7
9,fadf3cf103e81bf6ee4692c31e53ae770499d1ba04897db8d1cc3729bff649f8,349.571429,7
9,1b0ec22760eb302106afa7c9671f825ffafeaba2be93dd92a7683ed3c3aa310e,434.000000,7
9,b05cd0f987730298b0be75e65d474c189d4e760f35cdfad11445bdd39013272a,472.714286,7
9,35d11274f815c6aa517ad2125c1e701dd05829625cb91ecd4c2c68df15979917,446.571429,7
9,3412820bb3cfdccf80574434d98cf5bffd490832f6d52d322ada228482c78382,355.285714,7
9,7f82b22212944f23da08dbfa12ae18cb78a299fdb8e3463d9074b28ed7031fd1,573.571429,7
9,90baa57fcb6209c84b14047206f0cdae9dc15e93480d143cd1564213cc9a7ec7,426.571429,7
9,5bbb277d568fd5c7b202b39524ddad791e5c751fee70ae6417c0f19428658460,639.285714,7
9,63f1ee7d82913ede68f1257c30efe642e986c2b44be185acd1dce570161a93dd,451.285714,7
9,3a581c0ae81adec8b31ce2e5e6fed51553df4faa379d2653763854927fcf804d,410.285714,7
9,2579a5bc26fbb4248c5ec7abb0ff6ccc42b4a8fcb76e79256f4058880cb7e46f,481.857143,7
9,754dfd0f916533a5f2ad713289654ec836236bd79438ce4615adb245fef36cf4,524.857143,7
9,fac365d2aab816301ab949ee67173101427db6c5c632ef85ead4c45a2549771a,366.857143,7
9,d7979c7f26ef5d1bd905522199791e66b3c4182f3a5b3f7d37d398a41c6d72b2,590.142857,7
9,905b0216f9d638091dac81c307b634dde5864e356f151393078ac0b954f38e64,570.142857,7
9,0dbf9425ca49cbc4ee38044c71c68358335054b998fefff07c32866e0b942dc8,472.571429,7
9,f04d911a55f27897127c393e7b3ff59525baa53c1a83fe6c746f7d750a6ff165,434.714286,7
9,5b71002c20ad1b85d68637bee37da7fe52ab123ad71c92ae2edb8006d9876067,297.714286,7
9,f2f98817f10af66219e81260ef9feff85eaebeeddcb4beedd58cd7d163243de2,408.571429,7
9,bd1e529a0523782382058b04eca5956c861a1bf3acab7faf585bb40bb5b2cbf6,399.857143,7
9,a93de768b675c5e13e9d4691952ef3302d0a1b4abf0d227d2003489a0f07a764,284.857143,7
9,3c69d77b847d398c2bed5ab6d249ba6873335ee0f2e85dfbe16c4ca5493fb743,540.142857,7
9,186dc7c9ae8758a6f0f6c779b8df24db7eb70f2390b335b24f595b595457242a,530.428571,7
9,7eccaea90afb5124586b4cb57f707f2a6e5076b74b65a6b666098f99b083e44f,432.428571,7
9,8d901d336a68dc188123a48bcab3ee3ddff587cc7dffabe2b89a88c4dfaa01cd,439.000000,7
9,070b8beb72c5168e555c7f1390d55466cf2742d8757cd8ed7d75ff71a7dad242,411.000000,7
9,ea82a5e20316d74fcd6ad0f22d6d482823f1453df618e9be905c79c8dc2d79fa,366.571429,7
9,89179af8cda03b8aba998b7929f0fcbedaa848a8829ac9e7f73ec4a6d6b8b63e,283.571429,7
9,0b1bbca34c56db5bb59ae08bfeeba7098d70efbc695c4719d8491b1e5795ecb7,458.142857,7
9,ed2dc2f54be4dfb44c191fbaa58f95de4fa6c960581220407db493294fc9211f,461.142857,7
9,e15877cf4c8295d69238fe1893147f4d9d64bcdcc04f9d4eb16a699d167b7bd8,501.000000,7
9,48dc322c57e90ae613ac7c98625f8af1c52682471de980a8d1a2bbbe2787c49f,454.285714,7
9,8a56529f636c00a85c35cfbeda2ae70cdd35eda0c78cb03c83d6f0e7ace262f7,501.285714,7
9,b6a14c51787a6edbc881f5124cd7e7a46818480c228dcc64722e25e5dbe970e7,417.571429,7
9,4cda11105cd29b97db1aa16a131c8af2ec156af268c4085e67733605385a2d10,568.428571,7
9,40ff2eff6f760f3a02de78e1712b14b7945f97cd3fef0dc6df4af5498b2df3c1,516.428571,7
9,443f042226ac262e06b5903f0a801887c33cb95a2d49ffed4a733bbe7d642200,468.857143,7
9,1926683c2364d180cb285feb92beccb850e32231b0ed62b2dc8b323fa8fca563,328.714286,7
9,d37b7569be68f02301c2a6120c3269fbbb554a9c999e632c10950d53756d5921,628.142857,7
9,b841ef99ba7b58ad431a642acc5a93bb17c9a243a6e77778e2da668ed7d0e2a0,637.000000,7
9,866ffccc1555ccd5b3612058cb6b25499a1fa909f62f41523c2f4d5a226b0d86,356.000000,7
9,5a77fb65c3c475b72ae04bff69c0dd54d87a1ee2b88716fbf5b9c933a55a26fa,370.571429,7
9,7ee7df570859cff41a7f53037f3f87ab1db76e217f192bac7d6f4cee6ec827f4,672.571429,7
9,385ba40b8784d7ae73a9bf5e4f983aa6c48639e5543dd2623d20f4a4c19d1f60,413.285714,7
9,4ab60ecbf40f81657bac8ac2b56957d99d469ef200d86fb013668c2ad7420d28,293.428571,7
9,44bf89a659a45c160fa041021a0dfd93e77601f38000f7cfe3a8d3be4a09785c,533.571429,7
9,c20ab5569f51e44e3fd6898c77b27eb01041d0257553494f7661a207b3e2078a,574.142857,7
9,d9efccd6e7f4a5274a31c223d338761e24eba74f190c833e6cc35b52f9d53fd8,498.142857,7
9,02d9f6264cdc642221dbe213c4270ac1ab4d00984fc5303e650397686c6c76d1,248.000000,7
9,7f219209116cd6e167b82f475945c2edc25b436f5a0366d1eed55c19e4f4f0c9,476.714286,7
9,c7173f507b1e8ac827c0072b6bd970406245d358221ba14ac0a2d242d9ee0eae,653.571429,7
9,c67b2234fd592e3c2f35e07442ed76c7e6ac10ffe27b624656bc0cb751029d3a,519.714286,7
9,4be6105323eff511704ed55bc545e7c48cffbd8c5fbe0f72f5ef4cd317ba7fa9,410.571429,7
9,143cc0dcc3b9ee9f6b9d3a37a21d9563d78d2e5e7786c274ad4f7ddcc425b069,445.571429,7
9,2f05cef4f8e4b50d22cf8dec93d0ba8ef250317b8377149fa15db3317ae5cb8f,526.857143,7
9,05c5a74ead0014373343a0480d07041fe0635385dce5a415a8d08cad734ae0e9,257.857143,7
9,d6190a90c1cea114593e25823a2de10f2953ddb000816c8e8c26f3dda7186159,478.571429,7
9,ff9fec049727b2674d6d693b4c84b5781d685f3a5bb455d080a06adddd78f4b4,488.428571,7
9,e1635da124bcb18dbc104939c5ef6e3550e8b3fc46d1b5085c2199c83cf4de3e,481.428571,7
9,c4c0cba0b65fd29f8b13facd6c95a4980fc4e94d1b48e442f8dfcf70b044154a,273.285714,7
9,496fed7e6d2a8f625a77e470d2101796813afcb1e434aea89b8f1438137aa495,542.714286,7
9,e36319ade6b3ba00af67065e4890cb3100220d8336ab2ba78ece88fe8da5d3ac,679.571429,7
9,dbe305ea002f825508096df73a421578b357fb90349dc34d6a93bc09f48d4328,352.142857,7
9,04180ed0f9014c91d22622e5109b867d7ebf2188afed64b69a0bed3ea9b86a5e,523.142857,7
9,405f6c4e91b16a008ee1afe6f69ed4afec0e4ca1b7b98f941384864ccce4ae2e,374.142857,7
9,ff384e3904e5bd7bcff020ad92273c09cfd97451018938e4fa9a80797a532587,462.714286,7
9,697ccb4a71881f8f75caa2c574cdbc8b00390cc2d35758805e26469cd27cd706,465.857143,7
9,9e9bbea21d1d1cdff5f544d8c997a1c5a1b8035c52bf0b7d5805c748c63a6ce0,450.428571,7
9,87cf09b0550df6047c0d6f63c38e31b4f304e5c4a2643727c731aa034c7d7df8,705.714286,7
9,c02dec3b1b5f5e1e557729eac24560ddec61b4157d7475c5876042a85a15a268,339.714286,7
9,8a764834c2ba8ccc314fcdabd34835819c7bb0f8bf72bd5f633554c40c1f7d33,654.714286,7
9,469e523b16b548990865016ca918e411fd8d51d7d910dbdc54fff8fe7306d92b,703.000000,7
9,8c734dff7b23e935e77a5abf9381ef3b03a448b808c91026ac90b95896339968,681.000000,7
9,1dde740a8332bff4dc497cf55f57040c62fca6a8f01076b4e64de0bd98d71f6b,447.000000,7
9,65dfe73d8df85dfa6d5f7fd77b8aa0acc7967e7ef329ee360e42c0fd8350c15d,345.857143,7
9,1508b7b3c7b112ee71c152f602a0d8931f2ef86f6fcbd7b633c79cf4075b9f6e,729.857143,7
9,62183fa6ac950211e17eb89b547f5aaf4ef70a32df810f762da78432200ddb9c,495.857143,7
9,7419ac6e1512dabc404cb56ad7cf9c33f19e1bfdd8da8d679a56afc91b6162fb,469.428571,7
9,14ed4cd2d91af7fb6c8ef031ff725e53a417377673a002052cddc6aea29e54af,408.428571,7
9,fc8239474f9bab3c74d0c19a8400551d18ef9c3ec6da0ea3867f31dd6d0fadab,291.714286,7
9,b11ea7b4cfa392768381d62d09369e94d195c4678f7b2c256cc353cb2a74a0f2,402.571429,7
9,585469c6ea6db3b5a08ce1d7ac4465365e807089aa89cf68134e0a51139308d2,388.142857,7
9,8a4f7aa27b16c6a5bc9d2703cdc1eef184a0d6284d56da7521b788f17636ef5a,517.428571,7
9,b2529f792b5d703a8b0b1fba5e1544e132c16510cb3d01185c900992ecfeac6c,521.428571,7
9,a4fa98c3e85d9bf2074a7979402b7981f34bff21b004a2673015df95c95f79cc,559.428571,7
9,0b50e3a347df0f37342bccf218f05445df91e43bd218b121aa03c4e6a18fdfdb,354.857143,7
9,bffbe91b40a2b5e5e134f632323a28344860f0ed358b41d2fdee506f8887ca85,641.714286,7
9,9611d914f4d79d57d6a1b854093dd670ee9bb50ec9e35d38aa8248a939dba058,535.714286,7
9,4cec81a7c3f13a101d45bdfcf15e821674ce6fab91ce0a5d520b4498261ed8da,457.428571,7
9,b47ea34eaeae77d357d23079c413c51e459fc502462831cf6ce268bd14be0541,696.285714,7
9,e54024611dc07a955bd0a6c086038ebdf1062983d0f0844b391e1416d6b8b036,615.285714,7
9,5a6969e0b960336e9c1ffdc8a2f5315d534c3c3ca87956ae486f114fce5292a6,563.285714,7
9,dcd8d027ac4029e8bb646738fa1e3bed42dee81175a661ab3147d01e1c8ba982,611.428571,7
9,acfb19230ee17aa45164b0e11b340fc30c0c87f3b434edf8c68950fdf5f79dcf,392.428571,7
9,41529d9d0b2837ee11c1dcfc3f99dc15b14e54371a8d224e2dc6eaaaef2e6403,547.857143,7
9,410395dad17a890fcab498637763dcf4890f816978ae99e7dab24c9875efec74,369.857143,7
9,753134e99f15987d0edbfa8b961ce08410d88dea916a9e3333d6ca5da804bff9,323.571429,7
9,3bf7059bda5622e08810b5099df81761600b8b174ba860984f9c3eb974a08f66,526.000000,7
9,a09b7c98430bb6daf2142156aff4624014c1b43a0b451e25a462a035fa179274,335.000000,7
9,429b8154f1f66e538010619183d6707910d6a6f381564d5991b4666c185b7ac4,462.000000,7
9,6d09aa0eccbf103e11d1c5775818fb1ffb9695f5159dde29649095b6f12c334c,469.000000,7
9,849b7437e1760f71fcbb78db7ad09d0c03e900498d17ea88a2e9493d97139af5,568.857143,7
9,0177aef744221af97d1425f671beec7f9168ab9d08605952198b3690447637bf,538.571429,7
9,b920c9ef7704c53526abb18bed5ce10da097f51503363b35f3796172298c8c0d,397.857143,7
9,4e887b1bc867e509a1e55a4e6e33555691fe7c2546fcf6b1db783e4c6744ad6e,544.571429,7
9,d112371848f82eb74cc02cd42820d50f86414ca71cefe179a4a74a150e4c2376,857.571429,7
9,ba64b788b66612153b220fb49cfd6e491f75bd8cc506c41b86066ddc107316cc,609.571429,7
9,9c2e9b6a704cc756696382826936950ce7504b16771136b0f636944eb0254613,490.714286,7
9,c73c9dab4defb3fbe07d16c8527cbcc76d9abd5b6ee854f0e58d708d47b62ede,359.714286,7
9,d9bbc9574dd562667b8be4dbdc7f3ba153da573f9d1b471fa0be57a6c08433bd,478.142857,7
9,fd1e75db0603a6280b95e53669514f0fd0bde5950709238b11e84d15e58abfa9,655.000000,7
9,de836db0e718f48fe15c9c1859e5a51ef973a99cbc941daeb49ed2806fe541cf,570.571429,7
9,a47e36991ecf41676bbf36c7f16ff6e83fb1360678ab9c85be2a6d40b8344042,516.285714,7
9,b0b41d39e702e0f5a22781c13aef4b2e4801039d1f40208421b26051fb7b07c6,472.285714,7
9,811853ddd35d469eaef69da2a209f46b55b9aed458f0db2ff80e830d04b13c0a,485.285714,7
9,6bf4b220e6de030a44d4f156c61f9bd2c192bcadf69d2a82a7a7f68212572b47,559.714286,7
9,557946198ea6dc51b3aad80d2a2ddcee96dd7b8c52267e6aeac2b799a549ac6f,616.000000,7
9,f149f48d033fffd829b2176fdb5a8b1b294e09fad67913888e69beb9cf746acb,402.000000,7
9,b4982d63551ccbf8f0ccda83f04803c869cb840cbc4a4fd12f3a6f203f32c723,718.857143,7
9,153d887fbda3e83a9fe0e660936bb4280ac8473e97093d1897ac5425bd865e15,540.000000,7
9,05824dd25c2131744f674313601287f4af93a69e3466628214004d9498229027,403.000000,7
9,d93fa113dde4db7dafc9b3cca701312051fd4c4ba92f6d81c291d349e3f135fa,576.857143,7
9,a291229aa465329a9b7d6f21ea696993b66a6ed255c550513ae21f4cdc420b90,479.857143,7
9,3438ccee3e5d1e398a0d5e3348387a63b9e303c78537c4ba096b36ee82c31a07,388.714286,7
9,1d49baf3ea7dd939337dce03774f7b0413b1aff4083da266e44db7518d0b35f2,478.285714,7
9,65c8f7a23d6bae925af813f8d000055a92169e07aa7c1debda1876f06d15686a,389.285714,7
9,f2cb120d1afb52ebb3beaffbeca765c48ea16905cf736d3bb8c9e2d836fbdecf,363.428571,7
9,0221d4f986e6d9bb2803b1a9f50093f0d94f65bfe63711558a3846b73404f785,424.857143,7
9,40f932b0968a1fd97c29121e0a64909d0d676a3a91868928db482caefb1721cf,281.428571,7
9,b87731334508aef935104a62a6ae6c977be72b215b42820cf270101c6b64db87,291.428571,7
9,cb9ffda763fa71f85f465dbbe437297382ab61da8f930ff6848fcd809500e578,382.714286,7
9,07c1bd352a66a1f1b530f2873469cf215e4564760b6c2b7c34aa608e04d45358,450.000000,7
9,41753bcf40d99717cc7d5c96cbbff43ea5d423636b06cdd1503e60b74d89c758,513.000000,7
9,55d5c37d125655cb0e52dc0ba4532078582a665290c448bd218db2b980a1901e,394.857143,7
9,7d31c6c6785b145047d033665ea6dc0c86cd856b8c25523234ae1d5ef8ee3fa6,535.285714,7
9,7b9b36826a803e9d4ac34124c4eff7b71ea5d01e39128f299aa3919621ba2043,395.571429,7
9,7805fecf9c7e12abb29290bcc14bac986086c29eb110c5304fe67c5b5e79b9be,407.571429,7
9,7379d745a809788aaf122496bd18aab89d8da7d0ea0709f96530a835c7b0b443,439.571429,7
9,77cb8b834d0d092deb82e59223f13613210ba91c2d24702bc817c36ba81e34e6,480.142857,7
9,976c6e7f9382296133901135b36dad88608e8008a0ba84aa08ad7e9bbc483901,543.142857,7
9,102fda87c41c1021a4db39860b8390436bed15031bdbc6f184d363f5ee272978,504.142857,7
9,fcd42cc48d939ab762f366d5a0fb37bfba9a7671a36e2b03f6180774625196c4,511.428571,7
9,c7f2ea83d5ea8d67fc61b13fffe60ab4ed85b3b917c8417aa67e92537ad19915,395.428571,7
9,fb0d6069ef6118e52217ed6fbd95af5efaf34b04c4d314e54f1139032d3609ed,639.714286,7
9,648983a8bd9517e4b8ef0f58005a25221c77c745a6bd53884256de314bb0aa5e,556.142857,7
9,c7593d6fb617caf16466ee86c21298940a550fd0e89a3ca8f1707be2086086a8,426.714286,7
9,90933c21c30610f872f73ee53d0017d633028089977fe041ad4138f82770dacb,500.428571,7
9,3ce1ab68764c0eeb3a2e70d19931d1687ccf12e99fab1da202a1883277a39b3c,534.285714,7
9,ca6bbf8f0369198e9582831bce0fb87bda272c884a8ece4b35fb08024010e0a0,308.571429,7
9,3dcb16ddae436cab81cf470a179760eaf3f2b78fcb4c9a5fa640737377780648,495.142857,7
9,6722a88a25c96578df0c6254d2a1dd2471c1bb6802b422a940b67ea5a9fa1254,644.571429,7
9,3c6989cd1d44ced64d972d7a3d65550badae645fda5568faa13312947321d5f9,437.571429,7
9,f93e5ef4114b82715feee7f56fb8713fcb5746517cb8175877a21d15b848599a,531.428571,7
9,2fd5f1cf8ab5bdb43d4daddf731b5eb17a9b672a0b3f2f2a9c13946974101bf8,435.000000,7
9,d041fee768200e4d314e9add49c75cd088c19f5eff3a49475f1647d4f29e1863,604.142857,7
9,808d2c8aff1243e92a16d31ebae56a9b8463e9284c098a04e0f3fb4076d650d4,622.857143,7
9,2affafca48366b3c654645345cb7ab5d10f4007d15ccd21fc74739822990ff05,358.857143,7
9,eb1dc5429a2f4a62788c397a1f9c4b4a076974ef8d35e0d084c5f87e02a5d07b,613.000000,7
9,d32fb45d2a10376979ceaebf74128106a7926db99b65ca646f4418308261b1ec,448.142857,7
9,d60a18228f2d823cd573269c78d443bba8a3681b6dc66c5d394a48b4b1136912,299.571429,7
9,db920b789fbb5925311dd6e8fb3df15061f2e267d72a70076ba368a1af846dd6,535.857143,7
9,f8823c89603c6baddeb537eaed7e9b01defc2c368cb4d3fcc016a9a81c3ca502,598.857143,7
9,841c879cc54747fbc9f9efcf2918a44261ea210de238f937270bd957eb2bcf3c,362.571429,7
9,a608139fe8cd59b2d5d1723f30d9dbef23ac7f4f4d59818a6af87351851f3999,348.571429,7
9,926fb3a89168a820f0a5a0096b349706f62801055e59e1627998a43fde8710da,395.142857,7
9,380955edfda664d4df7ba2312d8dd8a4270935a7e2581b7756593da532911d0f,517.000000,7
9,65af5e85d312b83ce030ac60dbf33be7a5836f3f7650e57efaea3ea2fc7b40a1,388.571429,7
9,1b5c5628148dc00059dbc7c8656d11aedc4fc6f394bfca040b9a23afeba2a630,527.428571,7
9,1411c1ac7897f77e5639b7202b51e4334f45d30e508a4abe62fdc753b765cb49,555.571429,7
9,3346c94b1f4cf64b151ec368e4e0b2b0b67126fc702a067a55affe14b681e894,656.857143,7
9,493247cc9cda4d9ced12b331f98d9d8c85a023baef02ae4418bc1b18330f11ed,454.857143,7
9,e1121e15dfeec2870154e714c44da9af0ce66ec9d3906c4ba6687303d4f30571,600.714286,7
9,c1fa6242afc6f5c2f9c025c6883c4772a1432a973b995a6fb83573836814d35f,584.714286,7
9,52e372bfe2a88cb0d5b0fc86ba3542e67500b5572df2820557d12b0aa509a946,472.857143,7
9,47b2de972f6a43d6ea8ac9dfd989efbcc6cd6c534220add39ed328187f60e690,617.428571,7
9,e61e452be545104cd72a4d1b93de2015aa4f048b938bece04f933e4cfdab1f34,542.428571,7
9,80e81718ed5929cdca9095a6db3e27cecc84af1499d639a6cd6eae4507138e18,322.571429,7
9,a6c59ccdb24686a0ae8b0b2cc8887c18ac28c50c0cc4ddfefc357eb0c823a0b4,464.428571,7
9,ae1de035f3a235c5bc8d3d1ce28f128af29a58d32c214a99f81661ca342bee19,604.571429,7
9,fa5ad56d51c47f4f20ff27231ffa5b7924a3e57a67abb5840951775f871c8a11,581.571429,7
9,8198c0da84921ef7d657a2bdd85147ccae27a65e81b43dfc86585fae914a4b8a,534.714286,7
9,eb90d52fac2dc10fa65b623aec6f609028f547352188ae35a1f413ff97baefec,614.714286,7
9,cb07886587086ee5a41ce9734372f9196c92ba53f73afb3d1a3d3b5aec061b72,559.714286,7
9,26545545f6497347ea29e357b77f62030a1e4562fa1da97b1ccb8fc715268f62,577.428571,7
9,ac99ef98109c0e8dbbf9ba5d14560ac5e8eb4630dafa220d7348ead3915e62b9,558.000000,7
9,7168f7b42d72b0ebcfe8626c24d290fa003305363eee84487eeb5aae0e6bb5ca,666.000000,7
9,bbd08545370782d0d78150d9d2ea814ae40017d8f6e764cd5ec790c6275682f5,551.857143,7
9,e60a6c024ab133bf292c1c0068479ee1e0a52119dce4a32c5a819cd14dc8b603,431.857143,7
9,2258149db4abf70fe75f7cd50910cacfc73dea19d2aa244535cd6644bcc41d18,539.714286,7
9,458863919e1652dd65e92df4179c6a6a83b6284c786660a61e828591d63a227f,363.714286,7
9,8a36f5a4c9a31ba998624be4662a7cf4457012299dae4b270a956d891fc3ba2f,761.857143,7
9,f692e5e102d7bd3014ac7673e35aa7bb3ba87221af3fa58dd54a64b3f6339bd5,578.857143,7
9,9260135f17f935e351c6e5890c2cdf5f251181c5ce6f59f5abb6961c64d926ab,387.571429,7
9,5290c74bc7f2f8ffcdc7aca9d7308223036c8b0fa39b9a04f29c3956d8e762ac,277.571429,7
9,d15127a22c4ddd99db37711e766a140ec02f503ac52f6081117877d6e1c888bb,406.714286,7
9,5685afa2d074ad668b52730d4e1e370968b224702d673a11f7ece4b9cbae2bcc,539.714286,7
9,d4c75c2d6b1ffa54ac0ab50859cb16889d85485bff046e0c02f690286d21face,480.714286,7
9,48f3cd338b54a4cc1f7c49bf17de98fe01906512b06dad6d5f8b011fa84842d8,296.714286,7
9,85c588ab1cc8e9f228241f8829e3e5b3074c9471caad3d16af49ca235e7f01e0,676.285714,7
9,4b9fbe05d4ebcb21c29729e4566cf691117df23c0ce1cbd0a8e56c55948c8341,468.285714,7
9,b2c440b440d95291849649a66624bac652a8ab072918fc4876bc8235a876d2e3,346.285714,7
9,74b73b7ca2336d7c8eb1f177bf1e81026590b0a884bb7702b36b5f85668114ce,554.142857,7
9,e139a56c37c22ce4113dc66c9717bb774bb71886457c2952b2e0606c70bf6adb,436.000000,7
9,8d9d450b7c5a4bbfadd75edbd679730dad4abb25e5a462448fa7a88e03be7f9d,541.857143,7
9,5380ca9654be4f546591d24db882ca71eb3b336d578869b7bc02cd8c949d12ae,559.428571,7
9,0823c79874184159f44cd79630d7037080bcae28fafd197e4c38b8d2b47973d9,343.714286,7
9,2da62478399ba4af35a1aacde5f899eb7cec1cc7a41f0f3a589e8527333b2562,712.142857,7
9,9a6bf47b6e7748117ea78905156e4efc93cc094e4ba426cebcb9f0b42da9847f,402.857143,7
9,da5ea26c1f4c746a2f9deb688a4cb34093472625d8f1fbf0f960fea99f746cd6,694.428571,7
9,0a824e6404372fb910d918927e16e4abad4c2389c2595a3511df9c2dfa0552c6,375.428571,7
9,bf2b49ebf345959d0ac6b4b26529da95e7779587399d1386596b81352e704e31,393.571429,7
9,0b9688a87a00ba034e94c292412e5e3ebc05f3f4d36cf62d2b01c865bc261684,563.428571,7
9,1beb26776c85688a652816582827bc31725cf590111fcf71776f0169a858dfff,390.142857,7
9,8b79fdebe4a733ddb31f6dc6aadf7c35bd0c0b7a17f2b2677eafa1c969fed5a0,361.142857,7
9,e69fca2f644734c35284df4d53438dd84679f3c7f2e1f17a5ec6e653c426c5db,415.000000,7
9,6118b0f40b329d1483beb5d432d09545c8ff1f2e675ecf9c504b894b2650bf88,456.000000,7
9,a2b935554e161f0e6ab655ae4110146f1c957cdea7749328387fd13a4e431405,379.571429,7
9,1813bca435f0e35f1ae7c7e364a30e3872ec7564d96beefc41e545fb3007f419,441.857143,7
9,d5130c78713540f66d7e450e945a3eb16069ed20b0070ad93acf020d5fcdaf52,587.142857,7
9,60a7343e895631d8f4336a2cc166bdec730766b50257b3da8e2f42ae596accee,532.142857,7
9,ca04782d557ed80a2011516e2788d544106210d1ad69fee409b30b26534f8356,556.857143,7
9,e19ab8ea6a609740b186d8cba79ceada6df044606f54b43c1800e43a1071618c,542.142857,7
9,1ab5a2a259ef48bec7bc8729ac7a93bd50dec05db311ce73769141ce123e23d0,332.714286,7
9,ae2657bb8191e7ad3401e87678db1893e3f6f995497883af7d5dca32eebda4de,335.714286,7
9,100e8980208f50ac207406b8150c3b7f22d6390b679351af7293d98593d07a8e,545.285714,7
9,ccc5efdfc5bc2e8a4bd6ba512940121b7dbb13c789698dcd8fbe62a43b37e029,319.857143,7
9,df4d3587ee01c05b5f85508902253a111884901a569d9b66ca6e86707892228f,551.428571,7
9,51e60eef09d84224ae1db1129eccf78c76fa643ce08ae525f1860de0d7b5673c,620.571429,7
9,89e7e5d8b1e5cd40b3e26cfb2430455db1c1bdf89d1fa568d4af09dad27cbe77,344.000000,7
9,0e1b7473ba916354901804f2488cc1d4d0ec4d12cc7efa7b94396fa3c238fa28,409.714286,7
9,2d1e1873b472b02a4b8c6506256f63daf6f9c9a30fd5a162c27a1cc71857366d,335.285714,7
9,11857f456c354290c06eca676dccc96a57c9ed07623575d2d3eda834e9792cf6,485.714286,7
9,b093231cfdb599ee7806d53a2d1f5ba880ae4985d97dee401ca9935d342813bb,510.285714,7
9,e1fb9107971588fed288357f07048fc6e21bca13db5756c8f6dde2d43aaf7225,680.285714,7
9,a459811934479ed05efdeebdcb360058195c2cd37e71e9874eb9758a2cb5f343,637.285714,7
9,a4a65e570b84f84e75177edc504c323e7fa034c28dd6821e55724d215369434d,459.142857,7
9,ed0abf218f6c2ea72dae7fe5c0b40957a6f6c633c8834a8b1cfec2cbf3e28120,682.142857,7
9,7e70fdb5a69676c59570f0c529a6b207e1a4b99074a62ec4007bfd8bd65f414c,569.000000,7
9,7a6af033cb56ea12e10e552e48b99ffe9bd0a6c51eeb2b3b8a7b1d8fd8d14adc,526.142857,7
9,cb709bf8e3f40033cec1a56a62fa3b2a7c553a77a442b8f1100399152ca63203,515.285714,7
9,a34317ce334987dddc8789c7afe000e0349e8648139c48610fb77145e597a6f0,391.285714,7
9,bcd9e316647a929668548cf23392978fae5bbd06d2eb3c8d8d29a8fcd3d23eec,553.428571,7
9,c55b8f0ecba4a610a44c70a911f4a8c8a18620b6b56751d08f28faed11959a91,529.000000,7
9,bcec32bc5262a1c4632045307d46cdba80f6689f003862b2ac276d0189eb1ead,501.000000,7
9,5c0f14419db49974d36dbb08a8ada9365874f0481e550ab357b5b64f2b682019,448.000000,7
9,24150af329b7dd615bd6cf553e453606621eaeacf67bb7b276b3f84289e86ea5,430.714286,7
9,e36b90735fc84009a27f646471d3d4c2bfc77e3417c250a8e82b148c9c4b5e72,475.714286,7
9,2c777ba6dc005caf1d583e50de7a490ef76e7a16a62a0cd182e869976f0a41bf,351.714286,7
9,40627db5a2a8a485a3af9b99de1798e5fa3d1db4718b8282a8f87eb93ad8e8b6,339.714286,7
9,b9d10405c820a51ce8f5cd8545f6eab34ed024c660bb197ad9cb91585b9bb038,364.000000,7
9,db42257776bdbea31aed4cc0801bf6b06ead0953f394dfd53196fde0d04e82bd,518.571429,7
9,4960bacb3670772c72b7e98500abaf7c6a69c3aa0f683a89527bf7d527d59c88,453.571429,7
9,f9753f08428eb133853b938f5c41d6b1de7f47b1ade2b233837a2540b523b4ce,321.571429,7
9,65530a9fdb306fefeb0b1875fc077b44148b390e552ff1fa67a5ffdbfa40730e,334.571429,7
9,4a33c3d7b710155b0036def8103443789ac78cdf17981682f053b01e6f3c839e,473.285714,7
9,3219193110f969d17ef032166bfd8492bd56ba41522d4f8272d2bad46b245fb1,410.000000,7
9,6132fcdb479db5a9891f127d26dbffd84b5c1243e30d1cf6f0e5c4d11bc67849,512.714286,7
9,c2db575edb55928e044d22545ca1227c280940c287ed37f1d11046d2d341f81d,365.285714,7
9,c1e3e66d63f3a76aaaa3834b2e57225fbd30e9daf08bc3dc5248c7b58846cdcb,392.714286,7
9,3b05a670d3a6b918a47dfc4a24aaa6fb0c17937d9e97bc9017a96c079976e1a0,478.714286,7
9,4868e11633159da9c1925a5b7bff857ef5d86c0568e56e289f69d490566eae2c,408.428571,7
9,6431eccf1b2bc173e9972307a550fcf3eaaeb6ec440384d4de4fb7df2260a948,534.142857,7
9,c68fed2ee6650956fecea7a3dd3b63cb350cc307d5c222768a2a0c17d9cb88f1,559.857143,7
9,b21347795a2275b50cf87de08ccaa530053fc8cea11af55d6286c3b0ab590fb9,451.142857,7
9,499104b2f9ed943568f1fbf2f870ee5c707fe67699e2480a1032ca8edda7e085,571.714286,7
9,c3953faeb1fcd7071095e075e93cde9691131b55981ebbe73fa84a65e241b51f,442.714286,7
9,1fa93a9064472d15e75d62f844d0fda4faf246aad5d5e132272f05bb2406fcba,360.285714,7
9,d7a159fd4027cb03d0385c54df91445ec1df409eaf0ce1f3c7c05654f03f5b55,613.000000,7
9,ac55d36acbb7c0118198d730e014037da765433ef1f9e7acd179d4c709ef94dc,458.000000,7
9,5132077da8cd2fa98df76450aefa653eb3a1793b47370477bc16002a6b9a77d0,555.857143,7
9,884f3e5ece9c55b0bdeb2b1a6804203207aa607dcce35bbba0f5c1e68dd135d8,513.000000,7
9,79c82bf7272f43eec58d0e50cbc33969a42d3c9a4a476a0155beb69bb55ad647,423.000000,7
9,d284806506dd41556033dbf60e7fcaeed22a441ca040d771d54bbeca804f2bba,655.428571,7
9,4f9b544788830edaf8a8b3c62b4f68acda1b5846b109f18e74e73db515240e95,529.428571,7
9,6af07a3f286278db962346346f6493a16954551a0b6c8b10c441c7a449da80bf,504.857143,7
9,e1fa5f54100ee83fb1b6ae052c65373483311fd73139bad7d24f72d313de5004,410.857143,7
9,1166a2d1c05e466a8c569706b9c1c4ce3a340ff1ec1350886e27a109072a7996,382.857143,7
9,ca0e89a0360558809f031c6fbee07c57c4c269d7278a3fab1ce6c1c8b89c0146,581.142857,7
9,1d5985bf6e2c2015c6e15e17a1037792915645323a25508b9bb3764d1daf0afc,530.571429,7
9,bb16a933f6761d4f32ed213a4f3a95379c4eddf8d43b22a2f99d5a4f88f5e6ed,570.571429,7
9,ce7a3f8c8f004950fb663c176e71e603f29056e107440b5692bc4c4f5602591f,435.000000,7
9,620c453c8aa33613055371eecd2075bec7d4733f20ff71e6fb66a32a9a51abbb,479.000000,7
9,1212aac9b434a34b08debcff84de21340971f1829726c14fe42c71686d2a50f8,813.000000,7
9,500de500a5ea734312bfc4507a78ae2ebcde14742f37754689c43a3f1e78d385,692.000000,7
9,c79dd89d9c92aaf341211f98c510e73a62305044f0c92b3964a4e4d699c3111c,314.285714,7
9,207a407213704df4e603093dec9796f6f92d43990aa8c22da22d47ad42e3810f,375.285714,7
9,0c1d992f597802e741beb7e6f0aa4295ddbcf50a4d1262656ecf94999bbf4b6c,381.571429,7
9,dedb9b7aab7c3a4692980b36b5a30ad7595a9b11845391df9ded98d373d2be89,637.571429,7
9,c8a50dbe5549b5a54ab69c3e12ba9ecdcfadf794792015c3e3f08d3dd885a95f,315.714286,7
9,b7742f2bc563d37213462dd5eb0a8ca131d6b555a8cde07769fd6bfab9c07b5d,607.571429,7
9,99e1a72f2f5142c3e5a23ac51a2b5c46df95afe0ee1676c8ddae07dd89de3149,458.142857,7
9,93019ffa4ff6bcf46acf30e9de5cfa9279d6e67baf117911ef77e5d9e4824e28,402.142857,7
9,d1114ca9bc8bf69a847d4acb5b81a74fafdc6a13d8c70465254958bf4e10f4e8,390.428571,7
9,0e6902632c5f6925f08b22094b59c3aa476c104a23f8d412ccc3af57cacfd9ef,374.285714,7
9,0c4fdcc1c08d60c28d1a4c2884c3783a25977334b59f66e12fbfa47a2d8900ff,478.714286,7
9,0d4a6996cabf63c5509bbd661eb068b31b0d38ccbdacb64a5530fc9ef05edb9c,336.428571,7
9,6eda0a0fc02d21479fa6c742ba3546275e1bd48e8f954a0873307d7860511c60,603.571429,7
9,b237b7de95a87b3baef2dc476527833de5a0b1ceb00dca0707d667f819df8b9a,267.571429,7
9,ef7f505023667d72596b50298f8c3d41607eee481e8616e2d66692a5b7271a70,635.428571,7
9,ebbda8e7d827f735d59688cdc558850002a863e66db4af49d8aae3d25fe8437c,343.714286,7
9,126d1c205ae87c62f7b1fae8059716dad5a4d8d1d426052e70cf7bd39cce4b34,287.714286,7
9,45ff4d5928a0c8ad5a3fb34e843a634cc71125339f26b4aac6ae466db0827084,686.428571,7
9,19204a6f53e4bda4b3cc6b11ccd9d5a293dc64f08dcc66fa5b94d5b3923cfc60,447.428571,7
9,462a99c9f9a48dafa576685b6fd0282710abab36d26d4d47c8ab92d0bcc081ec,348.285714,7
9,5de6bebf50db69c1f35d97fd1ada8ce35073a02af557f6faed63d993caf8e295,538.428571,7
9,7445d0c571cc533b536eba2d7122c922cddaafbc0296b424d98e7f1a677fb2ff,401.000000,7
9,70c42c8b75cda939cb960d0a2ce6d8085ecdb31aef8d72cfc1510fed5f1107d3,608.285714,7
9,c1a0fc6bcadee250784eb5607bf2370c26c0b59f85ea78e216406111f517f920,528.285714,7
9,c08af7eb186e62f8a08c287f3292f497054f40a18d37d105b24b352db0fd640b,389.285714,7
9,cbd95a5d75d35228f01f693f2e788ac9c6d40dc59200960d7bb4a1d3fdebd1d2,682.142857,7
9,e9861762b55df1c3d8b9eaa6980777722ed09b5de32941ab94d1426768fe542e,475.000000,7
9,031b4695953ca3377aee28a707c3d866fcffbd49c8eb2c488f59c5cf043103e7,675.000000,7
9,bcd3489f0c7fa3d6483dd977a982cc82b0b1b64209c56a50f5ce0609ea031fe0,495.000000,7
9,aa123a14db65e6dc39d377fdae4dc1789e5ca624756c5411f56fc5c7383777ba,576.714286,7
9,1ad937e841e6ab9b8f2a46430c4fb18e365d05e16ee9f9e98171b190376caf5a,627.571429,7
9,d803525de885ccb6756cd9ddff38893f9fbf6b2d28b35bf10bf60f924dc2688d,610.857143,7
9,07bd37244da9ad12cb01a46496336a2877646bcb923d9225594bd5a0e51e440c,415.285714,7
9,94288bb98a41e2c499c582a00fcf0c711d7ce72b599d26a3e622e63f7d95982d,584.571429,7
9,a372ed7986b8307c5b421bf2f626ba2e61fe429b42df896d9e6e10443303df05,655.285714,7
9,fbd19c9b78ffaab7941e019cffe1ae5d3e5abb664bc5bfb6a8152bbcd40ff9d7,599.285714,7
9,c4c0b817029425be978f3d7856f79a45219689fabd77a24b0f50b08777addb46,404.000000,7
9,b58d7e1c94150c5795c92f2cfc7991efac21717c17118d73937a29793e56d250,421.000000,7
9,c484c3457173e3e67ec7f30db9123a260180466103cda49776a413d2a19bd366,426.000000,7
9,837903bc0b17426d58cc1cfd375b6e28234dffcf9f51cae9e3581a6350df5e66,506.142857,7
9,4235dc0ffd824ab662e11941728d3fbdd1a4bb4160789773e07d0a553250a8e8,486.714286,7
9,8dba551820ff01606e4441d2952fcd86ad517944f7c84a147fbd5cb3a8f03e92,542.000000,7
9,bbd7fbb2b3da42aa1f05239446eecff5c07738e92ab1d4e6a8bda0fdc5889769,450.000000,7
9,f06c0f6c70021bbc5a06694c75913b2811fa5b0b57e3583ba79974093a531583,477.142857,7
9,f7690465864aeeec6f36ae6b5184550913c0df55adb0f7a4c3f0c23e3fa9b2ce,429.000000,7
9,8c4a64bab1e47939b39bcedbca6798dbde836cfe5dbb5b3f824a4cbd7f29bcd9,369.857143,7
9,ac2d6c65b65e94b27e10142125897701d50eb8caf6037c036aa6d675823b610f,464.714286,7
9,fc44679940458bbdae0607aa464abc0dac517dbcf13e5a55c01aa95175e76aa9,456.000000,7
9,f137b3fc7f715a6cbc8e8a953598f76e7879426cecede4ffb3e4a876c0d9b8d0,304.857143,7
9,d3c93b6c0e266471971f4c872dff39ae6b97f0ada9d93589e4ed8306910b0e4e,613.000000,7
9,2b185a704eaf2b9996af44e62eecab60c5d11b012090cc80d654e5f0f8771a52,447.571429,7
9,3d82c4039783618746ac84dd0cf584da8c88df31ca1d39dc76a334c0f71de3b0,647.571429,7
9,00c4576ca26dcf170b20d598273c16b344f1ea21fb11e379a9c1ab3019f75f43,761.428571,7
9,47673812a69c8faaf57a9a370ac353b344b58c23e431fcbb62a7f4a2581c5eba,625.428571,7
9,779dd95ff3c6b78ae4ef198135e46bfeec36523eeeda2c01ad3091cea758eda6,532.428571,7
9,cd94289cadad75dc6853b177fed1236b577a9381b6a1657e2914fa01f5c2ffdf,615.000000,7
9,bf713764b105f9da6a9b55b5a492fc9f2abdcda24994ff1293a87ecec297b309,315.000000,7
9,e5bafbefdd46e7d4caafbf74b0876e86a58366cbde1cb8c7bbcb22a435c55da0,460.142857,7
9,4d850c210d0097f7205bef7c023e6b064965f2582aca5fed6a467c7f82918a42,669.714286,7
9,33288222bd38f7ae5b04dbdd2ba5b01aa7d956a0c337e5c2633b3a9cd0811e4d,388.857143,7
9,7726ae31581ee0618889376ff8953525388047093600cc43b4363d6441839b35,594.571429,7
9,a7f573d98843d047362d3a59021e01676d8e0c5fc66b046e49a0b90d1cb36f63,498.000000,7
9,ba453c690465e17d6da70be10b057a029816258d9159398d9f1a31d027a904ac,549.571429,7
9,b1c947cc9c45ca8fa46bc4dfcaa18ba7964ce8a0c66c01a721c9d18944a69481,632.142857,7
9,0dffaecec049029fa8e5e1849809c9658ec1418abca572686958f5248964dca4,639.428571,7
9,a857a51ebee15fa1753018521b58175156e6bd143db3b26366149d4b53837425,688.857143,7
9,3eb953d6b9a17b2a3f69b93d4992ade76146d949450df3a8e55d7df6bac8cc32,535.571429,7
9,c719d3699772e5955c6b83e5bebb2e30c62eab42ba01f93c38ad67cfa0dd65a0,386.714286,7
9,ffbb5e4465f42489a0493a1c83a76e2b0bec96aa76b8df9a8d6766fc852c03d5,466.142857,7
9,bac1cbd77b3628144efa31b7ca5408ba286abe5191693d6fbf6d9f161a75d5ec,518.142857,7
9,b4a2eddf0ed5622867713dccfa3cbe46671532b395c0c79f640e281d578f10ee,528.142857,7
9,b48845b57ad0ad8eb13525897c67f3f3cf0f7293859c5103f8effe49948ee7b2,387.714286,7
9,bc38b3cfe136509e4ccd91834212fb3b3759710ab22021be4d4ee29796406e63,407.714286,7
9,c714927a39975b0cc54fd40786f978b5af1d11b80bc81a1d041a05b58f67a25d,331.428571,7
9,524362fab4b75c3802e07cdf25d97c1844fabb9ea407705dab7e64c9a38af617,430.142857,7
9,993225cfb0acf693b03c5b6d88d4eed231b665f334cb7618e38300ea958c2b42,561.714286,7
9,c7fad803455822bcc028e220228b1355e6654540fc907fe80b4b6869c3b89e95,588.142857,7
9,ceaf24486f50a9c1c63e675ea8b0098d3e79dcbb8b255cd9b1c38c444a84f110,551.142857,7
9,f15b1a10c58322217f2a06b2d0f9029e424fbcd8cd5983ba00ce8b48446234ef,327.285714,7
9,de06a089b546a28d174232d909a79cd0638905f40872e7323b5796951867bc18,561.428571,7
9,09de78a0af00980121ea913a43a9c8faa9721d8d24382516cc7a7f03b1b74c87,695.428571,7
9,c2e76e98ab4ee5f7eae45b8f4204d3c4358497c272f3453179deadf40410deae,416.000000,7
9,33d6956ddf299c4cd4c168d47f84958a2c9866cab78d651de85eb3139bbce83d,732.000000,7
9,0fc955fcd6eb448789fc29678959bd1d5c9da7f74c8e38323c7ad53346cf4e40,607.000000,7
9,2b8534b362498707c03f367a3a7963e01bd6432fdabdd203bf893ccfe96b1338,638.571429,7
9,b813d08a8f48ead80d3f564c034667015b212a91a2b0c2738e196303f8960133,475.571429,7
9,331e91bf164f02cbf8f52afd06946fb0289ac60ae8884ed104eb32fd49e4d25d,511.714286,7
9,4be3473759cd991f328b8c363ca8de4fbad0a6fb4c6038398ee062d35bb63a9e,517.571429,7
9,436e07c522ce0366f4136ee66cda700b179eedab27cd18859e81fa82d46a2d5b,442.571429,7
9,e2ebdd0fa46074d1d71a0e9f13d78cd9b20cba064103b9cfde15c940623a345d,748.857143,7
9,d0bd7b14d1b438513d42c8de5123c8135a6dcea0c19c3543415c73abdd4b8f0e,643.285714,7
9,0b87a1b7126f604a43366e55b98e007233eaee0eb4a9c9f49b34259d43a54e42,438.285714,7
9,9cb90ed4ab1da7e59b26d68c57405794be88d060b994feb9205a00766bf44557,478.285714,7
9,44c6dbf02eae570825fc3f4cf13b20b93baf9747b28413335f878926af86262d,443.142857,7
9,c3659aa64465556825f84edb5fbb4bb4b82626069ee8c0efd9bbbd6c5600fa0e,641.571429,7
9,c76601b7359b2082908c988d6be22d038a5cf9b628f9c3eb6d8b28eea8480fac,478.428571,7
9,d3c405bacfa221b04bc41d5a6be93ca9deaa59732867b79bb77d2d7eea9ada5c,541.571429,7
9,6575d5fefce685825946af1ff37a22341ab985662678a8f0177ec6e6083bfae9,533.285714,7
9,8cdd6829539d941a9145736abba72174b200e2fd15cbe0ee611965a6af9e4e73,337.285714,7
9,87827fcb5baca17281b965f111aa811cb7e8e1323d9a7062e01bb16ac8c3e6b7,568.428571,7
9,325a19d8dbc8c1f0a486b4935ae9e3063bba07e17633f628869e57ac345212c2,390.428571,7
9,ec4c8afe0d821187ce151dfa0d8221d9a16ff0f5eeafbd400e73bce2722e288d,727.285714,7
9,2540d73081ec62ba3e189c1f9ca82bceca1bcd4653a735906bdf3231a31e77a8,516.000000,7
9,5c35b86364e073b7308d77c9d2ab36862d94489b88dc6943e0390db8b19ab342,448.714286,7
9,078d7bf174c4d00b19cb10da385cf215bf6caef93ab5bfe5ae1a8638d712f090,429.142857,7
9,f44cd318e32654390bfea88e4fe11e2529bcf99e7385975c5a131dd854ba8ccd,279.142857,7
9,9b315ebd0e9843be66d84de8c82f170a16ecc08fcdcd1950d28af8decf792abb,486.142857,7
9,400fabfa0bf8ca76483c8ca74cffe3cfd9819081f70603b0b438f86c17738de9,582.571429,7
9,586a974fc348afddeb08ea69d52a333129851090924b3cba1abf66e9f437b900,302.714286,7
9,238f1ecdc34a5633d05a4764e760015c696ebc8d4eafb24ac3e70a55e9a7fee0,234.714286,7
9,3cbe395b298ae52b1c9475e86b2e08827d0bc0060b79515983ce65e56d7b6ff9,493.285714,7
9,6c5bff15361ba8e8b2cb10f5c74c06ea7dd80d055f4aa206c438ba8f8508cd21,636.142857,7
9,eb32e83c7e082b49580fcc751d0fa541db70e3e50112f7cdcf2469c055ebfb55,513.142857,7
9,559f43c20fbc665991619bfa2c31214b875be0fae18859dd5baf657076c517d2,317.142857,7
9,ad89b15901dfb09ba5255a562e3c4fa1f24e3c2bbd2dfd2689d97218d3d57722,425.428571,7
9,83ea752ccbe080cb9eb96bd8aba4790a1f5319ab6255dcf5d7c05b6f3978886e,474.571429,7
9,563f5ee9bd929acb448eee6c1e1b5572d4bbdae4360c941f921d28ea96a3f624,484.571429,7
9,8219d1deaf7fa3db5335facf183ceb9812e240801f2d00dddadca5856673201d,461.571429,7
9,f727ddf6f303b52012a4d77b84fccaf3aa68f6b41e24778530b4b27b37620484,315.714286,7
9,9315cda4ff4aadc617d55af95c2812fbe7347773cb4f37b464d2404d4bd1061c,780.285714,7
9,aea76cfc8adbf6fd58598cdb4a088acd0fb631291df5c7b00ffb77ef3f8e98b1,626.857143,7
9,a8c6797cc9b800cfe4defa59552bbd2a1cca1fdaa2219cb3264bed2436e1fd89,480.142857,7
9,4553b69266522e0b5adfd6f21a91c79a60b4ded39d694f22662580b9ea99da90,541.142857,7
9,60b9e78543417af40ade8ccc750652546ef6881550fe1331f5e96f0947d1eee6,311.142857,7
9,9f508bed5d653e4bbe6c441fd9b7463171fb214ef2e7c311e64719d973622108,539.428571,7
9,8ec0ae50f4729039b129cc70b73c49867536e67a920595c9596bdc3b630108c8,477.857143,7
9,a08e957d6e319d663863e361a393b41a0505eae4a627c45676543b623a50935b,452.857143,7
9,8d2a4d925869d6e90137e719fd836d2a71fe16190ed239de57e037eb16a3fa37,338.142857,7
9,d39dc01fa7dffe1428dcefb12522b22d5ac845e2ad60b92f85c39ee7c623fb17,508.714286,7
10,c2d64c58f8f6c535fc04ec80b4afecc8feb77f8affcacbfb754f0c0f0ff1ed8f,419.000000,5
10,ec1c4d94270ef6947b83b2791067e129a38294b5234768f2f20966c40294abba,329.000000,5
10,c526192bcfa29d4c6539ebfbb02d33ef114891e1eb8e76e39944e4a23a74da94,433.800000,5
10,980c5305dbb27a5a621e9d7734d5f556e701a1f62970df35a5128995315d4764,353.800000,5
10,3e8b48c74114f713a8e3bc1b38df96b6331f0a0a9bceb11968712f0c1d2afde5,248.800000,5
10,e9af17f39e1e185dcde829159299b67cc249ce62fcf59799f66a7ce6730009ba,340.400000,5
10,471f42671cc5b75058f7e2aee7467968e06bbe5616e0843e4cdfd40cd54c40dd,428.400000,5
10,252b4bf205c8ea77e92f2ed2e3b074c5cdc9bb34657c87d89d132bab49d2fb53,598.200000,5
10,a1107b61464795e378c2008f58cf0daff84ccf7c3050c3d0e0abcc3048749882,378.200000,5
10,3b9da3b9f7dc5fee80b566fae38b93023969d8bd81afcb84c74b9ed18aecb650,477.200000,5
10,b26fac53b9a2101c9e5c591c10f2ad4b43d9845599b1471ed345a8c3cb833494,327.400000,5
10,bbc58506b95e163da18f32b288c8b9de70a177ef3990f5171679c08168959abd,394.000000,5
10,2bb561212752d7d89b823e1d044d63b200fbba9375f809214267cfbba60710fd,386.600000,5
10,7ec63347059dcbc9aa8d53782c07b06b3a15acc408db66f56dd7adc30a6c954d,595.000000,5
10,a4c08f7b0072efcd95aa6cac6bb0b3a5ae281dde296a1789f71924abdeec28fe,411.000000,5
10,bd33c138f644911146cccf8763ccc4c2bed4cc2685ec488584f2b3668c135d17,394.000000,5
10,fdbd91c1047d70cfabcfc5152e7e0045e438a41a17e327a7d9b6fee6458bbd39,496.200000,5
10,39bee5caf998e72a49f834fb95fd88a694cd98d8d7b559f1eb4d4f5f558b846a,357.200000,5
10,6fed999a5b0b08dd3c8dc19c6dc68a3b81a658eed1a45b39312e7e7d9db89ff2,321.200000,5
10,e2101bb2d6180b384f5880b4624a94fa279f220792c2e33ef5d3f76f45298370,553.800000,5
10,28b2772be8279c375bb50867c2ee804e38e1a9ddb931fc62de656ef8d72655d3,597.200000,5
10,992e546575e090a4b8a7c0da7fa87baff0a775445220a02284f817ceef256428,554.200000,5
10,a4f10eb6a5133bd471633087630695aebc71a6bab86a619cfb52c39af36a3a8f,595.400000,5
10,0b85de40e4ae9c29aefd51704ee8af21a77c8d25d2465186fce1de6a84e40474,411.400000,5
10,791c4307f28746ea8b564d1020da6ff7835ee84a351669ac99dd717c372f2783,293.800000,5
10,6a84b2dcdef137307c7b667df45824232edfaba59440b4563f21d5cef0923113,600.600000,5
10,8c65fc815d04d73472027b8fcd2bf75d9ae4d5c705da1acea8db705ccf71c3a5,535.600000,5
10,e393bbbf417712bd8e6de738cf4aa88bebfbb9c7af2a668724ffeeb9fcbc235a,668.800000,5
10,c22539a5ad8dbe1cc250f2cdefe3fa59238618aa71fbae6bd0ffa47a0f89b1e6,467.600000,5
10,017708132d5e4bb21ebbb796ac45faca66215089a84e25ed3b1cf09a70e60b78,464.600000,5
10,951d6437190586670518ea633c6ee009f7309faa2345e46a150ebde9f9eea66d,540.200000,5
10,f8aba3b857bc9b030a9ff8cb778e31c3c3266c25005d2960c4902e122adf2a98,432.200000,5
10,ffbb9a9eaaa9bcb94301958114f6cc938faa43c26b92adaf946b3bd38f6907b8,327.200000,5
10,eab2496f3db8f3136e2a74fab3bb8a00fdd76feeabf4f182c6178bca006ad156,456.400000,5
10,20486d9f04112e46e299a714b1d3aad48796c5a1bea40a066fc5e2962fe8a9d9,505.000000,5
10,bf5d24713aebf06854d1aca3452627eda73d8cde71829afd8690d550b7b88f3c,466.000000,5
10,bf390234c4173db4e07387e8b23d2dcc6ca4d9b3416c704ab227c1414b081e5b,254.200000,5
10,ad43a10e588da6c14289192b7eb2c8bb6b99df88313ce4ee7172603934a49949,398.600000,5
10,323d5981f7f8b3fc2374a244e2d077c37137927884b0f23f263a436e1a97adc4,659.000000,5
10,e162679d039d6ec4cfe516e23fcc229812f2dfda74db115a6be261d5c9f1ff31,542.800000,5
10,efba5ab571010db705897515f8486c5a404190928ab000f5776f51f9bbe42368,429.800000,5
10,611fc5bba1d8e3c74c507c2c057a100e9db95562c61199b2d335d3ed8e4dc55f,300.800000,5
10,7aa182420cf79ec2cbc002601bf2ad727434d45a1469ff7b7795edf5df918585,563.200000,5
10,41834475af5876f640cf16eb8d3a5d9812c39a1d7cf3764f263f16e7fc179f60,377.200000,5
10,1897ba0b3b83841693b66bdab23d47f15f7f4fda188753a8df9b492045e4c0ce,575.000000,5
10,262e0b1559c5f85e3c150c25e7b1c2be736548063188fd3a44e5f9ffab09ebcb,610.200000,5
10,ac92641d3ccaace2584b9642e60738c5a8c18a74104f8fce821b65207ce39913,427.400000,5
10,c12bf7bc4a0fc3d661ce566ca8373bb4915d0fa98698debfe6fc0844c387c09e,502.600000,5
10,c3d141c5d79b279a6a4ccfbe378f253d024c1b04362cb358ad21ae3517a6bab3,592.400000,5
10,463617ab36740ca0e51b7abe4d055a0d201c4c9322a2b2fc2b111386b3f51da4,584.400000,5
10,a52220378eb09ad8afa27508648dc85b9a3bd4c6202bc3324a184778de335d35,491.400000,5
10,ebdf14e94af51461b6e010e52b0f7ff3fc5b861387649e22480b3d4a63e0a22a,568.800000,5
10,627662c6d802af6b52bcd5717dc513130e482301d03f3dedd19f18d38a261988,398.000000,5
10,51b1df32f1ed7bde22ff5ba0ec454c6aebcf361abb0b7d2871cecd33bc1e315e,310.000000,5
10,fc5e519b70839a42168650350ee8313dcc0151140d8cdc94450deeb6df6e4b0d,386.000000,5
10,977a0822ceb739e115ee330721a78a8a7a871cfba5ef7565c27adf8735336b68,592.000000,5
10,dbdae1357b5c894a3977684ed9041b5c7b73572dbe45f0f84b89c019ff2cc28a,554.600000,5
10,9b5da140c0d868c044f03f67fbbfc5d8e633c232ba4b9d06944edf86da873bb7,558.800000,5
10,dbbe7684c38faff721850d05ee83fa3926cbdd6a08cc28e50300aba7b7877e9d,611.000000,5
10,2ccd9c3ab5d3792ecaae5bbb606be18b84b0d950fee517cb168e9dd80e8f1793,534.400000,5
10,25fb1ab8a86cbd9c057de051f0d64ec665ded0de2af4591bfac30264bfe8bb62,311.800000,5
10,0c0d580d2da52eb5093fa22753d7b6b83db91a238b989d8b5403035f247f9c5a,615.200000,5
10,5aef7c62f9d3b89d51cef6e9cc121bfc8b28ea0a7775b106eb6dc249eed7cceb,489.400000,5
10,b248ddd87d7312bd38709276231941820d974671c9736de987077b0e1191bc05,543.800000,5
10,9315108960b9e77b5dde4d8d46839596dd99ec86178ff940b52e5e98e79957db,475.800000,5
10,75acc1b55c9b771d21adafe4aa82cd52d36079950b32a4f8c02f8b9ec4cd1d47,475.000000,5
10,891ff3909f8231b0cda40cb02d04ab6812302e1ee6c6d6ddd48fc0b1f794e732,264.000000,5
10,57cfa893f822dd99143e8fd91fc6852be3d3e285f31c2b7404443c6418235f5c,486.600000,5
10,eceb162817923f0a54f4fcbdaa64fc8d0e1441773822fec3ac8d947c91782f94,302.600000,5
10,12945d8e5584e4be7ca24cfac719ef64459fabe843b8acb5c3505697841d9b6a,550.800000,5
10,ad19a4740ec2032a52133f99e16a6820631bdc1246088cc8768991b6362587b7,592.000000,5
10,48c55973b107c5f1df44c0ac066b7e619e80519bcbbb78d460e60a8d02bf5ea6,439.000000,5
10,72d38e77268d3c0e130ff3b2170f649079cb91202575e668d9f0f97e38332d77,351.600000,5
10,9cc3ea8bbce1e852cfd109a27f4ff90ad268fb46457b4431cf267a501910fd34,359.200000,5
10,3f4da6e742f54cd968372c941e31af056786ed5c601976144343433c482c16a0,352.400000,5
10,9a75beff62e4b7d3de4e084632ee33a18e537eb7cef1e25f209cb7e4ff9074ad,582.800000,5
10,ed1c74da1fb33744e597bd0cfd823cb628b9de69eece5bcc9bc5d0a935500fa6,366.800000,5
10,bf7926639a6b4315917cf998ec3dc1ece80855d1645cc382168e360828f8ce11,235.800000,5
10,d0e0c7594013d6603f7f6efd22c86a698d8a801cc590e7ad62c4ac00c91f68a0,462.600000,5
10,293d87c9301d8a7a206bbccbbddcbf5b154a2cc41be0a8e68fb8d40106521975,512.800000,5
10,74194c8765e81318a958d82b8ae4d23ff09865ebb196a42fca0edc4d64ca6eae,291.400000,5
10,067398b64307eb28dfb7804c03ff77e44faf9c2d170679684e6859db0f16f06d,509.200000,5
10,6c3e53e8dd6d1e512cb2c0a92ba0c5d779cb759d7cbf05c94402177cac374a3e,506.000000,5
10,cf11cffe503cbb55a8d98027a710c298d39c6377a2b6cc58abc6b9f1e5ac5b3a,492.000000,5
10,2b61a8993cf250a8294ca3bf63157a34daf6802539e6da3cb49ee821cc0fa83e,256.400000,5
10,dc84f68dbc327d99dbe96736d50fe589cf0550ab2ccd8ab3034f1afe5b2f2337,368.600000,5
10,d3f4f43c2b7c0ae58347fe305db46b984977669623d9177784cfdb2e97850bbf,508.600000,5
10,9094c0bf5611c606b58ccd1544e64f8017ef2bd4c47d4326efee07c9f2c2b7da,346.800000,5
10,d92d7330c212c0c5a83d94fff22f4e2502811db62c5eef1bd3157217e7e1cbba,388.200000,5
10,76999edaf5b8ac12827e6717b988eae35141e7781762503f406de8541aa9f64a,524.600000,5
10,2597cfca810dd73bbd647ca8dadd422076e59fa21ea4a7888cff7ab117f0466d,565.800000,5
10,a16acb93a172a6d6dc34398e926a149f02c61cab0394482e3cc4b4bb99079128,351.200000,5
10,1b9e0af8b8deffc752e104d21cfc3f9a23cecdbbb8b4214593c246aa53fc1954,524.200000,5
10,b12c9b43cd35d6dfc06e7c10df62fbfbdcb4a5077be078594b26adb4c9bae16e,375.800000,5
10,f0c702c4e6641da6e8a35315fbb7846b9106b9c645be87ec5503ef918c6cae64,299.800000,5
10,28f6b24409b8ba56fe76076eba03cadf4e7ecc4be1bb4eac93157ad755a66406,684.000000,5
10,db0649f986b6ae059a46fbde3a7e48ee73a1fd1a338f2d2562aa9577e0443154,524.200000,5
10,62aa292c226f374db352b274c0e97b3f630ceaeccb7197664c1d0a986417ae0e,371.600000,5
10,7e3b98a10ed2022f151e29ad7fbd6f6b94ac9de4977d5ff79d19ef1ca38591df,365.400000,5
10,4ef3b624c0d13f3cea9d427178c5cdffd40620eb009590f04ff74469cfd86ed7,533.400000,5
10,bae47c1008071d600f902a24968c489a000541b1ed8f51487c56f9f02e7475de,402.400000,5
10,1df1ae4caaaa0041c5415a629ef48f85748f9963478db9643017c92090a757b7,521.200000,5
10,ce0bf18b9851b82dc648d3edae15949056eee8e84ce9f76f66d6422a7a00eaac,261.200000,5
10,94609e3641a6058453e2db5bdbc982ac6d7b027ca4e2420ad4d218c987b37f8d,445.800000,5
10,18810fe8b47f4c877ac51903d30db918440e35499a486e7c4a130a16437171e0,439.400000,5
10,7e1c2912f60f9bfb1bb568ad3a87cdb6917cabcfd86e3dbb2bae1f3268e7621c,307.000000,5
10,1984c2024149adc42043bc1c05d179a91b7b4102f34b679544f7603a7c80220e,424.400000,5
10,603dce70419993dcbc3222d89f0723d546a73506f2b90c98303680ff865ad9fd,686.400000,5
10,966f0f00b735bcf7c51538ae74bf4be2f1a879a6e86dc088f3aa8a93e8b3783e,562.600000,5
10,217db306bdb7f4a30544c890d4d16b90b743574df7afafaa45d389d9a63dc8fe,352.600000,5
10,59f8a7bb2eb6e7ba97076cd4b5d8934bbaa0c44ea41a5b74194f28b075c31793,333.000000,5
10,11154c4f835659d94dd28539c0665dc2c9244f41bfec24541e495256990c8e18,306.000000,5
10,0070c2488ca06307de807f66befc1af1bca50a3b313e6022f7589f1175411672,452.600000,5
10,69a0a2bc01df9ca1ab82ba473fdf710d05617ac1af343c47eee8a8d3e86df33c,507.600000,5
10,420c4aabd809cf527d549a2e8ee221a8b07f7a65949e807771a5a4534242c7ca,354.000000,5
10,9db7d107e3ea3ed5801b2fa628f0d0f0696844cd24c7ae465bc14c3c1d4c7bf9,469.000000,5
10,21d8a79298cd11d1d6fe64f9c0c79eb043df42ef0f1f220b62fd99d126545ef5,297.000000,5
10,35c98397874bddd2ab24078783bd910cbe437d725c706027ad249cbe9d08c4c5,654.400000,5
10,6b03e96a62350ccc848fb2803e35d91ecd2b2c7919da857a44e5b68e6f40ddf1,349.000000,5
10,364964b13a4d7702482932c6c160726ae02520a3aebfda1ec76a5affabef3f24,532.000000,5
10,ea77a0140188336a9e964c317e488a627c0653344a895fd030ad494b7487f2a2,320.600000,5
10,c99dff7e5c466865dc3ada4bf7ba8e781541fbbc473ecd8cbee7557dcf149118,555.200000,5
10,4999a8b2940067ccfc64eaff4bf3eafdafd79cb8074a863f339db893aef904e6,436.600000,5
10,6847df5351cad89c90c8c3d661b5c8d27a679c5ca6acfe822ab206c6e62ae9f5,421.200000,5
10,5159a3bd35ecc1e0b8009543b1173ea07ab023ebfab8158d866b289ea622327b,360.200000,5
10,2fb020c38a182845e477d78020653cd480b59c87479f53673ce6b0f58e9db82a,580.200000,5
10,aa8a89bdd63d60ee5710b6885f153c53cd2db99516d478f73db6edd56052359d,646.000000,5
10,f7a7dd206e913aab53c8d805404ba30f13fe68efbde3ffd34e948cc49620db40,520.000000,5
10,700e22700c34e9915e401e5b60b754373aa0f1034c591a2690b4c11f48582bfe,554.800000,5
10,8e78aabeb6893f765fc688957f65e3fc1641f176d6d8d5a6d7278376a526af02,444.200000,5
10,f41f463f9b05cabe85fa703982b41a7c06d2b55dfaa41a89eac783f69313e472,562.800000,5
10,fe1131e3e30432c2c6630f46ed840147b61ef5d155f69663e0488f51eec501ec,574.200000,5
10,3ed2ccbae3032194e9658c562ef2756afd5d7b11f55b55955d221031514abf95,443.200000,5
10,f2a71fad4b552ef6cf3bfd3cac37ef26b6c4408cfffd16480a939499ed7c6fbd,307.000000,5
10,02dd6813ef2e918f813a6d6e34a2d75e906172a2ff43edbd15e2a1bb9556206a,619.400000,5
10,ef98a41aa6ed4f1aa67c6f3781bcbe6920db3131c919b5c76e972180fc2cd3df,390.400000,5
10,8f227b7a6b4b4280b206b995507ebc27745a9f00f2e00564e1788994e5ab36fe,263.000000,5
10,1019a477a085547b5d2e6973386ea0c4383e3672608ecd051ac91e02fd7d0314,550.000000,5
10,1f5340f62b2b286d6cc09026feded233cb6a3e0fb47a9bdd7ac62a778b42348e,431.000000,5
10,26946ac53bfc7afde967324e4e74cea0c0d310675df5984e94ffdccbd7c14b10,514.400000,5
10,fb187d5ce31f4b877662e4b313e405211c025f106abe5a76a508f69002aa98f3,673.200000,5
10,40668a07565d331e28e02ca4c238419332c12e50d70391ada042df3bb7ff78bf,493.200000,5
10,cea07f3f156f8b73bcfd21f66c569631e1f2575fc1a6da14c22093a2b7d9ca33,474.600000,5
10,af34328f41cbdacad9f21f6706808b7e7d13bcd5ea95a6c7d273d37437bff757,529.800000,5
10,22111985a4ea30f44036b14ef27be5712b65dac01b3099934a275fdd3557650e,495.800000,5
10,29783ece090e357b766998f860afac8908e1421218a42bd8ff8e0e3579b0a091,461.200000,5
10,751ae05672d483ce0eb66081239e31748659f5f5c20cea49615a14494b25b9a2,259.200000,5
10,5ae71d8eb4530f0a4d1b66163651f0cdfb47e8f2accc2edb330814f45abe1394,447.200000,5
10,e3dff3aacaf07957a5370499c7866eb3b70fa1cd525ab47445aa41d1aa380456,429.200000,5
10,95e53e615bf1aa7915216746983c88a708b211698ca50dd4a9dad11ca9c2feda,579.400000,5
10,225852ed50dfe80abf4743192f934d96962ad5d4368efe030513ac866cd909bd,508.400000,5
10,84707d545967a3806845835b9d58a836cec28e156caac4dc0ec3ac40477de45c,234.400000,5
10,d8fa62e24abe88f31c514d177b1286e98dc1f2ef64e35a26147cc9a0fcb8043f,274.800000,5
10,f7c7c811824a08d178cae39c22417b1cf7483d08366dd7b73a6cf54feae6bfdc,360.600000,5
10,7d34f7d51294c44effc5f440f7415391841deb7d3689fe50d634ff2ae1f50b49,450.600000,5
10,cb8a54cc55b7ada2122fd45341ab7e1a35358ca9d73b1eb56b131b6b0530536c,641.400000,5
10,f45c8cb5e2a60111ea64db0a24b8af8c6038fa966d4d66b5cffae090addb53bd,378.400000,5
10,ed06c8e0994a098f595ecd1918bda557173df65d9766f429865c8b8ca2dd92bd,695.200000,5
10,d48a87a7d70ee6d4d5097419dfd1965cecfe132b53110f42f05ddbcf0ad7a053,336.000000,5
10,601c1ee6ab17e2b31c4a5caf9593bd2a19775664e6dff79fd1be0c68c8bddcb5,415.800000,5
10,bed7bafd7b3fc0db3f611ec1c2f2aef758a436bc7bbbfd38bd9d92ad277480b0,347.000000,5
10,03581ba34877b1c89be2c4456ce16839007553c8209c7031450a96b2605c65a6,460.600000,5
10,32a405683be58a22cbd0da8e9f886ca0017226df9a049876254e06b853266c4a,422.000000,5
10,bd8bf40861200072cb17741c9b0c5071080537ad227a72cdbdc70eb6e79d7e4d,326.000000,5
10,0daaf2eae765f4219f64bfe9774241579e626a6be12e5acbc8bdfed230aedd50,558.800000,5
10,d50bbac4c0ceaf0d9ed063be53b218ae215325bae7253078a08d2af73e4870ea,657.000000,5
10,508c2efb41071643dabe210278e1a81f05e814bfa3d56ca4037d7c3fc815501f,621.600000,5
10,8f420b8d67e4f2ed321fe97d739c9720a03e48fa712869e44c0df0a77d037973,341.800000,5
10,134a5c0ecf66eacd78021ccd0655836d24d7e6bfc691492822d9b81cfd833f76,312.800000,5
10,f14147431b89b6228b187517fbd66fb6894ca7ae603cbb945d1028fdf1d5fa35,328.800000,5
10,f9f03b26666ebc27ce50852a5ec6ecfc108ddf57489e0dc1979fe1478b291a6f,359.800000,5
10,427eefd3fee142168eeb5a08b3563977558ded6a0c6d5e4592600bb84023df0d,459.400000,5
10,443b6f7b8303c88c8158093bef519bf380cf676997ab5e3fa7d2c3158e124fc3,370.400000,5
10,a1dbbdb38e5a632b4816d7a4f43166a450bf6ef50aef6111b67b30fd31b73d5f,528.800000,5
10,a484323d2b3c85276d860de00fd5de90abe13ae25d3023e2646decf3ff3a56e3,432.600000,5
10,c37fca8d44c9a5ea47d4b129cf5d70c12e4f1df68df0ee35ec1ca6b1bd81b581,599.400000,5
10,d4596afa16526fafcbf37ebcbe90704bfd15ccc574740f02866a0debdc9ee246,406.000000,5
10,fe7bf4fba7f880960e4649d1b9452d91bceb0343164d0ee869eed802d757907e,361.000000,5
10,d078c940eb99d7fae13d3c312cf440253b5fc55da417a76d1c3d4eca9ad97be5,359.000000,5
10,a03f56933d6859d1f0cd5af3a1ed3bfb788fb15a2238f51e4e1998b6eedaf27e,281.000000,5
10,291a95223110b67cca71eb3a57cf2d21ede548722dd2b4ca91c40c7935bbba86,599.600000,5
10,c0866cf2ca0254f682369199dba3f67675807915514524bcae41aa210983b2fe,493.600000,5
10,3eb62c8e4a2b0ba57af82958b5b2cca17dcdfb898a961063e0755a7b9541b818,360.400000,5
10,9c97c8ef1188ac2e02231b0ca8e30895cf7d5630058be2fe20c0311f40fefa36,303.200000,5
10,0ae20793ddac911f43ea161e327e2a48eceec48d4d32249cae1f218568fe4045,463.600000,5
10,82d55e60c867afbf788b3a5b07e157d3b5b0ce8a35d11fb074865fdccba7dfb6,392.200000,5
10,8600e97482d74be582092a17095ae323b6def071cd37651003092d830dcc02b4,645.000000,5
10,1407f24733c2ee34d1e175246b8e5433ba396cc30a4330f26a9f4cc1ba90cb11,477.000000,5
10,f80d34642427ffbe0f4911c4822fae4b8d2e2475fb082300f89f2ba4720ccbf4,378.200000,5
10,d1ba9bbb4dac71262c4fc4882deaafa04dae3075d64887c97adef90fac3ccc23,603.000000,5
10,c6991cae6eaa2bf5d3a99b49a7db2878824cd58a426cdf86ef426612a62f5f66,664.000000,5
10,f99c069d8f2d115846cf1a987c54090c7a55189e48b10073a491e698d25ecf0f,535.400000,5
10,7e00fda73c1f0720479e76fe25d0fa536235916aaf3914a6e1462e43c046b7cc,520.800000,5
10,d9f9673e9886c4182c468c3f8383ab8d311208d6b5cba7dad1d50460dc3e2d54,308.400000,5
10,a858151c810e45c84a96a2a63aa5906a351d8379cc8de2aa36605adbb777c6eb,593.400000,5
10,95e2506a845e8b640792586d954a015e0b1b9baa05170ddb96f1d468cfa0cb82,536.400000,5
10,345479f4c6a7c3cd14ceea573e71f8b05522e908e41f1dcf98e2fb9214cba30d,412.400000,5
10,0bbeadbc01c03cdb9e5cb0c4db8252f20696d2ee5c658813c7f5253f1d8174f6,731.600000,5
10,c1c24f8d65ba40e29f4ef7e71c674a6858a8b0477723f505f605604bfc945b38,506.200000,5
10,6eab3b5aff1f1315e235c59ee297e40af5c51c0fef53859f12bec3143118eb7b,491.000000,5
10,e5486263a36afed8f9431c8a46491930c1f53d26c9c4da600f53a2be3b006748,369.000000,5
10,5d828bda42c0e9a8c3a7c90828c101b367fb4764592b9dee9cede4f2fd6de95b,494.800000,5
10,9a260755c5271a1daca3473d65e95be389686809961420983c405f615b06ea0d,470.200000,5
10,4cfec3aba96d08e0e8062c092b5252aee8d8de97e0f330a4a687534763a5b4bc,622.600000,5
10,8d8bbc29721db76098dbdecc8b576cc59072c338cb466c3e0b252b3c8268f5a3,602.000000,5
10,371d5ea257dc4d830db9824ceaffa208e2ad5695af49ff31bd9146179ed1e60a,501.600000,5
10,4a9bf83ce76b05431d6704ddf98ac61731e3ea4ce36d27bb4007334f9f58ddd3,517.600000,5
10,b59039a8ff3a618fabb1fccdf41d24a5a673890a04035d360385856c2819f6fc,526.000000,5
10,ebac1260055210b99f96804f46b81eaca8e1313e4384a85e33d7b4a9dec8ebd9,658.200000,5
10,43ba949146b64c4ff3824d4aa1db73c17b718af160a68988da76cda7aa35c66d,498.400000,5
10,2e1c418f49a01804a4e3af44fc59c825ba622502c6d3236353abf133c92ac03b,500.600000,5
10,5fc529dcfab937a6bbf5a3ff9460ed4fc9cd85d147de21668c7254e3882708cf,486.000000,5
10,39fd8d13a76485a81ed54f3573010699962434c5f50c84114d568e41dbb30037,556.600000,5
10,e98a42ef322436224703d7e4f5d04883a81e8b866c4836e119890cd4f6df5cbd,481.600000,5
10,e3e8eb3db562a58fec11dc287c4b75f6dc52d6e337fa2d19b6de4acdc75cc59a,581.200000,5
10,e724a5e54ae5e760bc2383127ff71be94e66d1ec21577dfa20ecf9d0fcd6b5fb,457.800000,5
10,07536a21115de83db7c5f59027781a60fac0c9c116734ca2ddace5d74d9fc6b2,450.800000,5
10,001d3bb678f036d806d16074d0f435d721e21b4f932be85fb49adfa47854a7d0,276.800000,5
10,525bf8258f244a4d206e46a7c74b87519a2e64d3fe97f32cf5078aacaf9b9ca2,471.200000,5
10,bcde18559b73bebdc40846cba4f439f87ffcdd0e7d0c4224a77fdab8885798ee,438.600000,5
10,c7a3d375b4bbb08ec26ce0aecf6e4a85824b932d4c5ad038d300efb97a506d07,468.200000,5
10,7aaed8293b246ad0470f1c8df5364598e878aa857b08e9e891cca07d1bc9cfee,353.200000,5
10,3043973c0ff44db435c5237cf660073f2ae75fbe66929e93de3acf761cb5af7a,452.200000,5
10,58eba21314b469bedf6b878bb0e665b4954020287a845c8f43fe4d6ff212edca,406.200000,5
10,21c3a79fbf265ae0d41861f28b0ee52e0b13af438bad5e55e27e97cc2610ff3c,444.600000,5
10,8e079651d903122955e9e9437a0756988440adb4920b867a0fb10db5402e417b,675.000000,5
10,3a991d0844771e8fb29ee04a3baa733ad57d83729ef2ddb98313db7c2ac7c813,300.200000,5
10,f05692d37f202aa93740e323b70dfed3cf25f310adbfc2d47dbd54ad7aa942e6,299.200000,5
10,35381069bbcb6e3f0a407314c783cb4793336ae04ceb968b3b0292d63712a258,542.000000,5
10,5cd9c9b4b7b7f13ea5170fc79b56d2cdc1253f12af844dcefbe669c4dca07239,493.800000,5
10,72e86c9db7b33488447ad3fb121d44e4f2e85931be12e1e6d9692b270ae7d6e3,296.800000,5
10,8ea63ffe6231381030be2a3d16f1f6da6fd9b165b6175ae63e5726eed3cbc03a,410.000000,5
10,49f88b7cd65d54b3624ea72110b5dbcfc077a5254b54336a4cce09c655f974bc,557.400000,5
10,e2a9c333bb2a41c9042a35a3023d777eee2ca58dc355e2bf7fb3d1015011a796,264.400000,5
10,2141e957f2724974b4615ffa2e88ca00149ff6299c6a6df709059f19ce88ec67,366.800000,5
10,511be622b0f5e1ca375174301b56c1f80ca5b64f77958a78dfa53f8d10ac5efb,373.800000,5
10,8fae116f2183cf0a6522a5f27a1644ca390d70cf5e930fa7b27482a444ed65cd,548.200000,5
10,93901c76f6d46b3d73cb268bc9c73197dec0140641b7a2d8f154cbcb3f0d8b05,275.400000,5
10,babdadf3ea65e6269d22dbf025414a6506c6236f818f55fc67602294b00e123b,586.400000,5
10,8d02a472c6cba721eed544154925ca0bda50eb4102c954895c3c51e060a9a67d,369.400000,5
10,2dca0eb4b75f3e20f26025996cde397578077989149bfd4f3347bd321175e793,681.800000,5
10,763a5594a6d19341257b8f77bafa57d7e2b7cd98309f52a65c49178e46dcaf08,559.800000,5
10,64be820442719b2c51e4f9e72428798246154ccfaf7bb5d013c0434b7550ee8c,520.000000,5
10,c434c82cd278d6f8da72112eb992e81823acf760ef894bad84433191e8ffad69,511.200000,5
10,cbbdef879742580a135b87e29df40e9f9b7783955eaeeb79fcd8b41526982d73,362.200000,5
10,3ad7ff66d3d9d25ff831539b3f6625eaab30a25c8fdc7877b6274ebf60f4aaca,327.600000,5
10,8ab9eac8dbecd3dc721cfb8fb2c1b5623e9760b5001e6061c04a3456553cbe5b,375.400000,5
10,b245bbfb875e766b7048b7384bcb0ec1425becea2f2716d8f4cdf54f29d2c1f4,430.800000,5
10,d52af6682eb523c1a0d61f31be1f40e448ab904448dfb954b26080557a55b316,437.600000,5
10,c72256b191ac65fd94b49c19745e9592b8679491070a100b7dd682f7d57af06a,491.600000,5
10,4356ca93eb04753d478579da744b3cf7e20126b78a6b9db017abf237b92cf09e,444.400000,5
10,612b361e7044d299c1bffb989531218a21672338de44f332837e7936bae6fbbb,439.400000,5
10,ca82626523ff63fa6451904d0ae4b423ad2affccf6498cee2633b078fd3a392d,274.400000,5
10,822b34bd5323e4e9d4876557be94f3bb9e0135fab3157662a38b3044b2e746ae,529.400000,5
10,f03368c5e881ece044b2ff6661a831189e4ab072f73644510d6acd839f8da6a7,572.000000,5
10,cf72a6b3f8b0e1ab067eab589f0507dff9842f0bcd4db746bd7f8c5c22c25d07,544.200000,5
10,248a05af4dd7201f57c579fb2ccd009beba7f00fcab22a28ffd3e15d51bed985,386.600000,5
10,c397fdf0efe920000140e075a5e48affe5a11b0812edd1678198fc21cf3e854c,616.800000,5
10,e2a047d2898c7bae8c81014d7df0ce09daa0742f29e263bcaac7b59cd8d6f3bf,568.800000,5
10,8d94b0740a37adb5b2924bf672a2352ac1ece2c98d8f75c8801b57934328393c,403.800000,5
10,2ea0f28c12e33682d3172e0f7153498fd2ead1082d1c088b74a2e525ee622bc0,556.000000,5
10,e983fef7fec8d7b81c0e572d4252734a4f6f450087954cffa6decde00d81ae03,467.400000,5
10,03cabaa315c35f83a8738781e907e88bc302a58250101160a34839f063100460,480.600000,5
10,9d65aaa0ccfe0745c05137f36fb50ffd124261769b29a87a2d39f81bc8c309ea,345.600000,5
10,bed5093c580d9056950424bdf504066841a7609ef36982041f01a06982f59cee,473.400000,5
10,9ad16b8ad6db5f4cf8dc444b4e3ed331f24036a1beee5f6845ad4bbe28632f41,375.800000,5
10,7d7b18772c5c357bb877758202fcaebace0a4e4cbb12406185ec9ebbf5c1e507,554.600000,5
10,ab5d298e4c14d418171f3afecd661044ce8ce596c934c52c423f69adfb671dd5,323.600000,5
10,5f4312f126d9b4b1e271a0bc44b00eb8d08fd3a97e35c71dc999c45021618092,283.600000,5
10,0c676c4a9ce10a61a23397f637aacb6e145447870fbdeccf83cd62632f107da9,398.600000,5
10,84a074c2e096e9f806ae02f27eca97c08d19536f5d7fd5222cdee44f5523d416,593.400000,5
10,2d6b88c670e7efe790712a60a9e9700612b31022e619cfbe9fb24f6b3bece613,332.200000,5
10,15b0eedacdba43555cc982680896e5fcc8d994c676f6d30b1a85186381aa9f2b,268.200000,5
10,c20a2ba895a1abab44dda0907f962f3db06eea37e1fba52be7b010c7c754828a,563.400000,5
10,2de530df731f12caa7b13daa4547f58de59168dcb09974af2fb7d1825bfe0008,589.600000,5
10,d0fbadb6efaaf5e78fbf88237e1a5431eb4f4ceb2e408ecaa881c1cae0832611,314.600000,5
10,1ae82296b75f7bdce3be9d19ac076aef2142a2631a9611a9e15ae233de5d2d14,515.800000,5
10,dc56f8bd493b0be8c7468837c318483c4477cb98d5dcc451ee1d2e687862c55f,467.000000,5
10,dc1baa1dc50a921af3409e996f9b481ca577bdc6ced158152f98ba2a14797ea7,404.400000,5
10,1949226661d74ba5082dd8152d62c6dd5f0db465c989486d4c5c80ac1d9c4cec,295.400000,5
10,a761905a369e502cc1070cfc32df34540c40a252e559e5cd5dafa1229081f0fc,380.600000,5
10,10c4c69a3eada3639353440104325ae06f97f5b3391e5e92986a081c506b1825,546.200000,5
10,edd423cc90f9b54581f583e6c963bcd08a40ce7c1faaed0c66c0a69581113225,385.400000,5
10,a793fe9ca2655ca33fe1b1f0536649df648ee61376ba5ff56a75669dcab1e77b,609.200000,5
10,ec96b6e38cc5b4edc47578f85ab553252d0e4799a8fb644b33f8e000c7a6a385,668.000000,5
10,4003aafcc0086838d656acaedef29e4c4e14e00a14af6c689ec5cf94e41ab8c2,597.000000,5
10,8dd880b60c20ba7095c3087794a7ad14f5617248759c76e543598d6ea866722c,466.600000,5
10,096550555511e7c20b1def248425f23bc6f1547ae900236686039851a8a3234a,626.800000,5
10,f5c7fb069ec9c33ddf7f5fdc77fdcca4b11c4fa287da809d0b3074828689ef60,377.800000,5
10,c3418b737c45c801b31769f935c6bb4f701c56e97c05d01a439e812e376d65f2,352.600000,5
10,c7b76aca7e226f9a37693956568cfec9a127b2c5a890906a0673d4d2eeeebd48,470.600000,5
10,f5c145778395f312e23038b42b97da7e514b17698cb1731dbd00b4880a921a1c,610.800000,5
10,79a0df09c331f95a812150952a3bd037c17c44f3ece14c6945ef9080019a99a9,524.600000,5
10,f5a22d19175f50ab185c5bec03fc36c187278f2e6493c1428a4102e8c764e322,625.000000,5
10,544d8bf530835a0ea72c6e2d22a7f9708ef383afa5197170a11e042f3b7655ca,401.200000,5
10,fdaccedf6b2a06c617f59261a04518620ff3ca14a5b823c064a31715e942e1f1,384.200000,5
10,665a5a650f5382b4427b06bedca5efa344445fd25ead8fafd6ff7df841fec75d,441.000000,5
10,40c2ec9dfa69cd59cd5aefc87a9ddc72dc9c2ce7cfc4350244e81c428150825c,382.000000,5
10,d2527c229d1de34a2ad96aa94d9f88252fc6208e6eb7a2c9814b58751efa0a0d,476.200000,5
10,698bb19fa119b9f6b2454b4cb4b4a20b84020ca7c4309f7db74f892f7d5ed882,496.600000,5
10,1f128432b992f3ce905b3f38a289654dc13c0dffc7edb89f8023b940e4b43d54,677.800000,5
10,3a41460ee5b26547405ac97a9babd5d14e4fe0c03e15023848a3a503b198f26c,500.800000,5
10,fe0be11b31a62c33f8ca7a5deb612cc8945b5a4aa20c03397420a0cdc8296498,621.200000,5
10,f0f9c590871646177e7489d6d85bd5ebd9935a4accc037560b6a2e37da11255c,476.200000,5
10,3447a388227d5077d44f00354623b1f3c3ed733b55ace75b6b00f9b4149e9e4d,376.200000,5
10,00aae81382e61a1ef9b5cc6a01676d2aa1d45d6ab45401c54e04b6a21700d949,525.000000,5
10,8a4ebfcacd126a68c53c635a70354936f06b79df80b00134f7568c0fb0ba01ee,321.000000,5
10,2c10560781ce94fd0e28488bb40faec9d24bafefb405def206b84cebab58250d,427.400000,5
10,09c72df210408d4cca77bcb252db6a74ac027943694af2734341aa17731f72ff,535.800000,5
10,3872e18802a578a5105fd2f0a947218f7785d653d5b54f38d4ad00b279cc5e1b,698.800000,5
10,e75956468d028ab30edb9e1b72028e0976bff28c765cfade95f4b8b34656caf5,373.600000,5
10,996a3071a54498a70fce351376733032b5f70bf9813b67ccf9311371f92ead78,547.800000,5
10,a5a0c3e13842404f0423b1c1b52228f8adf3abe0cd1cbd40f097b75503e54af8,554.400000,5
10,4034462cf1470db0379ebf7f4253d94bbc7393bf31388816d2476f6885e3ed6b,617.800000,5
10,02866b666a4cfc42fa69653bb7c1cf70ffe090b175284c0613cd3e6ab5a67afa,376.600000,5
10,f7bc37f97de341527427e7ab1e9658a4c17d5936295532f5a6a76abb59bec7ab,433.600000,5
10,99b59f2ff7ee402878530dabf0e0237174a5ec9f2c79f43882a33839375ee2c4,603.600000,5
10,a4609149d700a3b134c58b1c8749edf09207da72c43ec47bbf7ec16e5e1e96cc,305.200000,5
10,60dd25ecef0f51d01aa6643bfba8ae790ec0de4d079b0164caccf2b613f1533f,395.000000,5
10,b24e30dfb32d158c29ac6d4f9fa00dd8e745e4edcc542162e1e5bfd49f43d20e,456.200000,5
10,aab0b0b6131feb2a102f7ffb0386e564c206ce941de91c192ca6160339a88c56,478.200000,5
10,19872c5242040339f32c88aa38d0e2d3a4df3763809906e53bcb7862f8ed2e40,326.200000,5
10,86ccef5163ec8216077832abb6f0c21b0647ead8a4094c5df02806d58e6d1fca,601.000000,5
10,beb05531f8f0ae929a40087da7847e11496831eca4e41342a9ef3e33105b3883,517.200000,5
10,eb36ed9198b5c7b336e4fc2713614a7bf9816975bf3e9725e6f10edd18ded4eb,401.800000,5
10,2585fa5fc683746fd5aaff865cd674438d21ee824284657f0fc6dfdf6dcb3e16,351.800000,5
10,cb524739cfa30b3aa78249d15e4648dc84ae75f667f97d255e02eb560a06612a,486.200000,5
10,c2e4f17053f167b913dc19d4f30929cc3d3d02e46d5a954d65b81e2c874612c1,481.200000,5
10,b6ac0c01f3df970c23cf3769bffd1c2094839cf1a6087fc2f23d8f948d9cff04,601.200000,5
10,8afe5fb7d22a6b703f6ac216cd2ebb1e84ba7cff4e209fe0caf715eb50df1fe5,366.800000,5
10,4c32a7db29adffa7423ef58e6c86d311582a7cae0ead904de3dc969e138c5d8d,383.800000,5
10,afab0e197dd7399fb313a5352fdb336091e1fe8644fd3a178b883216cfd7ded1,423.600000,5
10,a366bc0391c550649320be9b3dd8eb8348c0fec82343b8928d248a3325215254,715.600000,5
10,3c94de5f0d30cea5a3fc5b1501094904232fc0107bddfcdd07ebc807992f2d8e,460.600000,5
10,250ecdf8db16eeaa46c2488ab4e3382d4b9e51e13de0172ec25c92d82f1114ff,575.000000,5
10,9b14e91e223a07dd4433dcef64ce9b3697c0af188fa66c3d217e89714bd8374b,649.000000,5
10,4acdaf4e8332a61ce6d3b42b7d3f7a8cf8286bbde4cf31dc0bd2927f806e25d5,295.400000,5
10,7c5e1bd27c9642dc1e44fed1f5dffaa6eb63d7630b51d87cc2266afd02b2b58e,557.200000,5
10,a4fdc9d4cec1525cfff62b51f27780b737b69b9cd3bdbea5760cd1d3790f4e32,482.200000,5
10,b39f592724b84435b4e4765f7b5cfd0bd5590ccae9cdc2f820a997859aefc82a,511.000000,5
10,0b41ae9e6286c655e4d4afa56f7db83681ce851673c99cf18aa3dadc51c7accf,519.600000,5
10,b46369420bae4bbea5daafcb2770a7a9438aaf59709eae11a24a21b8f8d2ea23,478.600000,5
10,30d8f252fb57b43514e561a8d06e90270a163886f0ef1f94fc2a73278f928636,493.400000,5
10,ceb6534a771ded341b92ab1ce4ab6648fc021fb0e01045d4a633ddb618c704b2,305.000000,5
10,be7d31e6856a8a51c2efbde1e18b89a7d78403482156050dd890e9089b5bf46d,372.000000,5
10,0047feb38e3d9af0e866ea42ac758e6872b46dd9804c2de43eaf9210ff4e9d4b,444.000000,5
10,f6b08d33fad49fd983c96334bf54419b77eebd5e6e475217def2d3ee600e9c63,431.200000,5
10,a44f22557613b58c1451a7a67c1dfa6465e2169cf995871f5b894a63b7fd8c44,671.000000,5
10,299e141bcf90fc4764ff6189ade78ae26c8e9e5a7d4c911bc47d95d8bacf8faf,396.200000,5
10,13d77e68abd8719f47f0048e8fdd1163551ece02894091081a8ab6db9668005f,455.600000,5
10,39dbac45b2266ecd0ec050be06c743f77d72f23d01d4fe09f30c42adca001bd3,540.000000,5
10,76bf42ba56ff74d0ff60e3946ec5c7a515680f9d4daf9eca475d6ceda471eab4,455.000000,5
10,a59195e9a4732cc5f58debe7df2695d7c49e9f346dd2fb6fbf54e0611b517792,519.000000,5
10,197fe995d9f14d4297cba1ec0f73cd2fb14f5f11921571377bee415f88396425,418.000000,5
10,ae718efd009ee7ce709ada33917a0063a1ea4a0c7733965c33310c4e8d7ab8ab,351.600000,5
10,a6786476d7631c3ae7192cb7003e12beab22160ea65b8b4404b65563b48413d6,355.400000,5
10,a918bfaa70f82acb4a37a3f9132fcdee0625c09ccba14e1a9599eae4577059d2,323.800000,5
10,60d7da0861f465898c905fa24009ee61e836b702820f1b23f683afafa3edef23,423.200000,5
10,cd6dbd2699a31209f2d232531492f16fd913cf9b822c8f7bcd9d9076bcbeaa1e,529.000000,5
10,055bcf69c825d03af57be8c15010e22cd621b8b3547fec8270f2aa782f99a4d3,643.000000,5
10,ab5ade0a12bda3d0b625e4d752448a33fbf1dea5a35640d977d5c621b7e50ed9,578.800000,5
10,e2e0990f5b21d26091c9f780cab2436716fc401e3db96a24bc5736e92af51d46,572.800000,5
10,2610250a7a27f6137e077a989d67cb8b9c42c9759e4648e7543b085f0c410a80,400.400000,5
10,b94e37cd3bf713de12204eeb0f51e20080174a8f5569ff44c18c2626a261ad70,483.800000,5
10,22721a068ea3d30d9678ba43d0a6c9ac26724cd57d88cd37e29a3e3cbad413c6,430.000000,5
10,7e66229dc8cfca05931a583fb3e7c5cc974ec400482a30eab75eaed1ace60a01,453.000000,5
10,d7a615fe47aaf4b7ef87423d0518813a889b1d17bbed34b4323e7b923d8f9414,393.000000,5
10,8a5530cf83a2da6a89697d16cdbb61a35a8509737552c035e55a11ad847aa1c7,401.000000,5
10,04a2da98f70fec25c5e578ebef3b292974d03c360550c728ed01b57e728d0273,417.400000,5
10,73493089c429123f74827e9fac2866d91f95515a383eb11d1d8370aaee62fc21,269.400000,5
10,fe53bc53a0192320d18042a50a0a1da38f5e798a3eeb5f0125ec64fc54d6aa7f,457.200000,5
10,aaf167ab151c56a3a74935365cbbd9989247d374545a445909642090b846bcdd,442.000000,5
10,1b38908a1bd2326e95818b9ffb845e3282356573a00136f47df0bc73f8ae30e6,293.000000,5
10,55d2ea77599815455090fa9cd6daed13a766799e447860977bb0bec4fed9a07a,659.400000,5
10,ddebd928597b3c0dffbf5c814b711720eafa1cb54456904bd6366e42bfead723,436.000000,5
10,05def94fcf23f0eec910a8345187cd6add1f2bbd477e5a06345bc1111712b856,515.600000,5
10,fc5b69c43ad213e9f356532d7f035d65de5e4c0b558594e275998a8a90e9b89e,611.600000,5
10,fc72e1cae056b7d1c09a7154bceded2298a37f461a1ebde36feb46d1a8c0bf56,671.400000,5
10,45f6b1758a9a0cfc059b03ac064017890e152fb9e55849cd9b8880dd970a946f,655.400000,5
10,c9a9cde7d7d7cd7413c38eadbb388f3ff8edc6da8521f4834842a3bb75eae01a,322.200000,5
10,88d08675a107ded9d3d172cf18554f6eb66f225f5c72e7cd4968d6606803ef29,440.000000,5
10,5002ff22e4b62f19a5fec01a8ebf9dce2024e407032250922bea510a605c1832,410.000000,5
10,8c5ce6d7e64ea0f9126857da070581530c9db2ff77651271421715bb5146cca4,434.000000,5
10,27124203cb65b3d30349adf967e194814272d034302fd38dd17fbb93bba26443,641.600000,5
10,9c5c0b5024c6bba64cf4239ad20dde9ee73c2d49150d16f089793a6e6a1d9b21,536.600000,5
10,0bd634d5d1e5c34f066d15c13a19411857a523af658cc50c25c213366d59262b,537.600000,5
10,b759596db0ed9948d1e3dc19d436484014cad29f86ab07f8eab5dcc4bf9e2ed1,739.400000,5
10,067c027835b327004fdac318e2f8d9f71d6d419eeb0e6e63cc842d1bf3e2dbae,635.400000,5
10,f3447c9e8b93d830531ef6e599d46533194a3b0207b9f9ba01706a0217e778ea,713.400000,5
10,9d53d27f75f0e8ceb0aeda488596a243779b675877b0253ae115a55c7e1ab83f,670.200000,5
10,7bdf4418390e706b05ae30a644a78bcda4345fca87ccd1146547ad527bc075d1,437.200000,5
10,789d124e195087bc5ffba66c6e292cc851a7be034e7720bf732d471ed74ac63d,681.800000,5
10,cef659dd258eec5ccbab061e682da31a3488acc27cb444fef9ac34e474b3a849,447.400000,5
10,e2b4a46261a402de78c2cd8e446d7fa95de08819ba8d4d1fb072f15ccc366984,482.000000,5
10,755c100451c49f7d2e7e4ab2697a2ca303a434bd8310444b7b5e11e038ee47b7,665.200000,5
10,4dcc59eb15d937e6e53da6ac40e69452e4717bfbbae87911532d001cb34a545f,654.400000,5
10,ab08bcb298a3d58912ae4af59cf5ef396642c600b4e28e2a3cbcb91fa0bab781,446.200000,5
10,df28ff8d964ca63d0f779b246d0a2940927d233c7539a77098dd020e0a940465,416.800000,5
10,19c0d99395c3b400afb4b11adee2c31494ea6f7be4fb4cb1402fb24835917b5e,495.000000,5
10,3238bfe99db84772b2c60a6c1a360b6bc543d8fd736580e67f17937cc722eaa5,496.600000,5
10,ba0038959ddaf0d747458b6de9b1781c24546ec60dba505459ac536fb3b213f3,584.800000,5
10,b1d4d6c6d0589bcaaef2d50d2847c58ebe176e1483329c4d5cfefd7799748c1f,503.000000,5
10,e91a3b042ac99712def83f9f1171f8660d8be9dd46f01024b727f6119cf53f1f,468.000000,5
10,3c2e042062f9560e34eb5b159614cc0233dd43eca22f5112b5ebac4e107892e0,485.600000,5
10,a4a0f803d056eb0381b3d0e439458e1ea99089c7fdf9a673c45435504e4ee134,573.400000,5
10,9dbf0081420c666832f039c4451e078dfe00d4c33a08399b57004815926e6f59,560.400000,5
10,45a6a55e5e893446ee75842c8974645d8a2ca8ca3cbbc2276c393a7cef36d1b6,339.200000,5
10,52137905b9efbb8938b89a3f910a256f1ad0ebf49fd63d69f79e41d5c773bf13,342.200000,5
10,5bcb98cbf290d8fbfdb7257f8d4a3dba4e2c04e6b2fc39807b3b38b152692703,317.600000,5
10,152e240d77c693653beeddb0c266c994f209e5999735a125de8cd17470648c52,511.600000,5
10,92effe14fe69f6b7e8a737cd4144bfa4ccdc557c9215ab63e5f39a41648f0319,398.400000,5
10,1ce4096ac5d225a32549851f82f840d00ef862c234dba5113db46fa9099ac3ce,431.800000,5
10,0fe7c7ddb59b11ce0c9297c19fe14276b942d0c721aabb19bb58786f7d8bd525,471.800000,5
10,c67c4a88ab8cc53b40e018761de80a145907b7888528a109c10a974115572b1f,598.200000,5
10,5654567b67aecfbfe64073f52c28122d2465bf6abc52740109c52da44625506f,382.600000,5
10,f988b0c46b79171c37d19cf77d2e22221d5002d5763f77e47c3c7dd1d128ce5e,643.600000,5
10,ae316033b54d1724799c37ace01c7838a426bce9b754ee4be1f4ba3f64528d63,820.000000,5
10,1b076fb55f47d3263677111e79ce8e6f947f204de8ddc48c06c9d57d279be5b7,732.000000,5
10,1bf7c00769725109f8ec705c816c9333d9d0acb8b5ac15fc5a6bd1abfdb8ba10,593.000000,5
10,f9f14979241c8b36fdb56c6c330ee3bf457851538093b6363fc91bbc8ca863c5,562.000000,5
10,8c8c021370fb6a51d0760e2226d30d9e4ed21b8ec98bf6de0f1dd5f576a42c29,411.400000,5
10,b3b47a1f9f4f1c89d496a002b4a21337c18d7da027898b50a5bb83f519c01c06,336.600000,5
10,422a19a0c60404da81b893a331bbc1ae64b03616ada0b8ca40c73445bad02143,343.200000,5
10,544ec68b226cfcaacf68db45fbaebb27e2f278c078dbaaba0bfc2248fa640788,456.600000,5
10,b6eb1598cc3cc52620ced8f1710cecf364cd0268c535792385af97a78560d62c,316.600000,5
10,8a4bba5c6751a163150c4d371a018fbc46130164058580d84517100079d61c85,444.600000,5
10,e83487cb79900c4c18fdbd1d7cf976c25fa5054766c53e883231665305a982da,570.200000,5
10,80143474a4e7fbe4371193ce9b8dc13211b02ea74af4635043dbd0af9560fbfe,389.200000,5
10,18462a41b901b70c6703aaeed9b898d3b6d40c50eeb6536f6fd213b0f520567b,395.200000,5
10,1e25678e469a5c54c303fb2d435106fe68aa619bf0fc1ffac6598bbf5dcb0c11,455.200000,5
10,eb34b7d4c319e39bed663786e7b084b9a28448f07dda2d85e609333071bb7958,499.200000,5
10,da6d4b27b2d815b20dd4e94e8c1936f2044ed15766d56e416ba9aade85a7e385,409.200000,5
10,738bc9e87b24266bca751a209c4a328b5fbf643b43c1b6c4cedb4472078b75a6,526.600000,5
10,77c15536b8ae458baf296de9a0961ff542b75515ccbfbe892b94feeac42e1ed7,659.200000,5
10,79766f5df1ac035ad355f1ae164596fb6b16965482028fe30410d5d2a447aeea,417.200000,5
10,76bca558da50f4047a8253430d5205cb0cef217fb7f37ea727d1bc948e327ff7,433.200000,5
10,424a65e230b61054a91d52e9a4b0211c071f2bdfc20f24b2f90aca438976aa71,660.400000,5
10,28e045c0448de35682b4a1410a21219a428948875ac0a3caf80dbea37fa2d5c6,493.600000,5
10,d6472265e795e421e2d9541855ec1266268ac5dad936d319651acecb165bf70b,325.600000,5
10,a3ed8904a2d43e29f643f333433e2e641f77bbb5440157e0f8fff2f07778bda6,515.200000,5
10,460011396f234123c54c981e8921661e12eb9c0a2f89350a4c0ceafd10881d50,432.200000,5
10,acfb11d08d677f84537c5f5ac8075a5a9c229cda93a36c25287ea510c7f7dad5,430.000000,5
10,de9c6fb303e9ba72f074aa924a7abe1eba49a574c8e59c450fff01ba86b41cfe,621.400000,5
10,43b4afee2d6a175d205f6fefe3fa699ef02ab8cf1b68ed3bdbc85e9e04f72ff9,703.000000,5
10,2ea7b6b0b762ab32f0010c0425a0d976f20bab15d16db12debf5c0f07a7001db,611.000000,5
10,cab7ff1c8ef07f9a891073fe0c28802dbac871247105fdea6bd64435d9fb4a6b,424.200000,5
10,d7553d33021eb97b7f7f2cd1c84249dbe0c38a8c8f5114d89ec716510f2e0bb8,587.600000,5
10,c25a933a7a5afaa82cc647f121427b58d5bdb2229dcc195cb6050185be893f52,441.200000,5
10,067435155453a2f21e4e8541772857ba2d71ce485b0154fba11a68344e49c5f8,522.800000,5
10,dc173d2b1d73d57bd4d11833820a3c99439c5704aa6497523012a6beb32b4fe6,425.000000,5
10,b61be7a5be8a963bf12053b1b5983847ee4700ebdf996605c1b6c6b0f94907fb,279.000000,5
10,eeb957752a31ec095f400b797d407b63926cc90df306a862882880c9a7305cca,482.200000,5
10,568266042cdbe4f6a334187c428a376a3f4a0523516a0c318e7b9908595804b2,436.400000,5
10,8b063bfd34c261b79ccabb9f3c39c06f2ca5391f1a1b15af210e28693488cc8b,556.000000,5
10,cf1ef879033debb45a0eb7c42bc6e0a21342239ba567d749b24606c2670309b5,372.000000,5
10,2dda677ec4bff74c6bb5837d6e7d7df775ce9f9c1eed50eb7245312114a734da,453.400000,5
10,9f9c2293f5022af285cd19f2c254e8f934805f3647f0c1eee7f80841ebeddbe9,601.800000,5
10,627008fe19b4d2e3fb826e114e1318b98faeb8478e58058b4eaa05773a93ae72,399.000000,5
10,0e5952cab569af933f998171aebe5fbf41e1bfc9e86a49984dcc5f1a847b1206,417.200000,5
10,234c98771d6b3efff46aab81e11f280a73e5075ee7f614487008d2dfd194ce62,430.200000,5
10,477dcd4583babb36f4e60994760f43b4b5be82893667ca5168702ce2918a76d2,685.000000,5
10,ef396009b94fea9e7ef24698f5962f33d388aef22186aeafe7213d09f36d0345,595.000000,5
10,afa2367ec8083cf14469d46eb4ff4f8101f51e863ef2958177acfc38ebd240f6,431.200000,5
10,66a68ddb8a99e1dcd7866486e17ceedc0d411bfca406aca92c0a6319acdb6439,463.400000,5
10,2ceb4a48ed4aac64f76853f473a184e2599703d92263ba23ed5ac8933e7cc658,510.400000,5
10,b7d923c4f947cf2ef5a32a9125509483787426e6e423dd50195d806d962d923b,516.800000,5
10,954a8e6ea4e1e13c909236f4e04b22c3bee0dcea250bb7eed8e2739202b07896,426.800000,5
10,f8f551572fac290cadbcdd278ef4707dda33d3f0b08409f79e2f45a4301d7b98,358.800000,5
10,c81f3877cbb4f05198ca48fdf16e5e53362c80717fe6bdfe7135c4905435d335,611.000000,5
10,c258def8c657d358c76d6673f1b18e103610c82e5f33e11464d8d3d569714fdd,494.400000,5
10,624840b34b844bd7d936e30f3c45d677974c0b8442b85b29ff6f1194401847e5,472.400000,5
10,be8c8c70e649d52fe40f131c54c8eaed238f77aaf3b6d913029e0978dd7f881b,441.600000,5
10,79944609aafdb2d4dfd3b9ba3203b93a92a25a1b4f49527b2ccbbe0b62a74765,422.600000,5
10,9edbb3918b2c42fead0eb7a72da019bc85c90dce982bee25a55db43241350725,555.200000,5
10,1a23ab4ffb7233bbb3fe2847ba8220d4f05ef3731181cd4749f5f322290b8c4c,276.800000,5
10,4f472e54e49529accc2d646c42fe8fad2c2c3d79b2cad71c90e3e61d2af4be55,365.400000,5
10,d9db45a72a9d84409712f13ed58fadb2bc41065b9afa4b6ad4b671d95e815375,658.800000,5
10,0490c44a5891d69ac111bc8a7e84db3aaea1109150b2e061bbcfbfbf521e3137,353.600000,5
10,6ec2eeabab67919e9c54363dd576b3a695af784d5b3a9ec1f06fa30b6d53ea9f,557.400000,5
10,134d13fe76da6b1d4745cb5156f51f94dbcc4d60d06e42eaf809a8dc22fbe6a7,445.000000,5
10,a78c66c8cc6aa17421e3ff05dc443dcb5275395902b91209d1efbddf96ef2e5a,323.400000,5
10,2cb2a3a674f15aa613164e34115b5853dce99a8550411d9b2b7bff886770b3d7,972.400000,5
10,7223393a580fa45790e8ec270eebbe2dbab1de9a8d9e38e7139577a73350a354,865.800000,5
10,e9dbe85d0c611de5da073b26e143bc49115c237601f7563a28ca43a5c36f39b7,753.800000,5
10,1e520f3194279ce00402be16ee7a21763d3d8cc0fdbee990ae7a33c68427eb72,557.800000,5
10,fd0141f99fd08275196271afda0a7756af7651e8d03d49143e851c5815e745af,1585.200000,5
10,2d82983f52228e4d96d7790d017453152909705661ac23443f8bdbcd1ec71e75,591.600000,5
10,21c9c097ebccbc0fdbf77d05abc950e1dce00b080b683a31dca4e518213505ec,598.600000,5
10,7f221303d593f4bf48efe48bf8e482cc1eebe73826c55a68429cc0f97f39f954,509.600000,5
10,84186a93aede9122a9cbe050651c97ca03437cdc5f6da3287399204d860bf0b3,920.400000,5
10,026c889486c2060ca7584439282aa1db16249f2e89d93a22dc3c365f58a15020,321.000000,5
10,33faf660b5b10536d485cf6178a41349acd7e6e8f2ca1591aff8fae4b1d35b21,488.000000,5
10,3e28707561f520b5e4bb065c0aa6f65e97a8dbd45483492ae34a49cdbfbdbed2,409.000000,5
10,7dbe157f4b697e7c483bfad46c5cd9f70ebf5772105e8c98cc5f26d75b191bac,261.200000,5
10,cfe8680a18817f58d0d38e8b2474ba6a237fc7dbbec6370d0335263c572e16be,596.400000,5
10,73f8fe515c9fb0159d64705dd6c0b4af1d436aacd5517eacef5b5703280274da,478.400000,5
10,f7966ae1035b5fa99d47ba364e1f1a5b6e573f3c27e43bd0e3b3999043865b81,278.600000,5
10,cef2ea95e88f9ed47a3d2dc58e6b7abbba9a4ca0c499ca234c14485b980a8b39,356.000000,5
10,133514443ccbd058ee65491ec6e3a23b9415334a6010ec35b1a94164b5f3a811,363.800000,5
10,7aa557f98c8cba5b1f1533bdbdc0d22fbc9af9502d7f0133618dcddd2cd5b04f,669.600000,5
10,e1fb13d7c8f6f3bbb1fe6b0548f4aa468282918b974fa91e9c430d32ed945b0f,576.600000,5
10,5387a5eff417ed2f822cb576b4fbbf17a5d943030790475360ae818cfe02b889,585.800000,5
10,7fedadc125b3755e5c0afc10a38cf9c764aaa0751f4e34e9986fbb8a8fffb0c5,413.400000,5
10,41085dcfbbdb25cf1b26ab86a6e20c2fa269583d7e6f8b00918e76c47a3b3ad8,538.400000,5
10,ce6e7194a91320446b981235b76a5b9418763434643f1642814f9994bd4e1cae,329.000000,5
10,953cba42afcd04e1f9f4099764a4a5d0cdb740babdba65766142e96e69b21d55,488.000000,5
10,ea0bcc09a347b0e784e1f8cef56e8c31b04c2baff708377e9713e717b2bfdfa4,379.200000,5
10,dec9cb2c5411b2b9619908da2b1278d8ebaf50dbf8a98ad03b436a5c5a5e016b,393.200000,5
10,3d23c0245a6e3d474ade8a479dca85ad1f6c2bced6988dc9ce5f794ff6c22982,497.200000,5
10,e51e86e7047e7eaa506fc51daecde91d8d5ce2351772056d1fb4cfa5de37bc86,448.200000,5
10,27a36724024e9d8615ca250efb080a26b34d4948f5f82d4cb9078d21f21ba173,505.000000,5
10,c925fcface4d6cb7f03626fd7b8483dcbaa67f3e77d959212a648d1b6f58cf06,453.000000,5
10,6f998dff7af8a978192b8512f4ca4739ae8fa3ed3ea32a288c1b07df98067c82,345.800000,5
10,86a77530dea09f1bbc0aa2c9f70a5b240e942a33dbbc2afee436c72647b4cb81,548.000000,5
10,37947e61b49e175152738ccbad5643cfcb01fd687873085842bd405b19029ab1,286.000000,5
10,8f87ac5e8e4907a08ba479c1c045e277d2baf877a423bcf987833b495c057d67,457.600000,5
10,bcf02b644660177602909d569e5199c9e1f8a1b307f40306353ff1718f8ed7f8,261.000000,5
10,2aa3bac6822bcbf46c5505e84719ad5d79b912e1af2b2f1a0646aded6bbb856e,358.600000,5
10,dabbb4e2f23757397940831654459bf3d2b797cb5a224b9681a9ae9768a80223,467.200000,5
10,ff0fa16d6c0d53eddb48b71d4ff90cc7cb630674290e80e16f0520403bf510e2,501.400000,5
10,c5041391393288f52f753772f9f14f3d1a05800c9d5f0258bc50e17dbab2b56a,470.000000,5
10,52444cbc1cf0bdaa60e813f9996733b20f2439682acae6f196f52a4a437ce973,528.200000,5
10,2fc1b5ce7d833d23e5f5a6b4e7de532b1658d2de482bd4f4617f36eaa7c069f0,558.200000,5
10,f9334d8a1c9a998ba2b24eac395280299c574ec07cdfe03a8cea2cd93e7df911,682.200000,5
10,90f13e59e04522cba2a5b474888ea7f941a025afd499bcaea5c354721b6ee64a,377.200000,5
10,1e7c162fcc06b76a57f193b57a5f5dea67a88fc9eccdfc91929edc3bdf57a63c,630.200000,5
10,5b1f4e34f132cc897ea41a9fa1c6574614ca08ec7d2550feeac5b1f4bf29f6e0,498.200000,5
10,47ad034ee1de74c44dd69b368b753b8f74bf9300de4bb46887f80ee1629c1ca5,427.000000,5
10,906677a1ff408a63e45d8e1276eec2153f1564d3fc91442bf08e027f3f18b4fb,353.400000,5
10,6fa1c11009305c221bb95a312b1e99cdfda46e3456f2be40a00dbdab1faa5fe3,450.400000,5
10,253addc8417e9f24c9ada709b8dc8818e87218699a04675cb1b3ec405a2937a9,373.200000,5
10,7ff3a4aa0abcdc459db4c3751804bc060ceabdafe231fbba0c149d79f41b77ea,221.200000,5
10,225d8a93457ab9d193bf4466b62c0598859172728a75ea16ac84ee1b6320ded1,533.200000,5
10,5282d4086d06ee4c4efb4660768948fb3db8dc5086d8144e81cf721ba12c0faf,389.200000,5
10,b241cd09b12211ba5483a04bc6001d430c133dec8b2cc4b47621678fc54c2828,509.800000,5
10,398c7bb2f71c6306b25e927b5b0418b45215e77c18cfea3790bc298496f8f69e,301.800000,5
10,5cebd6812064697ac180b284e69ec989281472dc4461f399fc21e97e4b4caff9,394.200000,5
10,6c13b0d76fe257748a03127cc1a688704d94a350c1eab58261e15a3f76fa8060,471.200000,5
10,1d0a2f6ae77706190fb9070a8cd47049f479ed349037da5289517cdbd9c0a7cf,376.000000,5
10,de29587af531ee83bb016262e2e36491ae84b8702d2ee3ffbdef64818a18cb37,451.200000,5
10,c414837959bb2d692fd7d051e40ff7e71fbba65bccb8e9ca8c86a5ac102f324b,477.800000,5
10,28d4b3b093f4c930f2eac6335a33d9fd4ce77281eeaaa7bf20896e6291121180,354.000000,5
10,314b7973caf07142ea63957add555db6c4ad680a9b501fe24d50f3fb2b9dfec3,363.600000,5
10,5e8a5172590b1c1fd07329b266ec37c3c1cacd7f868e3b7b31f22521ad0abf29,340.200000,5
10,e32ffdb613669e2a5143725224e8053c26be8aaaa9fd34fcb6329f2129eba9b9,609.800000,5
10,9b62416212a868a2594048fa514015bbf0cd6146e08b52a7650c7bc570d0e5db,532.200000,5
10,286d6de539e2fa08a9f71c2cc39e375ed07b04764cea226b2f4e400cc9ef1341,535.200000,5
10,d0c362807eea8d6a996a66aad77aa48fe2249c9e319914a5d4c285ef0f0fa20b,435.600000,5
10,f6639a1aff35578ef6fb3933a0d75279eca0af08af3f377ddf56b4d39139dad2,646.000000,5
10,6682fec5164f42d76219e316e60de9d6854f93f9747566b6ed36465461427167,487.000000,5
10,924fbf1b8fec7f2bf90e66a41317c8439b9092f56f81d017880fbb7f7a06a6a8,367.000000,5
10,ae3361d272b659eb887ee2c90339a3ad3754c9e133233f004518f25cfd49f532,275.400000,5
10,0c88ffab27463f58c5164fb8ca0b17ada82b9b6bcbc10a8bc518ea203387fa2f,340.000000,5
10,338e60b0a4f4886dc59fdf7b4e13e5cbcceef198c8772bff3f700348a6e2d986,376.800000,5
10,c096c17b23dd57efee134000b67f0030885123f75da2d340d086fc870d4d5c09,288.200000,5
10,db77bd7339cbd4c361421cc0415e38560e5e5283a163c999ab958fd444592838,596.800000,5
10,b7b16d6c1e0592b6513f4e8c5d6c9c38e14e94cf29c107e20740f02dc429c1db,392.800000,5
10,31c995377d0f56a3613df0e333d45f2beb0ea8528b061f4611da709a6bd370d1,559.600000,5
10,49e162df1538e4e4be701f7a5c2625d6a62665c0487f3226eed51f061b74203c,667.600000,5
10,3ded2a54b933e1e206b057434a6288e03fb8b430e9eba8179e2bc1ca26e025e0,376.400000,5
10,217dd134c359c9d8187170061730f4a48d43ba06feb3e1bfab80a8454fcc9dd4,467.000000,5
10,aa60a6e0e369b2c39f3a0e9ae675c6b98c8b1fe27565fd285cd6250a3505cf14,608.000000,5
10,26d734ac24827ae997f7c6e1961bd0b3c02b4d13f0c6513637df2ac51a2cb637,496.600000,5
10,b87d445ab21c08989f165ecbe76ef95086e7490d6574acd84fff1b0c0e8d2644,527.400000,5
10,8b47c2f00e2ed5407b9a19fa61c2f7d041e9e13610fe2cefdbb442d2e9510c5c,649.600000,5
10,7f436903c12bebab8434ea84fff379fe3ec238c8c6afbc91714d0327291183ad,412.400000,5
10,79277cdd886d47b3ea5f01cee94f6ec3dcc4ebaecfe8af7d392b6275f1575452,306.400000,5
10,3d3ecf670df2c185b8b4cd66a6a47e3be9b79c72cba8e0b817a4d58120eb9aa1,605.200000,5
10,c8e9edd5156f1df95c974daecac943742bffdd71bc7cfebdeb367b2337501df7,400.200000,5
10,0d1acfb020dc572bf64505223c698486a0b0ec1b0cfb2c5ebfd28f2f69a483f3,382.400000,5
10,59dc7e4c2d1a5abf348b396d764d362b2803e71f207b9473e9504af6e64398f2,454.600000,5
10,5a6a5edfdfd289414d2b2a4068446bd5c2a75d266def9e319af6146713a28422,405.600000,5
10,243fff5d74be033f184b3ce15162e2334554faebdd69964457dfca5312d7d4c3,618.400000,5
10,12c5453ee7751ed751efb5549869acfa08d3059f3a295459a642cbfc1d309e97,571.200000,5
10,83dd9b13eeb7b4f5f8717b40e67ac9e0440130c3cd73c47e640f6c2d3f45afbe,529.200000,5
10,a3ba5e2b8c4f381e72894c8fc4be96b3c0cdd8b60fe0779ef4e3b722e3df8a7e,459.800000,5
10,4512806b41d751cc7d4d780bc3c7f0d48b9e921b10adf336e84e8153ec2c6b49,555.200000,5
10,2d46620daa080ca108f5beb7425509c7af12a1f0c11307153aad03efa55a680d,346.200000,5
10,065b9ecfa4f81547600b2e7498791b05b72f5687d3905bbd1bf7ff6950fddbc4,409.400000,5
10,30dd30c07fd18f48f7049a06ba1a3cb8868c7136acf2090b46103a97dc2af752,444.400000,5
11,2b384a0c946b2448fc1ba2b8a77719ec7eb2580436dbff9c469481d42765eaaf,405.000000,6
11,62515ef3a4b157480bbb3136e9b420f32b0c44a84a59785500328f8aec1370ac,241.000000,6
11,5a479713f4dd7d9b6d5cb74093de39cf7e902ccc1ebbc3fa0de5b8be5ea9409c,353.833333,6
11,12dddb7b021eb8001c2bbef214360c5e1370164ddb72fbcc70346dd09c0330d1,473.833333,6
11,f7ba76988b9df39285a0b94d4a4139c1da89498542dc46275772eb4fa524ca94,542.166667,6
11,8951f5179f5945d5001225b76b9c17dd00a510e5786458b01d23258f6db62d1d,391.500000,6
11,852a86c043e0dbc1be5fec9c3fbbf5c8ebcc3df2e031ca92af26c8ee7b0271ac,414.000000,6
11,97d5dac12c3ebb29ead55ee0ca454f140dca0fa42d48df356e561020cca0b897,566.000000,6
11,02725af8b690ba2a7f99989de98e7cb72351edc57aaa3c130245f2c3bd0df078,473.166667,6
11,fe18b16222ec024ab2e3d542340d4bf3c867d0ed52560dc8f71e980b2482add1,364.166667,6
11,36adc894ec41723eb996ab070cc576e31442d9dc3cfc80a5f8ab0d68cb53d576,261.500000,6
11,f4604b0603f0f54dd0ae77a3e0ce99fcfb24606d7ffe5a1564ba9025493cdff5,431.166667,6
11,d2719b60fbca3500f9773eee722c45626ee3811f62dd44d5b0f532dcef9732fc,488.166667,6
11,a6ef3f79a6fe86a3e443d8de59e2251ea62f926de796c07f8b6e5b1aaf7b3aff,454.166667,6
11,e63fbc83ca5cbb9cc79075e93e3692d039257cd9111ebdb19d7735ba5620795e,495.666667,6
11,65a8747715019601f2b7f6d93ff5d49f1a442e656fa63dc94f25a6ab211fa88d,604.666667,6
11,bf0691c5035def3b87367a589c9ee502b67ac62f1e4678f3d5a8321965da0a7a,279.833333,6
11,fa4b0540f7e01e8617a74629bb508cac472eecc5681bf012308044cfca495e1e,556.833333,6
11,da210163b6b8070a9c19b956a5288941b597de71bc1ba78291dc29803b73a541,271.666667,6
11,f9cf06af534fca011b4e691c8b5e7a7d790bc893f85a7cfbc3bc52d0256caa30,410.333333,6
11,cfa47147c6cbdb22ce3cf736ae902d8808af96ecdca08c16d40c4fa09775a4fe,312.333333,6
11,fc1144a805ebf0ec41c9cb2ef1295fcd2ab58766aae12d937681882ecc179197,327.833333,6
11,d483136266299bd70527a6dc478e1e8bccbfb77294551360beb0a58e0560f536,512.666667,6
11,e6db5ce1131ebe4b839e993f013fe844d77c1557ebe7079f26105824beaf8d8f,451.666667,6
11,f6f17d4a0189e2ab5659fc8863a7a1373d5eee49128c4da673a56edf40644b08,564.666667,6
11,31bd3fe2c0d8030470defcf0913e3c9590cc3d8f1079dea9cb03257580b99529,368.833333,6
11,453e60c97358c302732dc7067c1fffedb9d8eea41d37f110cf6af87ac6558110,552.333333,6
11,17581c23874f13fa50db86882d7da55076da553c9a203327480bb4bd5774e55d,375.333333,6
11,247b8be03cbd4960c12d2ab9c13044e78c449fbd57180db6a5689eb3fbff1d64,496.666667,6
11,94467b8ede727543108b49f5610b8c7bdc00d6fb3d0e81cc28e57e2704d8370a,366.500000,6
11,09c7dbc84e07af9fadd5c6ced52297c40654700115911d756676d76ed1d4bcf5,316.500000,6
11,2d2dbf5481e2ff1c8ad32d0290b74c387f57d1894489ed32421f1644af5f65a0,723.833333,6
11,aed1416cd2a5d8eb222ea0413d2d7a2fee867ea7da266c09d4087e2e1cd8b522,488.833333,6
11,a929535dc6365d33e6fe852f339aaed6e2bae22a7b4fe0f50a16009a794ffc34,419.833333,6
11,9faaa20154a8f77503050663070bb0e2b619cc44934346bdec618ea84a490d7f,518.000000,6
11,cb85ab37725dad866d5b9b8309fe4c8a9acfc00a8155f2f1754f81bb2c899fc5,273.166667,6
11,c2c641b387fd1aa98f65d8cc56dbde4ea6dd36716521ab17d0461cf7f6431deb,400.000000,6
11,1b68039446d5e516bdb24a2ae0680ab9398ed27d19f74448c368ba2680e4d8e1,535.833333,6
11,241ba4b3987f08699ef916990423bed3d9c03866a1d27d91c49703710269f449,304.833333,6
11,e63c43f2d2bafa2a9b1018373ce15416c3326d5c37f8e9697d926c38c8cc600c,453.666667,6
11,bfdaccf5487f37255669fb5142f75277cba8a17cd28ed53c1f5ed8cfb304fb67,580.833333,6
11,623cbe367ec6cd2a44542aba3e69235d377c407d098bf5614baa7128dfbd1c21,582.166667,6
11,7c6c282cdbe6dab9c35bc48069410a8230602cdd523452c6898b855b9ae1153c,602.000000,6
11,f84be7ed6945e66dd8cf504bd6f52f52e75d058ab33ec1f93bbc816493bddf92,574.333333,6
11,588bc47273f900c3472e3ba6daa75709bb0bbeca903fc5a25ce3f0cb690eab37,242.833333,6
11,75da87d349e588eb54a068846fcae4e5b0c3af63ad075b8beba5e50545749f7b,308.500000,6
11,087fd36652a3b294b0dcc37814fdde4a1c56c6aa0cbc4bf3e5b8369443e7d2b3,327.500000,6
11,f93ba9af1c13062a498271c2ff0c06269464281935d8190c927983169892c666,413.500000,6
11,610d276ef2859f9830dc812e125fa1fdb404fd611420d6e9c06998818711a11c,392.500000,6
11,2229f4f2b82893a26a6041501618551a2dad7c8110ff0bd049c1d4d223f24158,537.833333,6
11,5a73317f267bd778999207e274e72f7cb8bf1f0335f08f82cb4a8aa413b435b3,418.833333,6
11,208dec2484c4d9f6025a5be11ba993b089a0e882ab570d20675e9e383465cdf2,325.000000,6
11,8927eea5134487f0120b9501cb63275288c75d59f7e5315b1fe8cd8d453af2bd,565.333333,6
11,bd0b05563a3e43815cdf9465d35ed6ce70c9b6097bfb6627e42ad6e366f75c73,508.333333,6
11,3e1165d90d1b1f0d16f02fb81b3a341d450c77092f8e9ad59c2827eedc55285d,429.333333,6
11,7d82b294f8db46a7295cca59c08c16deee2b8a8255386f51f855d30b7905f5ff,447.833333,6
11,92c0d1717de83205b4a58e117c11d3ef7c605a1f55f2073520dc0e3b9c83a5a1,455.166667,6
11,2ce4988e9f7115be344b5de03b96a26451879a1188ecf7e2124d57c6baccbd2c,284.666667,6
11,40707b487aae387290802c6b4ad3214a479ae8fc83c36e0e40d86d6274df892d,566.166667,6
11,9eaf6fc6a622866a568e154d3f31ede056824d51b9a93319da0c09b7880309a2,447.333333,6
11,21458bdb755ab315c6fd224eab0c4bb86538c6b8b76c73d61ca56e43918cebb4,432.166667,6
11,df2336cda922aac7fdb0ee903111b27a044026765e6a567cfa946ef3ba38cee1,375.166667,6
11,f94dca6b25283df756f9c704500b06e4f5ca3c5d1a8626c934958672597378b8,282.000000,6
11,6f608d42a93b92c500463e3582e942c89f6b838a1ba3faaea6d45bf1489a3744,264.333333,6
11,0f7182eb3eeba9d4226f5f630182805a90a368b9b7493e0302d7c28b1368861a,396.333333,6
11,db8f7915e3018d2a809f6fb66ae118090a4eab4c88cffb0d2cace19f60574617,310.500000,6
11,40d2dcc88a9d6d3844a509cb3245fe41666c0ef56c6a9c2c61556b17aa5f4446,298.666667,6
11,b0860c0d9261ee4778ad68fb719b50eb391ff104ed90111e3fefc29b218b0054,388.333333,6
11,9d581a33e13ca4ee7157ca13e0e39da0ae0282d113ecd97848a8ab01a2dc5506,414.833333,6
11,26b9d60aed1f492519366e9fdb7a61e1af76f905aa757a3d22fb84848a0dc55b,390.833333,6
11,eb2382bfb1740002bd0c181e2582c638554d0a31e878d2f4b272edd61e27c1f6,503.833333,6
11,c95f105bd23443ddfd4d7e25a72fcf876a3710a09bfe64101a8f14b3025af34e,459.333333,6
11,d723a10d73a5bea11d2b13053a637b8da67cc5a690c39e9f236fac21ffda42a9,694.833333,6
11,39df52de21cd481016a87ae592c80342448686c71605428311feee696134652d,579.833333,6
11,ef24a8d89f6a13287901204969a0f049a9017eb0e549daae10f0813f94592a5a,561.166667,6
11,5e2d40788be4230985360849ff676ef63cf7f6853497af00eb2c96a105b2f36c,317.166667,6
11,92bb15672a1a5efadb9882f3e5664d4e2ca5680e26f4c185d2a5f188474f914f,566.833333,6
11,3d5e1ae3bf33824c8b27acaf7fa08f616f8442d579a69c2e2ffd3ed0e85984f9,421.666667,6
11,f5e2ba28c8e12e59b601d9f21365ee9d587ac77615653a459f1201641d619408,373.000000,6
11,49c5949d75aa86cf24117c63a70f3d3c3891902122900ebd50f796cbbfcd9e8d,522.666667,6
11,f805abf887cb07a8ad6a88d3509ab33084d876d4a92cb9b0d32df7d1fb21ae57,315.666667,6
11,df0d4ce7526abc448406c67f60ca084396597643776f62298db418c1b42f24e5,488.000000,6
11,7438c6532d4272445067965d9973ab00f0b1c9bc2723e3b18ef03fd8dec8bb0b,535.333333,6
11,210de84d95501104fc7d05f835f487bbc2915dabe1610d01d4082034239dcffb,565.000000,6
11,7ea1515276e825f82ad0e07c96c569caadb0cf6fd94ab1fb6e52fa879521b3b6,275.000000,6
11,b719ad8b53138c09e34237916d7bc1c4c2a7161a80c68cec1426bc6550b03f9b,461.166667,6
11,67a8bf7a300590b794bcf27988b1237eb4742e4cc905a660000a17fd496e0cee,584.333333,6
11,52eaa04bb1e4d174bf1ecafea01218eeacec9b74474601e8ff462ef649f8b509,464.666667,6
11,4e0ec6d8af85b958f3ebb7e9d7117aa596319780eb22bfb32e7993e0da7d97a3,469.000000,6
11,d8aa64345410fad57a7fb803602176385486bc136cbf08fe713ea0916513cc4d,547.166667,6
11,3676a72835a405f5af63a51235e4d67bc8c0d3d86f2ce5a50d0e56aa4657b9d2,531.166667,6
11,0745c6d276c387f684c90633458da5a9f234c4462dc8a876a956feb24dc5e38a,533.166667,6
11,3e745f10a5a9e15d556082c17d12da44c7edb2efbb9fb0c2d6893714952f7caf,517.333333,6
11,61f4661dd8353187aa2b6c9ace312d44f362f5bbfce9949e8f691f1abf7b8388,521.333333,6
11,d93fd14a4d9db073f17ab3661f21ea3778c48a2b5d2c1eaaa1624a01c1466995,620.500000,6
11,b4bbb75347ec61bdf33e689829215d6f00dafa2c3a05919e05e6a25f08b11894,292.666667,6
11,5029ccd1e947c266030e3b6968494642186b2e7285e26d9af992d612a5099bf6,387.833333,6
11,d35712d5557ce522b15334619c0eb1c521411281395caf8f62d4b8ef6acea13d,622.833333,6
11,6b974e22dad70806b7d15d41337a84d4b295c6eaf223f67c8d0152e484c8d0c1,647.000000,6
11,999e27575680381a745ba5be29e3ca6200c7cc1f8e6d9ab54fa2762cd4e9832b,513.833333,6
11,cc05cd2c5137687fa66d13a08ba3dc7753a712de5a312a557624d9a8559a7cc9,406.666667,6
11,c195185a8ed4438786ba5225ecf4d16c169e2e0093d035912be26a01817a3124,516.500000,6
11,c5e9a4d89fabb1ab93d8fb9299ab8d8204ed16fc1d4db6d646654c112970721f,280.166667,6
11,c7d0d035e1ca8a56cc6b7ef4d01408d28a06ed3ca3de168369f973c0f9c633c8,454.166667,6
11,3757d383dbf9fb126b0707715e701a12b9804582a216ffee9374840508261a68,583.833333,6
11,ae3ab130fdb3a803844e3471e9e9cde6e87efd5a6260a7c1cc73e1df2d5ae929,531.833333,6
11,e476f97fd82e0d858434c7fd60cb6ae15c05edc501d76fee6a41525923b6ec09,398.500000,6
11,ec994cd89d25e198bf8d7fb86c15173f0a949549f5c643956f9f37beff1b23dc,289.500000,6
11,f55644079912323e5d0cd33737e13ce1c4fe617bc34fbabededd226fb09bcc9c,294.500000,6
11,8f756991e6f3ee12dad22cab139d5bfd052d1685024aba246ef61d4bc6a26c37,576.833333,6
11,26efde12f3c7d2b120fca0d525fba20976bd0c347aa75d684f56dc4e06a31f67,373.833333,6
11,20165fde3eabed2e0d384c0bbfe01b15efba57dd11148eb299ed27bcb50c2a52,829.333333,6
11,d537784824b7571c64ce61a63493f9990b4c222ab28a515a141b17d18120f70b,456.166667,6
11,ba093d3b62e1cdacb23ce0fe4368f4a22970ae461b0c1b860a850e14f5767cc2,321.000000,6
11,211c0421f1fd44ebceb283cdd4ed8e7fa58327ce540d346edb674adbe8506bd1,428.500000,6
11,b12eaec5242b3dcd3bcd0cc6144edf8017124921d538d94d019cc0e9b3285898,422.500000,6
11,f383e11bfe0a8db2a88505a664d48fe51ac660d946ef1bcd29c7d0e7eeedbff4,398.500000,6
11,b32bfc089718ef2e3b12a3f4b2b3c976d63f5cfe4162ba4bede1674a9329dc78,541.500000,6
11,1cf0f728ca0266e033b1931a9e6b22f52e213ac60dafdec7e576e30f5fe62ea2,487.500000,6
11,7ad45a6adb437d1a7e7618f9162a490e1c35046ea45f62164af1f83dc47d5571,358.500000,6
11,ad1a5aa488aec1a94f100855af225e53eebce5f9d134ed70343fd2a736080a33,509.833333,6
11,a55b2a76cc623aa95ce7748862b2df5a6cf679aab720520f385be15bdb144e37,373.833333,6
11,a38a06fc21b692d81483d7ab150c3ef48a4f77aaaf216a56d9e9584f71b4a86a,493.333333,6
11,74edafa88023ab89c1bfb43544f4bdead89052985eace750487b776de6714e05,481.000000,6
11,1d8a41dabfe9570859cdb642595d499385f42d03edc599070fe7ff8173511826,388.000000,6
11,dc502c393517ac6f1e22c86aa46c409a31bdccbdb56d25000503411637dcc844,529.500000,6
11,431bac51362744cd46b58ed5c49f30eca5a83f1a84b9f2102a5b6309e98c61bb,530.833333,6
11,73219c723ea1bfbafec194c1d62ed9f405160d4c55d7cb7b2a410ece1df90698,537.500000,6
11,5b913a28541cbd79d199120f7a9ae015decff09421ddaaef7389fe6ede0e8897,450.500000,6
11,35e4e448a8e36fbea8743473f7ee4592fc06f3eb2512463ace2916b56dcd6e82,425.833333,6
11,7d754980b4b435d07d0929d8bb16ca0621062ce1556e8f203be81dd64dba5caa,398.833333,6
11,969840adbeffce7eeef036bbfe270284da556362f04343c13d8ea3a5bef3f8c3,310.333333,6
11,8660fcc3da1b5abf44f6d9d0875d34d01efd07f8fe66e8007dc68b5d0310abed,370.666667,6
11,977c12b0eeb1c4a095804b985318ca31d64572ed3a42c229d9504361e6b1d8aa,557.166667,6
11,47b9210239204a3555bbaf43dd36a663b2e4071735eb8a7269feeeb984d66f5f,476.166667,6
11,ad2ee66f9585eee5d80599b79632e61fb0fa50e8cabc8ee996edf96aa7655b1a,423.166667,6
11,4099000369a061dd8e734b8c38dde666b1cf2530842110438e84724cc469fa77,559.500000,6
11,38d30e194039ce74a20bc48fa7e0f637a2c4a84969f6d9e6b9b7bd9d601135b4,556.000000,6
11,20dbd3f720f9888c696356c9e213ce58a41d10d88f0d4f5605a0925e49fa7000,238.000000,6
11,7a2004591af9701b6562fda591c36daece233e4c2e32e1dd2cf2f21372c690b1,496.000000,6
11,82d36d430cd19cb8d11c0ade0ca629eac5fde19a3ed3f7563dca019cc6d639f5,476.000000,6
11,4396c6d3f5a4207925eb198a329e93e4868827179a2e52f6f0d959c952119004,370.500000,6
11,8580d80593519ad1213b467b5ef2e7a2ab888556412735dc7fa817da7575fcca,354.500000,6
11,b3060a76ad790c6162bf50d593f842862a094eeec4fb74490c329d8d07beeac9,307.333333,6
11,cd28b0c1cab613c368aff5ea7277744eb2bcc9080b31be82bece626026937e4c,531.500000,6
11,1a1e11e9fb91d25c5dba3470e4c13b99d866259baf70e5b753936d1ce8209509,530.500000,6
11,6ae1c341fd4196e86df1d7fea3bee068ff755674fc51b2836da8d783bc91f0d4,403.833333,6
11,d8544b4737f9c2722bbaf4422ffc70ced525d60389c740e4ea87ded996fdca52,554.500000,6
11,876e70c2cf0fdf6e9f56319df07f162311b38a00b7acec6e87a815062b815713,342.666667,6
11,50da1f24a7152b72d2db9cf14dc904f5bee6ee18697c92416c27ff15db37c93e,490.666667,6
11,c635768a7cded531f92d57976a6217e954858c50264ed22124cf3538a8904ce8,334.333333,6
11,f3826ad60d5d8c4eba0f5fc600b8759a12b1a131f79d3cfcb64656fb955e1e40,525.500000,6
11,712abaf40753a01387ed0a102f95ea5062d697ff90eff00592c0560ab0e25c61,400.500000,6
11,340242dbf284c02b80018d91cadca5aa003f5001d13f037e45070a994342c924,536.666667,6
11,2524e2c90161b63cca294138a248dc4013a18117da40efad1e6fe1d48c967f54,365.000000,6
11,668aa05b54de9db43b60409f5b0153bb54196747bae1dfd88403261b3cc2b880,553.000000,6
11,6e6a1d6086ae54d5661d14c473311497b4cdb2228a1f3c4062480487398a44cf,355.000000,6
11,9c599331c2bc6ee81c0358f01f60424afbccebf6513c71b5231711d02b948ff2,409.000000,6
11,e6f9774cdb9baaa0b00682860d2808036b30ed4753e0ba8e1fb5537f413fbabc,327.333333,6
11,ff10cc009aa8d8647dfccf41be98f93e5bce7d9fb959eb07b0195c2944b8c221,568.666667,6
11,65d9e03a0950ab0d22dbc342e4061e07730443c627bc5c2af25238065d8cda05,552.500000,6
11,611e6ee181c52cd1b9d07d211a9d6c58811a42abfa360d36ae627dbec4ef398f,398.500000,6
11,853c0bb6adab88857c90730597d40b561df294c3d17df468298b46f9fd25fe5d,560.500000,6
11,615636fd72d701809925f9ef7779e4b2f28e6124e7da0f4ed15e7f66a8332662,434.500000,6
11,ca00e63e6b1e8111b96254d92c2ab0844c01fa1c3aa546a1c8c15e6cf1394059,412.500000,6
11,28c6158fb0deb5f4b2b5a4125db19e1a1b47b7e689c4fcdbe4c2d9abfcfd1df7,488.500000,6
11,635dd1801d6e721c2da9ceefb0a6d7ca95ec23a1d8902a7cf013800957c0a041,470.500000,6
11,4c5296569651a10982ab250dab9b94de65c5e28987ce7417c10510873118f6c4,371.333333,6
11,30e0e1f5db68a02d507e9020cd8a0283c70934a23a9dff4e0de4657c2e03496b,384.166667,6
11,9d1f113ac607b632ffc8a470bea7bb4dd0fd24a195005b5d995ec5122c7c013c,697.000000,6
11,08933025e925d372cc7cedb133fd28422e8f7c152fbc33b3eee7578a37c73fa4,285.333333,6
11,4aa30fa32f27c6d1165d2190336ed5321c6fb43720efbc0e247ae74dba3ea7d6,515.666667,6
11,7dd7df619e4caafbf47317f862ef224c93ee2a92b4c449c87f5e140c835db9fb,550.833333,6
11,4027bd599b11d2ea5e4e3158cac1357e3afc0442f60473d01cbcbc25cb5eb06f,494.333333,6
11,9723dd17e8b8c090f1a99d11e9c0e58cc1f3a92e36c451721648c35f177c4c71,435.333333,6
11,a5cd32b7536d5156bc355df3c36c356d50d4a3e74defeabdd5ee89ec211dc158,421.333333,6
11,407268c002c1fc48002509725c914821b2bd7606a1740b1cf27963fb39a85894,553.333333,6
11,ec463abd1c4b3365e5c6ebcf36ce5a4640bf20a8dcd482660018155c476106cf,501.500000,6
11,f9677dd6f9812ebc476f677c9914dc821d014a1f583d0cc9d6169846a7dca701,275.500000,6
11,a30105bc846a2cd812be0d85b206c568a8dbaec8fa3fccae6e1ca928be5c3f56,516.833333,6
11,7c00a07fb164f20b276be1ecd7ca9e2ccd9c4d7c9192c67a46fc02be5d0c2038,533.833333,6
11,432b0d05fec5cb4d6dda9491dde248a394d351a7c81869cdecee1c4bcdaf1038,361.333333,6
11,e887cc19a8c9dceb9d8518221c5244f2cb41b538b3ea5e9d025e6fdc7c58b6f1,512.166667,6
11,56448834aa75d3204e5d876d028cd201a07e10070af62bfd84b038df80249217,717.833333,6
11,0ef6dec444d0e3aaf35a809ff64d98d447e266820bb0b3aaa20d7478b0c30171,291.166667,6
11,1f15344e668533bee1842e8fef865a440bc4fa796ce459feb254d6fc598ee9e3,533.500000,6
11,f07c4505b19bc67fd3638d3957bde66415cab5db2fdf42f665f1e62667aef5cd,625.666667,6
11,c8d214dbecf580b3472cd9713ac98a9bc4d6d6896f2aa2840f970cd78c0adafb,612.666667,6
11,d57e09739382a02d43d91289455e5dde964de2d8f015e8ea4eed3f51f77464c3,421.500000,6
11,d36ce1edb2773fe7f47e7a1af15405f82991426fd341f2b0b5cb6bcefa3c9242,344.166667,6
11,b495348bdc0b4c6b6118a2a5d4a35b643f5282298cab1263e06ad7fc26115a53,633.333333,6
11,e1466a29dd4f0441158d7c14e63596de91213f4c30621196e13bd717efc2c1fd,466.666667,6
11,edff11a23e60b7d8e02b63358ad1d8e0a9a9fd8c870c208031921c52856ddc7b,604.500000,6
11,6afead272f5d4bfdc2e50f61d2f2d212307b6a4bbf0bb12673e2815348af371a,522.500000,6
11,4a7e25fa4c84a1d8eba8aab1cdcc521e49a000e62f50022c71e4a7a95ef6c443,366.333333,6
11,6dcf835d27b00f74753f1627a1b795e16dde315742a0b94e5ac45d5bde07fcd2,719.333333,6
11,c5fac4b052f67a6c9faaca928f39384fd7ab839a9b010176797475c21112e45d,591.333333,6
11,964c6e8bc847f4155b466f22b5c5fb24d55c31e44d403bb555da4b45b7602e92,476.666667,6
11,26b7695c705c05c94b1f5569fd4054971a92079ec80afcd41e10603733cea220,381.500000,6
11,2d1ed38371bfbc27a644b070cc4c525de4fc5f3244fea5890a8d35043d3990ac,454.833333,6
11,8dd3e3c28be80ad0706f175e1b72d6fb4b4ded54202727622603d00942adc8b1,546.833333,6
11,a8e8a19ed95f0a70c0942a0f82167c7f14592530fda9651253d3254d0d01f790,384.500000,6
11,f82d929b6d9b814ecc64a685ea3645938a728859042a4d48f0c3d5476119734b,343.500000,6
11,d5fbc037efe6560aab2644e69323a3771b0dd374dfdf32777912633970105663,480.500000,6
11,074e668edd66b4c6aa793b9d1e57b67b482081024a545cdb20846f999ea4ee8a,390.833333,6
11,cdf01d609cefee73be4a73bbd7c7ee37f0f0286032280f7bf948e3b7e680b0ec,442.833333,6
11,afb0195edcf65710715a597f96de2f84eb7a48f9ef1e56d03786f1f403db495a,267.166667,6
11,8769b94a629bd35f601110fd19182cdd81020cbc76faa55cd5888a0eef2d931a,492.166667,6
11,fe782fd93b902873af8990fe5ca81d3c86dc83a47a46ab2cbff6e82634a7cac4,580.833333,6
11,1fbf7a51c367eedcde49da56cda660fffc7ce6a2d2433f0fc7e783bb247268d3,424.833333,6
11,9d549cf686840f11bdbe41696520947d3083de0508168f539fc4fa950cc482c0,582.666667,6
11,1a6d68e29834e26530aa690c4b3c5a9a798097df1764f91cec3d3e5fa238bb64,347.666667,6
11,a755e7370b310013fd2b5bf4a05ca98194e70058ceb6d75b8082f71584546f11,258.333333,6
11,7a9a75955f56a79add984002f9fde4d213882638180c621427067f22a0182bf4,481.833333,6
11,6a8d40d9614fef038a4265534f336e9b91bd54e56556c252536be9b6d86d1bdf,480.333333,6
11,6cb293fc740ebf24684072702ecf94d7c156d7cfd4546b1b1bee83d570700edb,515.333333,6
11,e093449ce965f69558b23a1edcd005cdce595dd9dd0b3dcb56de0a595c0493bb,371.333333,6
11,2e459773a930fd4510d8b7eadaf41486f0f9b5320673c0d7469422832b2045dc,589.666667,6
11,704c73b93b994b107db62644794861d670b79531c158991cdf2d1a21f8072015,494.833333,6
11,28cef5d7516cc973953fbe74eeb81e2db5a506b27c150858e8a4a4c0b56c9988,349.333333,6
11,4fd33f02effa15c498dca520445f7487b0b4d3844c95f745ad78e56fd5e5f0a8,408.333333,6
11,3bf4d452c8f9ee9df02e909381c3d95379c6bbe536d376be5daec147bd755965,409.166667,6
11,ba6a8f87df93525c3e58557cd10ee68db227b9ae0535431a6658d6b0ee39dc1b,341.333333,6
11,16c6eb1fd197f50e962d57a0eb01ca8b6df2dcc437a747828f3bdd3be297f169,352.500000,6
11,ed49959fe277dbc127f172ee970a65edf6cf8e22b3cf56963ce557e4cdbacaeb,571.000000,6
11,f2c108ed7d1b11cf67b841689a1c4e27f3722ca41ba172a235859c8ed2c40924,417.833333,6
11,4caccda496141dcda5d51fb69ca99822b6012e04daee5e73d2a681bcbc85dfbc,360.833333,6
11,19db779412b3888c1367e2beb25041c694c613882585b78b1091567fb6354063,288.833333,6
11,d0ff560005468939558ab0a9acdca722d56c4f62b60d97ee0a54e8c5fc1dd428,563.833333,6
11,e78a8fb538dd92496d633bc378256a2f0246cbe58ed69f3bef346ac7fa1f5f6e,597.166667,6
11,9f6dc5e6e3d2042f37c1dc9a4df0024a4e802a9fe3818f05cc4ba7a5412986d5,347.333333,6
11,928413786af571a302fcbccb8cc558405239dc82a972c83b6c66c1e8d3f4838b,562.000000,6
11,df2685b25f9180097bebccdafd0afa8e69a1165e48de4101e97faa972efe9b96,361.000000,6
11,f934d16f55612c9a00a01383f5acd40e4e5e56187bfd74a08d8c05399c8119e0,340.000000,6
11,f463db10a082e5f0715a930b85aec390dfbd52927446a58cdd043827f6e078a0,585.500000,6
11,92bb49f02eb685bdd3f604c3fd9d369953446506777234a409bad53851a3fcca,293.666667,6
11,581032a6b0b8abfe1cf6030965f21a7374fda175d73594029fa5996da981eb07,470.833333,6
11,e57ce5e403d9bd0bfda40408d8a9cb36eb0e5f495ca5e6d65361094a0cb814f3,307.833333,6
11,2eda6af94616f1d266121fc2b560ab801005286ac7385e4c70a84fa3201a11f0,416.333333,6
11,6a32dbb90cee899182a82f60a2ecdf7846ee29174e3faae31a36a427684ef152,272.000000,6
11,6df2aa434140ab71f9a5255e959c957259b387c99fd4f543745ebeb4963b8e3f,374.166667,6
11,59c2c5bb869e3f0773a8864ef3fdff043015bc84d68ebf1b2fb6c8da00dc0b41,347.333333,6
11,a89ffd863efb87d5932250514d3e2e90509ec72ae3e798e066a56e8250078e36,478.000000,6
11,4620d56fd0028657ca53c456f0984943876d522d3feb56ce573f5dd9e973e042,507.000000,6
11,7e5a0f4ade5532c0ed796cfebbd3d1944321beaa883885a834175b0ca8aca1a7,546.833333,6
11,66d8508ddc0bfea70f0e072ac8db2ec02daded84bb1192e9c28a6709ef010fac,456.000000,6
11,69f411ca28c18b91d8e968657f41e769d3129f7c64bf0aa026ab7baebe3098a2,250.666667,6
11,20b27c344447a4ae0f91edc47aa0ab04339bcb8df93146591b45ccc86427f8ef,486.833333,6
11,bde0e1883f4f886ff4afd50dda6d097a9089d7a3fde93c5aa4817f8af4945931,568.833333,6
11,a76ae04d247cceffab7beb5c5b82cb572d8fc9ff0aa80a6d106b3cf76bd45316,575.166667,6
11,abb0656bff936e423108898cc49716be870c487a606a1897ea2284f7e57159e6,417.333333,6
11,dc5c2a13ad7f5b086b7b4666c834dde32800936301f87ede78a4de4814aed448,431.166667,6
11,053f51cf54e95a7656bba163f3c43a6125e2727fed924f7da2072d964758768b,441.166667,6
11,3979da698fa6adae0055170249df2842d990ba5fa9efa478b9e3a2565a702ed0,297.166667,6
11,00990d1a7cbf2c73bc96403fae665ab852a57d2de759a0afb0ef54a35f15f39a,537.333333,6
11,d6e5540a00ac3670747ee0d8f9a16b4f5b2a50aceeb712a2d5ee25778e25eca0,566.833333,6
11,a50308f69551b8d0502e3f4b96227261f8fabde6d37211a146be0958943f6209,673.166667,6
11,4ef94eb6ba07e86ad2a3ae80c210211a254601efe6c8a296768aaecccb841454,347.166667,6
11,962eae4015a64fa911eaba01c48246e449be8ff14266f262fa8f2e192fe0ccac,494.500000,6
11,f5969b16e5a43727a8db27c8684d15f8a698cc1351d640498cad86315c2dcdf0,491.500000,6
11,e26b42109cce154f464152e1681c3f6f683b0ea85c3147eb9aada78cc86edc68,1017.333333,6
11,b59273d4d4f625f34b14d4d913e7a8e6d30c24b5e73aa432ca61ce506c921c24,381.333333,6
11,2124c1b4c0ee3d12dc40f1484023b1157192c9bae4957890c3ba18652fb05d19,360.333333,6
11,ad52716d374e0a9efe4763d1c6cb3899f866857805c79102a03035876b412f5c,432.333333,6
11,0207b99e49b686e3676d943eb79879ee6c54d88a50ad3d663a8c6db4366cf0dc,327.666667,6
11,5f3248b1c394f678c4b441337544d0690d46f3b975ac2740377620fb51613a3f,523.833333,6
11,32e5b9c775e6e21ea139b4535a4d24f87076e842b72789fefe2b2a6ef6954129,457.000000,6
11,6d0326c7a1921c2cff3b66619308a62179853e1772617a85908063631bd61611,562.166667,6
11,7901a1330c8c413b505e8de94c4100eec75daedf1e4f6dad518bb4503782b9cc,472.666667,6
11,30cd74a9dd2a9404315a40d91a68421ab51cd9a46c74400d1de535ab7a49e67f,421.000000,6
11,840fc39af616986a51d8c77c6e59ffd424fef9d9e5a28088945dfa9dcd4dcf3b,297.166667,6
11,79e0e5d6a139a1eeb94bdea9f854f5c54da0a58975d7b8cc50338d7d10f06f45,331.333333,6
11,d485372bbdd127a3ab1eccace4431d82e07867bc774e709b4eca742bff5de9a6,451.333333,6
11,7a6715b3d2f2a2dd70ae7fa359efda08450abdbfedabf87de222506adec39f69,433.333333,6
11,0cd46ae8d2369f6a7e06054c844db841c27ddd41a9e8564c1dadde6162fa0ae8,308.333333,6
11,621f2e8c4609d6bddb6b98cc2dc117c11bee2f84e2c790d4c264651d13d2d003,736.166667,6
11,dff00057a180ed8303b23149a4f9c41da446655e2babf63b64aaaa9741f867ea,529.333333,6
11,47f43d46ae268bd96fcc9922c4763ab55f96499321d62e4c5879165104607ae5,436.166667,6
11,0df871652a73d0ff25ed9926c06d2191ccb3bbb3a654267036f42320d9ec51f7,612.333333,6
11,ffd4cbd4f800fc330dda03d03f4be131fbc4b3c9b7d2dd751796e7ce4b984822,416.333333,6
11,a8390d926d6959bf271dc3e25fbb94351d75f33d9cbf2663e779ca490cbc76ef,601.333333,6
11,4af74ac8574cc5ab5eecaf981ba5a8eedbac8054edae29894ee4434a12bfcb9b,291.333333,6
11,07d75219370e13fa6ba99d82a121eb88d72d1ec29d47d6d7e8b4004c7047670f,346.666667,6
11,dd1b9638b255002407926ae460963ddcdb54642fbf826ee5811dd4888b9fea88,362.166667,6
11,81508bc91cf0dd635fe3a143c4bc3002eee53518fa6adfb0326dedea5ce86a81,419.166667,6
11,1e442f05c9545549fab3c31628c479341d74367dab2b2859f515e1a3b0c1624b,408.166667,6
11,26c2754fcd560ddc07e3b4cf432adf82ff6ee4a4c59aabf648f3f9e72ff2dc0a,386.500000,6
11,a9d6e600acb5d079e853431b1d00b1fef1f720ab7393dcf3cd2086222a80eb74,498.666667,6
11,844763eb2dc4140ff8ca4e227d1dc787cd4e17fd335852b3f1ce74d7c13bce03,520.666667,6
11,eaed79d11ff48134e5ebb198865f6678aaea2768e4d544ea034ff830f4d3ee73,405.000000,6
11,f67d0bd25f3ce14a7ab72350df738909236b7ca1efe241d50ec0a3ed01140078,328.000000,6
11,d571df2f2952f2f891ddb8ab57e28bffc90550b7b2794dc1aed20cdd6efa1662,570.833333,6
11,03566b1b379f57d02a58a17ebc189d80c0fc6406f5660b51250d974214f4e028,305.666667,6
11,e4be381879f21e130a70a3591b22342b91fce1932640c95edc0170635be292ba,507.666667,6
11,733e2e53659b717a725ac527eb3678b5cb8f641e555ff324f0eb7a214a0fac9d,384.666667,6
11,a01ef7b663afaf4062c92d90f6369ce99f068b6793543d1770f3c5ea4bc5bfbc,671.333333,6
11,d5f7e929f1a99e7b76a54fe4f427de63123c45849e6997b5959dc8ac0fe3eff8,474.000000,6
11,f2cdbe691ed8f1e015daf5f95c963cb0f5299f1e286dfb8f7457f2fd93574fbb,337.000000,6
11,afe6c9a94d8c111ba9444d939baa1fcd8092b8069c3e9f57c96e034ea4ca72aa,268.000000,6
11,2d2dbf913c1e2d739868d9715ce2da867ba149ceb690e56fd138244cbea8f20a,615.500000,6
11,df83ab4d0cfea5241bae927343532d0648d7dd769c9b724816386ea506df9b54,608.833333,6
11,e92b4bec8d6fa7e5025bfd293def75968eecbe80c3ff8c72b3a586a26b7c97c9,469.500000,6
11,a35398d81ccaad574aa083f1773e61886539ccc06b2a4c1b754659fdf68c622a,649.000000,6
11,a2fffc75d9eeb3ae0160aeaf239ac0aec4dca6bdb4922c87d446000611b71be2,532.166667,6
11,30d53a605902127068d86a1a2458a9436735de3a99c942f5d34ba248f106b9d2,501.166667,6
11,387bb5fff7d8d51888f7217b7e83bcced6d99a6a380ef48f6b8bd8f86a5716b7,364.166667,6
11,d2ae653f3027be810326307ebc673c114df192317a3eeb230aa0e5a61b3b08fc,293.166667,6
11,fcbe06203456c7217c4421b747b6d614f7f8a0c1ebcf14999118978326dc070a,613.166667,6
11,6412619b193c49425cb1499a136bd21792111e24d6eefc87bf7bb45ca9b13b66,435.333333,6
11,3c78c33a984ec8a4a0b6affa78624b58470c38ed4ee05785f384505841da81a2,593.500000,6
11,b15ad8a469992aa1862f3b93ccab38c0f3aeb574cce118f930cc82797276cf3a,439.333333,6
11,1bd2840a8558d3560d40bbf16bd2ee84965b8cd55a93f22bdc165e80b9ec3fe1,292.333333,6
11,51bd2577f6f3318dfc246b50cdf3040b18b3aa602bb130c2571a4e23aa8f63bf,687.000000,6
11,a8e7fbf21e078faf5ce34502ce68b75fdbe78fc1fbbbbb58a942abebfeb320b4,572.666667,6
11,de2bb99e2283024401a2c10be2694211c87235c5afcd5d67182af3a95c26468b,596.666667,6
11,2e448dcef9416040b6c1ef022fbfcbbda800a3c7fe2c6c94f9eb7f4fff773807,605.333333,6
11,b081cd74806e528eb3897bc243c4791383d70e47edd304b81e5e8b2da9a1c2a6,335.333333,6
11,bcca69c7d04ed03d2f8ce4f14a6af1c37327daf09fa168be917544be25a9eb09,495.500000,6
11,e18055d94d0c502877a5742629f5a39c2e80602f7b929288bbfad766e2af629c,634.000000,6
11,b0995f5fc062254777ba14f908d2605163585069798616f576a5f43c73fa927a,527.833333,6
11,21c84cb2a6e3a5a8352e2d1337593d65d12ac3528f271c82b4dfccc607f253dc,582.833333,6
11,e45395d42cfb942bdfd31a6f71a38465f27329f4df964eaef88adf374097065e,577.833333,6
11,c747cb9ce59347f09c3448b7d5cc23daa539dbf72736cd4589468fa9a2475c0d,313.000000,6
11,233631a2bea7f54819a4d6ad986c4864a2571feae08ddccfa85e785401e23108,318.000000,6
11,7d9bd0212b02ab1521607721733b6c56bc4c1f5e69059fad607aa06dfa8411a5,437.666667,6
11,6187ff900ecd7e62bab3d68889326030d30390866b1039925e96b3279c8636e0,345.666667,6
11,0d2bfdea655df4b2963d56755eccd8859f92c33e247142e5d60edb6ff0e7e140,299.666667,6
11,c3d8409988c171ff21e8d12a511e83d1d4f086a1ae1bd0478c0c44691251f6ea,701.333333,6
11,ea41d049c0b5b9cb61be29cb653dddd47eb3bc35957022f9df00aaf51ca4f1af,717.333333,6
11,af95135753395fc7c9a997e501b37af033ded827e4dcbed44e072b1de2dc8bd0,487.500000,6
11,a47cb2e4904d135a5c5ccee7bfff5acd00e90d7e208c980d6102b6f5f36f5666,560.500000,6
11,6d0eaf12adc80438ade029ad24b1c1e8cb6aa7941a08df6881c074356f47d70d,614.833333,6
11,9758dfb86a5c5a9123026d042da71c37ce913eadec31feec6598416299e8cc03,427.166667,6
11,10094af32068fbf3ca4808afbb0161db16b7f728dbe832424b0e686f5b9e3ef0,613.333333,6
11,67dd3f1ac7c854c50fcd156536ebf123e56bbcaa3efa523f0c74d874a20baffb,409.333333,6
11,ae49059bb5bfaba54613af01f4b24472baab4a70a463d990527600ff255377f2,494.333333,6
11,26c9050459e4b45a98399d70d8a7d569f26b703b5730c1fd09d253b5ad848040,548.500000,6
11,81aefb10c46217e41b11d5920c94f0c86985cd80fa1c2dbffe8a194c5ce635e6,290.833333,6
11,b0c1bfb65e874794a50d9287e3afdbd963e026b49fe34822a7a12fc7dd09eac0,470.833333,6
11,df37521338b04baffbab1577905093efa78717b4b649f6ea47aa7d2045887e26,444.833333,6
11,c74c96f9238b560e7d0a154e150a340e86e83a6e242ed4506eca6b33beac4077,506.000000,6
11,b1866ccec6040f56ee2de525377b24b22e39ceee357d3f8778c8f2f63419ff71,425.000000,6
11,89a990f8eb091566520f37d60b331e492843d8783e988506267040a86a774b45,453.000000,6
11,f521e03428747c7421a3b2f0cd3b6aa367bbfdea54ad3d08537086a2def5fa76,639.666667,6
11,c651dedc7462d8ca6f2e33d3ac0fc5c2a1b3fab5b2f7bc463cdbc4a6c9cb1c66,525.000000,6
11,eb107df43f12fb7db82a03bb6c66ea5d07e8a0cb3bcf17de43ae505ab39abf5c,465.333333,6
11,0f630c6c8bdbb498bf4332ad6a6857a0df7023b3c4163e97bc3a9e0be2bb875d,351.833333,6
11,8a8d36d68d672b3616da92fe1c4cc236c451cd563d4252aa1f204a7c07c1fa3f,640.666667,6
11,cb3614d895c698f8de61240208f30cd64190b7d829d672e10a60f92756fdac00,632.000000,6
11,a2f1bd77a9a4d5574c7b46142e1152dfe0e8b5a56797746b2e8aac2f68bcbf1d,590.000000,6
11,caea0a1e3488956b24a9c83c8eece3732cab2bc84029ee1b39b0e5ed46c20da4,704.500000,6
11,4a4f5748fbf09e07d74697d22d7b48576776ccd20d229fc6199deed67fc4181f,544.500000,6
11,dcd114df744d4e30ae16246edc54621f14d1b7d66732682d2898c30920992f73,434.500000,6
11,167bb0432e8c6bcbca232f4ba923b9eb26ccb16124a840c43e2dfd66cd84ea4c,391.333333,6
11,64d3c4be41b5322ae6f62709abd13a8d3f4c19f30d3a7eefdff4532cac56780e,581.666667,6
11,a4996e19bd6069956ad33bb40f22d8a2e15e2ce8985422d82df6ef7d34a526f7,537.333333,6
11,628b3a79f1acbe45e925339c5aaa7bdff954d422ab43dc8c1fe021fa9482f843,328.833333,6
11,cd121ef76dd7561c74c10be5eb5c9ee7ca0888931b37af7c5f977a35fc9ecd74,601.000000,6
11,2f202047f7a93fe62eff9bdc3618e61659581513dd30f60e6ed176d49f78bbba,567.833333,6
11,7cd34e0cf1430a9602beb911da9d3588750f4fd368c4e9e6f8ce7e3c8bb084a5,342.833333,6
11,3a3f64795aa47e5602b29dd239bd04097e3146e63f4fc6a87bc63826f6b335d3,485.333333,6
11,5d0dd0c0fd93270eda84ee0f87576c026d0ab05696e8e8d112e33659257e92e7,379.333333,6
11,6846a83d5fb90026e095704d085f62f6cdb63f1979b1ed07b798c40b1d17811e,589.833333,6
11,ed8f69ad672a7f766e0e1cbb261bdcaa0c42a574ed33b44c04c2773b676b2bbf,379.333333,6
11,e62b57af031fe0b04ddeaa81cf5363baa1e223b13c15208d27934c8c60b3e2ee,514.000000,6
11,be418a9c01f2b446dec4ba90d7c05340c00ca78996c1dc04c12398834fdb2951,565.333333,6
11,a7b6d3eb81e87a1f818f9f3acd87ed5f379bd3748995cccec162b80bec2a8d10,577.166667,6
11,f118f18fb149609e83baf4478782edbf805f43c93a960e2ba44bb41659b2937c,649.333333,6
11,b71f7694562b44f6cf9b2249835862dc4fabc4fab366683fb6f60aa08baa5d7d,359.333333,6
11,1cd0fa3c99e03df68cb69741b64ca451a0a27f25fbc7f426b045996830d86aee,627.500000,6
11,258ff8b432769fa5819d228026f74e32e68585af9be90378d87da3dcde9a5e41,590.500000,6
11,32dbb220140cdd0729bd74da9c7b47872fbccf7ae8c9b0991c502ee197079cea,428.500000,6
11,2fee59e6fb27086f141e43abb94804a4c26a3fcba2865688f5372d0f8b67df48,282.000000,6
11,46ebf78f20f2477dfbed44650db443de907dc8790d3e83260998938680220004,651.833333,6
11,ed6e9f6500318ec00da42fcccb3dec97547f3bef806148086ad960eb39247697,543.166667,6
11,a2bc437fc4454efcae8facc607e3df12ef1e048126700debc82b149f49ce95f4,623.000000,6
11,572497da8906aec8e616b07a3e925803d1090e55d40e03252db38b228896a811,441.000000,6
11,ce7c661a66cdad8b8794e7ee3a8d6e84999f99a2275bfb52e273c329ec4908cd,583.000000,6
11,8dbfef5173e58c2f6a71f76e780ad018265326a2604cb50bbf1871db25ee8ef5,432.000000,6
11,9b93c07aee40ddebd6ba62f749068e622ff681b1f077e5cd174217e7175a96c1,370.000000,6
11,90f6984b1f63eb4f2aed261911762fd76c6a6af40b1f7b1de43a9e1d554eb49b,529.166667,6
11,2bd2430866dae2e21f2e1efd9993fe06d3ab5e79165f605cb1b4bdabdc94622a,411.666667,6
11,83556f299d0a235acae088b21bc03fd40f3c79d1165a796c3dfc667cde14e7d7,493.666667,6
11,7b1dd08b6182f31627c63b8e790cbbf38feec417c9629aed7087252ab139651e,218.833333,6
11,a565ae7c9a57e1cc3e91e208f37424181d3592e29bc1ee3c9c2b424e9584f401,387.166667,6
11,60f1ad85845b50848c55f60569f6623d61acc06ebea4a7bb7cbddc2f1028167f,519.666667,6
11,f6dda739a8830752192a15726856f21b0ae22ea5a01756fd3728730c8f55159b,544.666667,6
11,1229942ca92daf826ff7d7ec0020104d9a95a3e4017789885e430deded8c92a9,465.166667,6
11,9338bb867d3b0f4b8a1324327e65f7f87ac861a8ba3cfa96b8ba8f6a1528357e,596.500000,6
11,9f1b48cd32da4786741b47b1e9374ab3a40b56048e976d96e2776eea93ccbc01,672.500000,6
11,44852434f6ed4efd817647bb8a779efab5b060bf87f0769e90e1342d317170a3,562.500000,6
11,a0639537f7fb027c662064b94ca84dd8d578b214587bc8a0509534bb5b511b8f,675.666667,6
11,303d9be53680c2d1e73741ac57817d6f53d06927f47dc6eb141099ce4a179dc7,481.833333,6
11,f86c00764b0f41ab2cac5e2375082d4c55db64b6a7ca71393e4a2cf6e434ec72,306.833333,6
11,40732143e3138cce589022cdbd4631151fbcfbac26433194b97ba2405577cc7a,477.833333,6
11,403f17ada8c0d2df723631925a229195930e57c21af59653e08230073d1e5841,324.500000,6
11,4dccea52eda9fe6fca86620133dd11316ccd31dffab0bfe75d6a14e1468e9132,565.000000,6
11,8e1daaa0c5cf7a1e2086f269723e73a805c844128b741ea781f5330b0b6d5c48,633.333333,6
11,1c146ff6ff072b05e9861e632aaf94136239ab8f7d566a90e4f71c0263e2d9f2,528.666667,6
11,fdb69edf861f7ec5d29a4bd140a771a013a92ec3456cb528d1af9b8bcd5907c5,411.833333,6
11,a2a7e414aae61ad7c50b15cfc1cd24b381d9556edf39416deefe4673bc7c29d8,354.833333,6
11,becd8a3ab3aeb8d9aa07ce3f240a085cc062ba28c7a6d2839b16e93531f1edc8,443.166667,6
11,4883f256474f8328c3aa80d8bf68ef77d9887775c0ace9f52805e50e0df2b609,417.666667,6
11,5b27a928067840b0d23682c2940fb8119099870d5d82056b79f0986db912ee1f,349.666667,6
11,388aed969d2b70f64f574e5e70f8f948d5b7a0622f6107bb5f2f4f35c6a58590,490.833333,6
11,d47d7fa3899b588c92001c24b31de4748b7c0b598ec7cc1dc8d2179edd4d6b74,473.166667,6
11,a0b4db76b45fee9e83d1677f822c71aa8fb52f3e14f7a23872dc35366d792b36,483.166667,6
11,5202258b318a72fff939c0eb25a1c9686e8575fd156bcb16ed525103114165d5,391.166667,6
11,8f8c46560f30c5f4d6de5736d8a3b711a24cf8b5cb60f77aa0ee2227f96a3c7f,277.666667,6
11,35b11586509f25b2093d5f704b497ff34f9989ac21d1b51ddf1a47f7b8576de2,591.166667,6
11,efc0c48765be523fe32a7c4706ba91566735b1f7086d5bd29432b3ee53ca879b,545.666667,6
11,1678e85dad58867156826cfb422327a88e3b31fd504e8bedd25d7b00c8b88efb,583.666667,6
11,3b43804e3ca0dff3b86df573ac5d59750d16eb0e9396556f884b5f90423cf1aa,456.166667,6
11,7f01009d1a1a53f92c0bd39cf3855972d4391d17d2563dd81558e1fb0598812c,426.166667,6
11,80b7e0439f5420b6290c4299675e2e8e1c814190b0db15e5d1df42e18a0af061,638.833333,6
11,091a86cd1273bedbd2a5a0a7095bec81a8c8624dac9d528bb99dcccd05aa1ce8,338.833333,6
11,2bdd98e09a84af65b61c0dce0b38085e246cc6837ad19a239dcb16a8e98a1c69,547.833333,6
11,f4c924c0760314b5bdb260df0f863b556fde98ca4a63253cebbbfddf85721393,405.500000,6
11,144b4336cdd42f6f3baa21929e03995e7cae0e18614d7e2f15e3b72b8bc08401,298.333333,6
11,3d7d59c573cb057ad530862c32ddad69a7205a1fcc01f4dbe61407b0499ac737,640.166667,6
11,f9f00e432de84474c4d1454125daee8688762c880299ab868f175bd673df49e2,492.166667,6
11,fd3e82cc82ad15e55d070622d0db643d8487b3c3b14c5d3dd306ab6a700c9c97,500.166667,6
11,6309d37937b903fbb9e072c13a8626f8e69093ee4d24e7e56b20e73c71b62445,307.500000,6
11,a0caeff7cfa28e0ab46a6dc746aa7dc0bdd8813842e038ce1ca112b193f8966d,547.166667,6
11,36f2fcde580771479ed598dd091f7b0a5adcaed2083d2e273a936ba5fba9d7f2,552.500000,6
11,9fd570cacbcdbd5c4742fd440a0a3897ab7eaf1c8fdec504d99af95cecaaa730,511.166667,6
11,1367cbdf476c4a580b3764062c36ea43979379a57e23f8ec59cc4744a0abd86f,350.166667,6
11,0f98c30a103c4555c254660c631e2b4e4836b2e24f491493de9d1e6b6c90df02,293.500000,6
11,57d044cf525272f11625b3aeae02ed813e630c7f3d65d15a41f031db0039ab2f,559.166667,6
11,5a61a3166b67b2c158a7559cca9c3b8cae89a7fe17fd2c57e51f7a69b1a2a6d8,230.500000,6
11,5860a0291a944b11dd8f27ceec2ca15dd493ce76e99d19244c252e3e69884447,479.500000,6
11,bc74ce57b485d0aaca4b996a52bdeffbc329facfdef7960957fc7f9b594e5cf2,290.333333,6
11,408c0a9e95a30aacc876ad8447392c5029b12f42ebbc2157da9e1bf6e3c0db6a,593.000000,6
11,1edccff4d0d062d07910c5900d7b00763e1fca8adc50af79a577e78e4e5015af,620.666667,6
11,d41711ad2eb5d0bdbbd201b66e67b2306fee9eada174dd836e7921f5e03e7811,586.666667,6
11,84383307a7ac2d2153cd77229f0a1a68e6aa5fe7ca99a552b6c42448d25c3add,286.666667,6
11,01b6b5413302af5a484e9cca0b93d32e409adf3580586d8ad7c4d4b5aff4c4e4,602.833333,6
11,fba97a4473fa2c45a6cc7ce542ac8850bb5c440c049f42787fb991af3e14a22d,369.000000,6
11,17c8b17b4f34fc87c7458e473d55f61c48b0de78b6cc0c62df81bd0e001ccd64,311.833333,6
11,ddf938e96320c6056c4db902b5ae677ec6d5e918647625854f5510cefa8ea94d,531.833333,6
11,6fa8691af6c14fb8a1e262dce58b535c8b971c58e9c83e14a324ca5eb8d39a84,558.833333,6
11,6c4e5fb5bcab42d9b4eccfd92138a6b79d702f270357720a458af068ea0ea1c0,494.666667,6
11,7e8d50010d5d5e40b9f238bbc7c8917ee09c190626a007b75b10ceea33033d9f,396.333333,6
11,ac95fbaa236a49ba972089699ca7b7bfc28dd712e54134148c60d2389544e406,710.333333,6
11,f67efdd69401d2121a79f3425fe41c24b173f6420c687b0618be62e1771b82d3,525.333333,6
11,6a9270e4ebbb2143ea50874c1f98e40f9f87583a903c24047f0f1d331cdbb4fe,359.833333,6
11,c0f07984137469dbc9ee42be7a72991991b448b69555a2df45cefbeb9461e008,568.666667,6
11,392040de11f8f0794504f7cacb0f17f741dd66dee0d1a4035f10f35e8712f51d,390.833333,6
11,b990bbaea2a40d49fcf7fa78f04025056605962c8e591413cb730ddd54207789,507.333333,6
11,bba9e3f38f994befe7c8152a26c6075cc9e1c59c7496f6d02ba968b59ad99d36,603.833333,6
11,bf0a3bfadc6388632dec4a0f91b93f4378a94df4e926359400f752637ece4b0b,375.833333,6
11,c52624f905a950f294244c1a31f1a1e3ef85debb55c1d8248d50db7d09e669ec,461.333333,6
11,cb70689a2d87c4b353c2f3ee97916b4ebeebde9b1014d0d2920aa3de9cfc877d,457.500000,6
11,b8502d0d1a5cdb728415355263ec22f28011cc25bc11e70c2d16c641109bc595,274.000000,6
11,a480926b0ad5c4e083fb540954159080ab7b8e5143f3c2dba8b43bd5df446152,454.666667,6
11,64c67a8e1bb3cec6915bb9c71ed1aa1625c5ed96079d3dfe07367972dee4ba6c,527.333333,6
11,669946ffd11ec7f6c5575fbd5d44c1472e30c5e89d4caa3233732a002a6c17a7,479.333333,6
11,5529f600a9b260ff138aefa7f8b5af4ca3608e0b0cb298517f819298632467da,563.500000,6
11,bd0106e3189c8271848d94603d1919669969bc46255eb318d09247299ea22cc2,473.500000,6
11,1d810908437c6ab4558305771fa764b65f1dfb98118deb3a5063f70e5d2e2339,417.833333,6
11,cd540a437391c3ceefdda6984da1b464e73f797f998399cbc8d2782931a5c698,544.500000,6
11,994afb01b861dc4fd2fb23e687cbc90ef2b069a5af468239207ebd6b798e2b15,516.666667,6
11,7923266b77bcfc03d677e7d05ff1df4fff816982d29066e6c4b67d470c5675fc,469.666667,6
11,7a685ce9dae1d36bbca9e7dbdfd6e0e8d303749ca90f559148ef089c333254e4,523.000000,6
11,cd8b18dd9e093001b002e81f77d2bf04d495127ec9fb63d704456276a4fb7537,719.833333,6
11,b4513871ae38f9a3f0cb7515454d6639a384d93a278aee0149f674cbf2333ec7,444.833333,6
11,e8fcd6a1844207826b0e0a139e09ec5cb33c06fd68efe2bce27cbd1f046bb3b2,366.833333,6
11,aa585ed8ea0b84d569e746626cd569a09085a5cefc0aa5c3a7626d2e5c39619b,381.666667,6
11,b02a3380932ddc7f17f3d26801bfccd39de3709da38082487f99d9d7ce665058,437.166667,6
11,b35ff1c5c0167a1543d5f6e3848d0d3ebc5f8ef01b954c115dc64b98f4f29bac,547.166667,6
11,eebf23b5aa41a2b38d059c937e9153ce5e57b2d71ace9cbb56392eaf426a6614,369.666667,6
11,0a84b1a409ab70c6a8807a982996e5722e25c0d045139035ac98dd9dd00a0a13,473.333333,6
11,0be7f2c88bad268c093a854fbae5d60b6357ae94b0ca6adacb3d54318af2bb7f,321.333333,6
11,ea78943d155bc52e22b3d57e2030b0aa040f8880e2b37613321f6a545e74fed7,852.500000,6
11,d877e4457b230e96a6cffb0db4d70a96e763a2fd9374202229cabbfa7df22502,511.666667,6
11,eb68653650d3ddb08e6b1de9f17dafe58a9cda2d6c3a1a87b2c6cfd4f6ff48a1,249.333333,6
11,5986de02cc9e998b7d720b535d06ed51e1a0a3d99658a56e525285d37154d5fc,359.666667,6
11,ccc8b499e5c7d218eb59f0cbf402515da7ce0f1cbb49ba8c0d51374e50ce0644,374.666667,6
11,240cb8f5861b6ebc007a2a5279329c2f462689c11a18b933b01a283dbe2d66f5,534.333333,6
11,ddde94aff5a9501fd2bcac806c689588b54c46aa476a71ffe57ad696f25adaf4,354.000000,6
11,249613615e03be9b29c31a24f08786d91c9932b9c107be1d12220eacbd556aa9,274.166667,6
11,61008244d507814ea7f7921cc731731cce57f3931dc4b4400a07d5ccc9eebb0e,369.000000,6
11,f8ae6b648e6421f5f9c58d5b715213134e4ffa3846a067284f02a87a8f42c5ec,480.166667,6
11,498b7eada41a253211478f1d85d4ea0cd60b333709d393e427fac41c7b691b4d,525.833333,6
11,5640981f59e52b92d9c5ff37fd1b04e425c7e1ec51516c0946956e2e94628362,352.500000,6
11,809775d82cc75e12e39b56d7acbdcf92d9099d9daf715d83c5fe77911ef8b2f2,222.500000,6
11,f451ee701ef90c41de942b01c7994bd761c179cf339cb201f1724bd86b9a7ffc,431.166667,6
11,ee7c45f661f65cbd6e82cfb98b0ec3b1cbed1d95465d80dc86368fd5cf0a2bc0,478.833333,6
11,39e03560347c6557bc59b6f86c0b4d2f12e2e02bc6ada850bc20cb48fb4e4718,438.833333,6
11,640b13a859788b422e4aa173ed9c8c9204a454ce61a8b6d3671a77d4ed9f7c88,412.000000,6
11,36369db7a670c2065b02c7c08b4ef824e2d29165d2a3c91adf31117a5d4b25d1,316.833333,6
11,5610f67af6b23398190c51b9ce3582811c914c986e3dec793e468df09c4a590d,434.166667,6
11,ac6af38b9f5c00842b49b2952eaad3a30686f26ca7515abe623d16de033390a8,278.000000,6
11,3152ddfedfab04dadf76f157901a12290d02021ff1ef28522aa97e3d0daccc08,618.833333,6
11,ba54dfa9fead6f86b318f04bb6260f47feff51b390e17f65bf124c12b841a8bf,527.166667,6
11,9be8c67d2926b428ca111a096294fde6613bcfd19f561aba3c0f176bbfd6fd73,430.166667,6
11,57245aa3e206b9acdd7ff432ef8fa79d4b05cb0f34975efc046a18563c2413e4,431.666667,6
11,b95dd807d40cad99f93085245f9640dc7ff7dbf04e36ea056196e10cabf6afff,461.666667,6
11,7436fc1c4f9b495b962f47fdd882a65d48b00c0251b60971b799b29e2f25ddeb,491.666667,6
11,2d95b3e78dd7518d287438e4bf06ee3877995732a9b24836fd48c1576e4ad118,371.166667,6
11,65cd62ef334a1bf556ab6959c0aab3fe49b64de44c160be33d1502cbb647efab,505.500000,6
11,7113cc702970e1b28dcbaffb5d9228d24ad595dda3ed72b4baa4c8198d61d8e1,332.500000,6
11,cf7d474b1a9f2519ec7a22917ce51a36453e44b4d97794d3c98157bcc155ae47,231.500000,6
11,7fe018927cdf7d4a98a128f1a8c85dbeebb6ad828ff53a9f391d75390f23200e,499.500000,6
11,e70ca02b91cb09398dadce346816041bd93dd152fb87ac7429f94c115d9bf08d,479.000000,6
11,71a5cb6c8998e2e136792d491ffef33c6e788883b1054a824ee85b5bce9bf0e6,365.666667,6
11,1873e61fdbaedf95cd9654681f1e7f10f43c493f869a66688e9e56e88c4cbe92,468.666667,6
11,fce38e74f6e18ad29a73dfa3bdb395c7157b9cbb679c5247ca0e73aa21b55592,270.666667,6
11,88921a8b01df6eaf40c7b5fa259d04004cca51f604c89cbfa6e7fc2e7e252a29,476.833333,6
11,2db8863b19fd1050bd56877a0219818728eb9c657e8a4b1ea48762b29b49dbc5,245.333333,6
11,d9c5e375a69ba6ca1d7bfe94cc6250c9e4deed4e5efc33109916807d2b6ac639,674.000000,6
11,c873af348b1d48698d59631ac570087d01832c106bbf42b0f1b162f76ea58ff6,654.000000,6
11,d497bb281f17adadf450a9a6bfd37b792cd21535fac355c5b1eb74fbde7c8d7f,923.500000,6
11,2e38cc8aad2eafc259100ea065eae6ad242450c912264f6b20203718d96ce9ed,590.333333,6
11,ca45c4e19def8c49ca3d850eebd3da26c83acbef251cee01bec9a3812b4514a9,313.500000,6
11,10a03eed57b8889c1c732115189ceb8efdf14a431b8b4ffcf43575c50a4d6146,558.000000,6
11,dcbee962f85eb432f7d2cf5ea73919b9310d00981e4cefb478ab31efe4068dd7,526.666667,6
11,c667af47bb29b29914b687121691b92e9f31ea1f542d7dbca1d737a80ac32b8b,512.333333,6
11,ecefed8d7ba411484d1130ff61a8e1c5c0648c4247b9bed79dc98e0319d70439,333.333333,6
11,a40453e6332c45c7cc07ea188838e10f70e2ee55908d847b8e6a47643992a521,516.333333,6
11,ff5a02454eaf27a3dcca881855391474a02f7e10e677eb59cce7df48a4938abd,378.833333,6
11,02adf8f2d9e0aff73ed72bab2ea3e039b5ce0369c981eb288e7b98ef1be5ec2c,442.833333,6
11,0c9a1745d6127fd85fded98660bc65a86be73a80ddd68ab31f21a15f69114ec9,318.666667,6
11,3640baf2a75ad11e463bb5d39b3e64a03ce523adffba8977763906d501725f74,601.333333,6
11,902d078aaec35d2099f6147caf97032c6123556cf59a5165f39ba682a9c04561,560.833333,6
11,ce3d951163da71b44bb92d5d883f6ac993cf46a44896d7ba6c54b2cbe061c16a,527.000000,6
11,5cdef5fd35c0646d61175de9bf9b7193159ad5c9376ab6140f4b8baef56f57d0,225.666667,6
11,4774d7dc5e3e9bafd87d36cd2efce226b833adf2fb62627e63f5fb18bdd90ed4,398.000000,6
11,f5cb938c8078d17095b59c05e711041dde9548ac475682279f27f7eeb708067a,402.500000,6
11,2012a55106f9d58e4d7c2700fbd1a19e6b3f5c688df3e49ab28c99059ed665b7,637.333333,6
11,a1a7197ad628f7525f246da0d83dcb56abef8947fb0ab37698d642e48f5e14f4,445.333333,6
11,e3a23f93c8ca4d6fedb51c75ad0d92cdb4de103f14a1bf4311e94c1abf1d50f5,373.333333,6
11,976348163eff6f33189bd552a8d2e88164d9dc29018d3ea87b8152e340daf49c,493.833333,6
11,fe5b33f8d0d7e99f7474d6bd88dcc312cc1932b6e14c080cf8805b30b1edc39d,290.000000,6
11,1c732ce04854632f2f48a455852ee5d951c984b0577ff789c58fa11ed4dbd4a1,553.666667,6
11,dfa7236ee4936f244cbb0b15fbdf5b1ffa735c59cd9919182ede8f5780ed6bd2,480.666667,6
11,ff771a0e36b2c500df3494017f7e75f4deb46ee3316d08d078fe6febb0483cd6,399.333333,6
11,dcffd2f6964218ca60a191e82e9a18b66e57bcb30d326624f16d85aed2baa852,399.666667,6
11,5c3fba580854888d849c997edab6bca5ed71a2ddd904421e58769283fad3fe31,398.833333,6
11,8d64cb89759e39b8d3b9da6097e7e17cd8f5c23fb843e0d447a2a2e48a0f1227,592.666667,6
11,3dbbabba69b3abbfb2da84664e4aea3069612dfe2b3e579baeea47cda08fb36d,567.666667,6
11,63f7a1c5cb087ab540004dcea0c392c9da77d31f39466b9fd4b545a4170ac786,402.833333,6
11,dd03f04c297d5729e705ee5758d3fc9d3cbe67b9975d30e936e20659a52cf5c6,305.500000,6
11,cf9c2f9d548aa6519dd9b5ea4a20a1958cae8cf04e59f2a58133d09a6759ccfe,387.333333,6
11,eeb88a849cb18417a7b33d45a88b564fea580f9807ccd10d6a9f65944264079c,377.833333,6
11,07eed01e1d1d855d4629c825f56af81d66cc06442811ebe9f21f4c692842dfc3,570.333333,6
11,e731284168f6be094176208ec951be017f3d773f25764312b5e7ed794f4c32b8,436.166667,6
11,e51c40e4760673be1ad821ccb5f133f7cef927e4186d30423e0f027e31a54756,274.166667,6
11,c2c45cca93b792f9c047dbfd7c8e88b4823530004e15a324d21fc85cc5e36565,430.166667,6
11,e37849808f3bfa482b0c69eccb3a50b399450b34121da11f077190703a806fa1,386.166667,6
11,e863b34f827559cb80e0144ecb9ced6f12020b423a1a0adceeb1e3fe152544f6,845.833333,6
11,3c196d5c4af15f0306b5c72a95fac6f98692cc6d230cd8142b764a57b0640530,716.666667,6
11,6d14bd52e15e9fe2c421f4720154896aefd77965298ab11f8abd90ace810532e,504.500000,6
11,f26be43d38d582742cd07829b02d97967a79ae510ec56f5671dabc7157787ebf,470.666667,6
11,64c4f33c0dc54169695adc2a20c03f1e2c814c8684024b227881a0f79732ab01,385.666667,6
11,98a684854ac8e8ebc748459a9e2687adb334d8abc49269732387d0f104d76a2f,349.000000,6
11,202e7ea2ef796a39b490ebf591f4f3c473495f33f001c697607ab3c03590b730,479.833333,6
11,fa84f77312d2720961e3d6d0249f0755f4255a127ff00844bb7a89bb5a531f5b,291.166667,6
11,14f9cf12cce6c3d8471ae919008b29122677281411d6058735db4e6a01cbaf86,405.666667,6
11,946214a9a9de11afaf5a5ab3c02f8ec2eb7233827947ca8aba849a834a9ba7cc,414.666667,6
11,7ba22a4f64f827b867950583f1d75936fe5c6f78d934cefa881866779c8c79c0,485.000000,6
11,3dc0e2afa54b62e219d6ae49bc297b6429a74760e470a0cd5e79160be5a7faec,336.666667,6
11,415884b9844f0a38e8ccc86d4fa93259efe2545ac6b0c933e55cdfbd36838e6a,480.500000,6
11,ca6373e40bb96ed9735d9e6792d6f9641663fcaa1b141d28679400d889b03f6c,339.500000,6
11,016bd846b7a5dc16cf39529ad6a7c9a203f531c691231e471f01065210406e56,232.666667,6
11,33db5529a069e091668071b43b4ac4e4d23bc9253467c2c311ece29175fcbc10,458.000000,6
11,ef22d00d36093e951081527b9be4e8cbebeebc796c3ebefeb1138f08974f20a2,828.666667,6
11,3cd197748630a350d40d3e9e2104fcb8890eb3ddf50eb1c3e1d93c7488900e72,664.333333,6
11,8a9955cdf02e0d3db060d3b35c6464a81aeaf4c86c8f691449b609c6c8973e33,667.833333,6
11,385ac9e5924339bd5a5c609309500fa666b4df47d7e5a115760238f8e3261c98,574.166667,6
11,9b4de2ee9f96cd7eb4050c57afa873a2498c460506e5f511f8b54011404b5846,429.166667,6
11,46aca1e9e6af676e2d2a5091b78dcca301a3395dede6157ebfece91040208a6f,415.333333,6
11,922c2c7fbe06782a3181116a6fdbe695212c9671f7fdee78c93fc0720695332a,416.666667,6
11,ceed2ffa8d5c851de8c8719b4155e19ba17d027597f556fab28a66c02ef7fb98,633.000000,6
11,baf7117ff09b012a60e57ace180ee3ad98ca1a586e9ebca4368a2cd2ace6ad5e,612.000000,6
11,0d100f86f8ed24647bad6f617a91506bae3c0f92547541ac5352b9a85fab032f,584.000000,6
11,9cd3f30e4bb9e206471f5654342e16d415b17a9005f2c01ca80bf374a30e9883,430.000000,6
11,1ba11c1ca15f7db4cf72713d3024e8d088152b77593317f4bca4a746a4a46b53,517.500000,6
11,d1823cd3e6966e523412cff8cbc390a249a95fb6109d5e8596ff5f59ddc600aa,473.666667,6
11,860aad65cb6bc6f8a9c5bb32cca4fbdc7d428527c42450736794c90aadbb8422,548.166667,6
11,844cea3143513c0f43deba63f04fd0cdc1427f00bcd4cf10e3bed20003c5eb0c,335.166667,6
11,685e59e8a22a44645da9c5e295bf0036a6c29e1edeea5736795b60e39c01ec03,439.333333,6
11,6fdf107a7be050657f3ea2ebe15cbdf37b5f5eec32dd1541a245de4f43498d59,532.000000,6
11,6da86e33482c942f429f93ed07d18e3e772589ae618d2a5be264a1fedb96d1d4,560.166667,6
11,75b6e4015c91b37afacbdeaacf76c98bd174bb87df871cfb11cf5ec785fa2359,611.666667,6
11,5fb7a0546a14c9baa35b1bbdb011525019d9ac4515d1a47b1e17c3696103078a,1041.833333,6
11,1873446e6fe311d2e084618af7997514b0a19cfb8d8851aba9082b89a63e8c54,346.000000,6
11,7620c699a8cbd5e4474482e99693987d915853b224007e04e154737727692b97,487.666667,6
11,6eb35e67ad779e8c3ad94b2ce764326b2d384adfe72138da8c305a0298f4c36b,418.500000,6
11,71a7781168a4b57a9a84f59ada578d4696c72149e72845caa9246f8d01b3af56,379.500000,6
11,fd24ad95e761fb73459a7ee185282f58905b20bf634f8db5b46072bc141b0701,485.500000,6
11,bca52d54b9e6282b47fe25fe8424d975cf415542ed8cafba0bfc826621883759,280.500000,6
11,6b9fa4343eb8bf54a75bc1a366f2264ed7f6d98d6ffd28c00e4f81c9387b155b,492.000000,6
11,0d3f4c19e7b6c511d34a59a8be3005bf87c446fe061f9bcc5b28969f2f068ea7,675.666667,6
11,7853154867de95dd4e89390a81fa22294706202c6b85ff569f1a6a6003152f6d,606.666667,6
11,64ab669753e2ec7a5c975fc847bbc177b3088906f66216605e3fc93a8e887097,769.333333,6
11,05fcfb32192d19cc7551c4dbc9fa2ad35f63a4a92e99de246eaceea0f625f9fc,561.833333,6
11,d39be6dc6a673c8e0cd19afe4a553424d5f08e9bd0e6fc2b548959dabef2c60b,619.000000,6
11,dcb0ab4811c883ebd69ccee2b750c58c35f5e71d30e0ccfe964e07e9805baa43,444.000000,6
11,21cbceef791c42fbe16418133354b5e18c4fbf45263426735806c944f3ad30a0,266.000000,6
11,37fbee67fcfb90684ca68fbc538b8097816bc79f99f77e52a9b9fe54a710b079,499.166667,6
11,c05b311eaeb07a1a97363e6480e604a03e57c20479305839ea0d5856af241c4b,458.166667,6
11,cf9c69e544b3b62f6db8a0061ee87f03bb210046e22eed49affed08dbc9ac3ee,366.666667,6
11,c2c93dda357c74822a0103e36b241880e9fb69f1254bcc902baa7773976d4a6a,477.666667,6
11,c92e0d6b3228b707d2d52cc6853c55c74ef4e0446ecbc358e481f970c69bc5d9,360.166667,6
11,0500367e62d51cc0761a8b35745b4c3d2da0e3ab4d15aa024f437a3625cd7bc7,620.333333,6
11,88f9cb7c1e8a5f078badd2727a62a77c8f2bbfc9399a2789e5483632c3898608,482.500000,6
11,20c6c0e6780752bcc2554ea724fe32c6fd0e9e2e598cda125361c4824f4d782e,368.666667,6
11,6eb16a7cf6dca22090046d1ab91f700e863d0e4cb2cf3916b4c53596d15bb114,1143.500000,4
20,62cb28a1dbdb3936e1cf20eb903b1250bec02c767daa4f50763d38d9156565ac,320.888889,9
20,df757ed889d54eaabb36d3a76087641a033b078daee435fe76ec1c85813564bc,447.444444,9
20,c3324ea58237decbdc3bd01b2f7ae4bd9018b31358e1a4a0b461b77f65b8f14b,489.666667,9
20,72e0f614d885db2d7593bbe5eb564e73653e3ca5003024be8340b11f6adee020,349.666667,9
20,d9a33544ddc5108351a22c57f14912b8ae89fe7c889073f2acd52ecc0d39c7e1,337.666667,9
20,a12b9057ade85b9fe0378f686979f4a8969b9a9d4400fce9b8fc52b776a3c447,264.333333,9
20,a7dfb8c617494d2551227ea2be9d73b3a63ab26c8eea88bea09ad0f4ce462bc0,379.222222,9
20,4c51be7794f3434092813a7bcdbab4400f56e89c77f29b207bc71c1486e49a27,503.111111,9
20,a933de4b03a251c9b0508afd804ba4054392cc6600272a442a98fba25a6265f3,356.222222,9
20,cf68fe5ba5ab1c60c2ce2a333bd2ca9ed5f0fc57f408f53c51a234fad87aaa22,267.222222,9
20,04cad7e31c918e8bf59ec13336b69f51e40f3664a3cad6e61394adcc2074a91c,423.222222,9
20,e0140b566177245db37388a5757bc8a276e4eaf3054d56b161511a18faafd278,427.444444,9
20,04c4cd3936f1550e1a450d855565d1069320ae4f720dfc24dfc9cf2f7c4f1801,413.222222,9
20,ce30173b5386f64b93175f2ef2d1af18fab16546b7e106852f0dbd96cc978a9b,456.333333,9
20,bb29355aab49e485e45d8305c394ed2127bf857abe90ce4bc148bed7fcbaa7f2,322.555556,9
20,f147a14957ea3f33134134991fdaf8a9d65750c75bea4cba93197970b8e4ca15,494.444444,9
20,b237ef34482ce16a297cd9ea4fb58fbe01a649d9e7b9f622ad85990f80d976d4,392.444444,9
20,31d4c3c4e26e392052cf9173d25495af7bdc00a17de3bd6e662a91967c8a3b36,394.000000,9
20,17d6b7c486ddb2e70d94a7b80755fd45aef0183ddf4442e8450a57dcde75bc7d,483.666667,9
20,a7a32e0005aad609e9d6d5791ef7a84f8d9afc70903b67aa26a170d11cebc4dd,318.111111,9
20,f5883e8958077acce9c108fe962d458af346decf0d4a3c77620ca93848891306,551.000000,9
20,8507126f8747deb5cdf9e43acc2977204b6119012f2e60c07432fed6d8d7f711,395.000000,9
20,e112d38f6ebdf69acfa5e0587bdb994089e6acfdcdd16e3e9026d05d1142cd79,371.444444,9
20,888a93395ec1d3ee6318119b038714208ba580f9382b5848c4227eaadaff4f94,308.777778,9
20,83131fb875c185f6ce9257a77f2cbd1d7ab5670045e966e77625d58e9c261bd3,422.333333,9
20,7998da257109c713c3853389314722313a61d0639eddad27e83e998da7215790,555.555556,9
20,6facc8711ba62f3490b52e842f84bf108993fb88fcc1f214874e5aff5b4ba0f3,593.555556,9
20,f826b914ef99966957de51573bd43bb24877e8987b7a0fae1da59dc8d8fe7edf,457.222222,9
20,799a000bdc3e3e226940b92439e3107ab17d2da9d04106c96ad8b8289d32041f,463.111111,9
20,3e8deff3941c19c63f9ef18d9a68b73228a497e60dca9e8bfc3b8c42ab6d0046,414.111111,9
20,d27ba584ae5270905903f34eb80a0bda0697e28ffe45862c3cab0fc8f009feed,344.444444,9
20,9699e4cf55d08210c9b8692b10c81eaaa47c849441dea46e4a45c21a92edf587,412.555556,9
20,7a088cb00610d635e04898dddd038a29993a33abfb1eee37b9f7a67f70eb877b,498.000000,9
20,c377383a5317de717f81cae3a572ddfab3a803766f514c1b5d72b5488a1cdec9,260.000000,9
20,4cd0dcf443fb3db5a608d35fade8ccf8a7395b9b625a88e31b58f2d217d441c5,400.111111,9
20,444e6a4003184deb8428bde6cdd80c61b56ebade73333b739aeff219eb8b4ee4,432.111111,9
20,d3ca4cade95347fa55886065fb10b831aaf9a7615daf03c065b72d4bec8cc1e5,508.333333,9
20,b8d3c0b1ca980ffef59457d6ad5c3357ddeedd5125b1d53b3b2138c3a24cdee0,492.333333,9
20,e3b9ba3d71160db30eb55bff40966131dcf3d5507d18b0e9aee7726dc748134b,493.777778,9
20,584f6781385f8d984a8d64b9b31f13e9fd5dd63134391a7884e66a100a540132,435.777778,9
20,de282e1051c8c6747abc11468738b7201a363e1773221e4b98fde7e1807017ce,769.888889,9
20,032a6e450a837e815ab8ebfc0b894012dd68d8d6e926cd4c72032de2fa4f7c3a,423.444444,9
20,640cb16c135583d12f4d7728d523ed4ce699ec7d0b437f7367549a0f3c9f623e,428.222222,9
20,d2fb52b83c4a4d7706afc67a1d8f3eb2b73053a325dbf0ff8c30b5de2fda05bb,361.666667,9
20,ed65275d146b422288001542c1ff4671798e2a3f85d5ec543725127b717b41e0,377.111111,9
20,b393f6f72207adb79aeebb5bb1235ba6945c7ae61be9e670c6c7b11ef3889b93,289.333333,9
20,577292cd58f05fe707d5156040a87d47429b4712a94606ff1e6baef4d8edc050,383.555556,9
20,29f76e987ff7f9bd86e8f277b57fc6c5bbe609b6317f50e505b5ec1cbd1bcea4,306.444444,9
20,e37f224705cb0b78cb6c805da8aa016c50404cb2b11b9526ed243942b241f1f2,439.444444,9
20,3a39f2de967bcef54af5d6a4c2ee01959a2ea31d848cf6cc0c0439b058765c7c,487.444444,9
20,288d7b9399d8dfd767ab4d71c3b31e851b9ba78018b28c77b13727ceaae438b6,349.444444,9
20,3b6bb9ce716e741da433767ddf026c2be20cc9ab02a816ffe8da8ea39c7229b9,480.666667,9
20,14fb5e2b4bce7838c7fd23c4bc3ec4a13418c0c0296950213fda8c029b66ed6c,459.222222,9
20,74f696161349cb2a1fb0214867b2ce0cbe233c3f585920ea0023966468ad9bbf,402.888889,9
20,6ca088dc6a6aa125ed3386c6ffc7d1d479d84e0adf5d0ac702e08cb6634ed5de,260.333333,9
20,94c5623669cb3c808239848a679a01ea8c361471ee402b885bd8ebb849c05433,321.777778,9
20,cb39a59dbe020f9b1f2f13b634d639097ebab808202a1543f50f18a0c5ddf41a,339.777778,9
20,6e55334fbf44e9b48c156ab951ada53767ac6e32c4edece20dfc61b464325b7a,356.000000,9
20,e59699432736d14f48e119ee2a9851093064e61d529941b9f2ba2d9c5e39b57b,530.777778,9
20,a1f60e877db7ad1fe18f56b8b6372c2435cedaa6f33bed19bd310101d9accafa,343.222222,9
20,48a5376994d94e97a3a771bb03f037718929330571dfd371e0bd2b562b7ce32b,322.333333,9
20,c66eae4331c9ba3eeb0eb910a0feb9b6ea0c472f5190ab6fa010f04b0bffd02b,420.000000,9
20,2f805ee05b3df39dde44a722add32e4fe17b9fb8d3b06ba88e585f6a53727913,296.555556,9
20,ce6cbd916be39539ab9ae6be914f43d2ecb86672484dafc9c8ae97554b2db7f5,434.111111,9
20,f5a48a965967a5dc7c7b61556c736b50b6297f6ad9e7a066c81b08bd7a5799d4,237.000000,9
20,acfe4d37e57d7e3648ab19c545e0f1bfcfd98080b14e6ac84ef6d8bf66e363d3,425.111111,9
20,3753c25d0890d5fa0f0d3112be4ff5115ec5c72066252bc8923dabf4ec3fd0d4,400.555556,9
20,bd8fe8c757157ec9154e739a9db7f4769f964c4e7192587752a9761fdea0fde7,459.333333,9
20,0974398de62ae45122964c2bcfd349bae45aae83b5d41b448a31b7e3d3c08f66,371.111111,9
20,6a878a7d500386580935e03a6d0dea758de1841f2051d6fde8f689d426c48914,413.333333,9
20,368a21c0a18e4ab7bd65bb77627c705efadc5127231669e00247067f2c6ccbbb,384.222222,9
20,fe91efd3c9042a447516bfc8f0bc26bd722dff754403581ee91156641fbcf96c,336.222222,9
20,4d39b55a25a6c98ee75956e047f79d2eb356aec152aa5bfcaa1eeac105fc3c18,500.666667,9
20,e214f631f75f8d20d1efad074fefa0101f145df53186b7b4c940784b5a028ff8,319.444444,9
20,bc1ad8b870d864ea121cd93f6f33feea667ab1b1a72692b4ec569a9025aa5183,284.000000,9
20,e757256dd502ade088ef3ef46baf2cc4f1ece2766f4db8a9ebcac9f07a4cee8c,479.555556,9
20,3fb48b8f1d0a9e01b16e4c2ea9b90b439121d6097dfd59ea5974f3ad4171596a,539.222222,9
20,89080e67047f6780ead7b3cbb74dc5aaa9eadb50082684c182d0965f0db40e55,548.333333,9
20,75e2a1b6f928daa3a6982648395ce0dc8005902a9d1b7fffc5c943465b162aeb,438.555556,9
20,139e2fb2ad1e1af9f4029f6e99f86646704e515d03d3f68db18494db87f5310d,419.666667,9
20,ad4d5c96dec7b1afb7c8dc1003f7cdb2f40646a4ce0349525a9c403522b94ff6,351.444444,9
20,8b777e21d6b28d6299d67f307c66982c2a875e6072e088692a5c0fd0e9f254b6,335.444444,9
20,5f3376b4931bda2e3567eec8ac606ab70a10d9cf0486f8807041a852ebc5e983,591.555556,9
20,39a61c64314b01351f23555eaa215972f7408b6046f596677ca37aaac01706c5,324.333333,9
20,b256aec01555b1a0b1de0b51eaaaadef2077f236dd9b0cfa18ef2246f9dae2a6,479.000000,9
20,f3fb66a25c38c8c1c065599b6bc91b4c71ba111f087ebb08607c2c6e3d8c57b8,360.000000,9
20,3ab9d2a09ac983ea235fa14f84eaefb059670362b2187f3febdbb1aeddfc8369,605.111111,9
20,a21bce7b4ee8da94056236e10a7dddf181b0b4d91c31beb22d9a93a1d04a75c1,358.000000,9
20,8876d483415e558d99622b5b159d8847193590d274ed257dba925d2fe46f2c3b,437.111111,9
20,f3c8377d0de0357929cbe4f01e5626351281b7eafe1dbbdc7e75ff4a6973856a,493.888889,9
20,b282d82c5955bf84b9160ee8eed2a72c8afbafe202082d0ea58394b68e0c2a0a,397.444444,9
20,30788695ff38b1099a67e9295f48791060b858b4f14763d48fe2054597fc7d9d,304.666667,9
20,9b9b08e5d7de3059d2ac567d82f01c4aa987b5c897e00ef8e306f262dd98c3e1,438.555556,9
20,720fb49583af054fe2a14399646f2ee0492274a8e7584b8dc8e7acecc07a1fff,476.666667,9
20,15f4b6746ad8f29e445ff6e578b429647173e3079e500bdfd9a772d4e4bc0260,320.111111,9
20,acc32aa9f2f9d4241f33e9aa0d1776f8fdd2dd2cb7a2541222df70a732d15e2c,553.444444,9
20,5af2005543e4b3e2ea2dd151ae6ff05f8b5657b95477a25f7898e4f7979d7b6d,595.444444,9
20,8572183939acd9c7903a6b93d6cf6c8ab9170f7910171baaa3903ae0e18b25b5,377.666667,9
20,823f9480c349597f4e3ad2830d80b25f88a9bd8f79414f544e05d15478fbcefc,528.444444,9
20,c1088b3c672eb826ad480c826532b5745c6d756d3572eb5e0527616be5497738,483.333333,9
20,d699546130901e2fa443ffd961ebe1b0fbabe5bdced18dc167ec0f81d69ff5a8,375.555556,9
20,6d8126560a8ba5203a102ddd530158a9095215255b6928145d23e388f2ba9d4d,445.888889,9
20,8a64ca4242ab30ceff6cfc973e5aaa020d77b03f2f57f0a6ab1be281ac01860c,391.555556,9
20,edb3ee44a81f95dac32e509df592adb16f1efc84935e6935674e7d168396703d,380.666667,9
20,e389359911eb6723c3d31ad2151f238d85b52ea2781162d6cb8744972910bdc2,271.111111,9
20,bb819e6b04f0eb2f55d9901c54735936f801ce099865eaa16b139dd9af6ad235,530.777778,9
20,2037fdea96869a2f890a041c9778e007e856e6528660087f75461a09dcefca2a,528.333333,9
20,6ec76f21d45c9d707d8d5998b591923b23583608fb75327e5438055c4b84d4c6,417.444444,9
20,5ef0a09a3e94463954eb48f263e70a2a48cfdf6a56831b5e977695787bdca903,458.777778,9
20,db59db06981aee689882570ab9eac104243bf2a1d9f6483b96856ea6db2a64f9,366.444444,9
20,03fd5b4d5c40e437ee83d8187e3d0bdab337c7ae405046543faed75e3d99b999,412.666667,9
20,0425a3e6be7aef1126c75dcf8540c31ba38c13572deb80dcbdf093d9ab1a78d6,475.666667,9
20,c174f2892dac145a27b69c0328ca035139a5ad51f2fe3f563d095e36e0d732a6,306.222222,9
20,dbc334f57b1c14e3f0a2aa8c3eee5c62fc3231a4f895af65eaf8c52885e9cbfc,467.111111,9
20,2ebe993d13a2c772e4f152fa85e1820320eaefc23b095d10682c95df233ba715,371.555556,9
20,554abb9813c0c7f33d58ac371626323eefcc66276345dfa38340f4eaca5243f4,373.555556,9
20,5216f145231802e469a571427b514575a5bad6938ca2007c0c874f0f0cc4a41c,465.333333,9
20,5343b7ee6b2f3f227ef485fcdbc92d70d1d27537823133b936cc1e51786f091d,294.777778,9
20,5476833403b0dcf568af8038594074f61bf932a84ddc6e3b9b35091d40685c9f,356.444444,9
20,91055fe3a30d5c9ff0786902061c7e54f2cab74f02aa01420d683fcc36001d54,268.444444,9
20,95244613b09e0b6f922f354f2bb418058a00cebd0e22856692837a3c50d9bcf3,503.111111,9
20,7f263a35fc91a3da4b89a1a834ace753c3d9a6068563ed732bcce29e58ba1284,540.111111,9
20,53bc61bd7cfa7268391b46e07c20bfa36cb6e7f782faa10382a7aa3fcf0785d9,283.444444,9
20,e52b51e857e5c28bc95f92f28bdb43b0fbe3572149738d85e025de8cf7634d1e,356.222222,9
20,7e9c387ef61d5af8e5ac4fc650724ea19234b14380046522afe2fde0938b0d32,369.333333,9
20,3912361d9078c9600afe14c47018bc4cb22f485d7fd2561900648af590eace2d,461.666667,9
20,55b1f57e9b522ca6cb62caf63ad14cb5b226acfd1894bc5615c89320851eeb7d,449.333333,9
20,8086571a4238232e4fc6eb39a5ae69631403e063c94d77a4935d4ef72b99dcb0,370.333333,9
20,3147b94939713a0ef9a6e29b8ddc0ebcf6ff81736711d7998f1f97706f5cadd6,541.333333,9
20,125164cbf5850b4bf9f6af1e2dc9186c8ddaf64b330fece3c14c2f3742ae81a3,443.888889,9
20,afd0f85bbb3f75eb5041c5e44dbb7d8d325594b060f35a918c55163e0c692e5b,370.333333,9
20,a8f345bc0ab7f1f6e357f7927065ed45f2d39e8924db7f6df720921befb16ba5,452.666667,9
20,8e0e90dada2375ea7fa9e27e54ba3cc7ef9d10d2da5665d18be1c8ff6c0f0647,504.666667,9
20,e789d61b847206dc8f220402831a4c39d5940f7a5b055dbbc93e95a027750fa9,243.888889,9
20,b195a7c9f83ad19e75663616ab234ac8a084bed5a5358a418b2c1cf628fdad58,445.666667,9
20,022d409156676232fecaa92e7b19a9692ea595e3ae5d4fddee34d58fd7f6517f,329.777778,9
20,56412f4e341642529189e3d4403d57eaea9be069d6b4de060d2a44aa3ada8d33,257.666667,9
20,b346d992313ebea9af3ee8186d42990bc30038ebeabf3cba221f21ef426acf6e,399.222222,9
20,26d7d82680ca8634059f259933eb8dc098981e56eeb75257b7e244d0c2ceb079,468.333333,9
20,fecbf9a583d981fee93ce005399d1f53e5f1ed24da8a53eb2762456432f98f2a,348.000000,9
20,d99ce8fc9291592b2dfa16e3ce60641bce6e0ea73066669189bc8271f838ed87,482.333333,9
20,7c8f4db4b563338ca1b248ed08353c92f9b0aeffacc0c8d8fc36ac2ac356e3cd,373.333333,9
20,dca7e7e4f622ad2aab8153a31d30df3886c4a3c36ccaf468e25b5aa9a67c7a50,451.444444,9
20,978db799c9294afd659494fc5990365d233a299c6460443674670d90f5e5cd7c,357.222222,9
20,38b8571e5db838a3431cc0cef5e6342fe41a44243fa8028ddc9dafd7f1ff78a4,332.000000,9
20,fced37a1527d895b3fd241589409a20fe59cee435f32ad02b7d91da18a645426,537.555556,9
20,92901c7299b22581b598d5ac6ac8ecf9cdf40cbeb557194cf8577e75151b988b,422.222222,9
20,691ff6ce9c1dcc2fe1269f3000d72f347f2b7f881b595045aff8f36d63af199a,420.222222,9
20,7f664bb0920d0973f3fee6b6ddca3325fba28c30f0a02c89ee1b5c6380a6b98d,541.444444,9
20,fae9ec1ec5be33388fb7b39ae383299a11e62b5d5ba48dabb7957307176d5ba3,582.222222,9
20,3e20b12d9de4a71cdbd442a939ae50326fb030eca33421f2285bbafbc51caec4,436.222222,9
20,824b694652036ad380fef38d5444124984fa3e49e80e9f9e9a85786382883190,493.000000,9
20,2523f4ceb943572bb66bc8c56f5d51bd10baa542da423185906fcd9ad6c943c6,285.000000,9
20,720ad642429c6b0f0015a40e25a0eefa7107bff52400f7e3af1f8f81ab97dba4,399.444444,9
20,84745c3c4cfbb6e050567c5826b32c6ce5d65a80427e876223b0ef76924428a6,296.000000,9
20,7e2609acc90259548f82e936cb7c8828c28aa377334f3da4203189b2fe30cc8f,492.888889,9
20,5dda1f420608ec94b73da06ae682931c099a29f19441d9b8a6d14afe297643f8,332.888889,9
20,17f45dab98c84754ca0385472af41f8005b659d84e3ae324131afe092355dc08,457.888889,9
20,e40cf7fb6ac0164c22e69c5093995ef1561d3aa6941a003de879e54a1ece288d,339.888889,9
20,ab8d7547e7f87e64e30185b4fed1a2bc26a4c4cb1440aeea49c7492fc31d3522,380.888889,9
20,04647e216940e0587d237494d344b6c98076b18b8640ac92cb3f578f90230bdd,460.777778,9
20,b90f8f1f9c08b6c9392f005c361dfd9c7852492688419dd2afa6b329d735814a,428.666667,9
20,9ab8e27b2f4fd5409af887881e00f1046aabd02cbab48707b82b55030f6c61e4,632.777778,9
20,b50c85be670f9070e3201d0f85bb95a278d1af5c717d4f45c4b5b8afe3a1a911,431.444444,9
20,5f51169291e74803865f351458119a20c9a88263f86edba0837ec331503dd50c,422.000000,9
20,77f0a588d23ce23390f5498c56bf95ac3ae58b25cee31f31c36f17600c133731,347.777778,9
20,d8218de4c01ad3ad58a0b40b8d349a9621528ccf8477ff4108091b56fc5dfb26,354.777778,9
20,75eac916151d9298c9d44ce00bc1ea763b242ba03ebe596afbf76bae5017cc49,387.555556,9
20,75d77b62b09a809a7a74669d8393d82ab40fbaf77e0a59bdd84587d09ef31ff1,439.333333,9
20,0b37bf1a710fdb8f0c852ccf2c743048e0b57aba28ebce0bb9caf761325441e6,344.111111,9
20,f5a2a4eece300af71cba488a57041a0bae23836acf371ffbae30ca262caed373,399.888889,9
20,093b668f5ae3fb2ddc5353bbf79f0a6c50ec1b303e37d9c3cdc93742d9b6faa8,371.555556,9
20,daeef38d388281a34b7ae4018dd2a5560f852cdbdad42263c95cbba83d9338a8,353.555556,9
20,8222f5dc94493bd0b741fc8176e6d6ea329bf2f7b10d222e37a5ccce14461591,273.555556,9
20,2faf7bfbbfa7277e378d059c70211b563672067cc1c3ad0d3e6c083eaa5d6cd7,421.666667,9
20,5783173f27e8e749c001ec8804429a837812cae5bbc8f7c486ddb4195a55674d,410.555556,9
20,83660f40ccb3b3602133b92c1cd1e1d7a800321e15b7fbdeab3033554e9cf765,396.555556,9
20,d36a1e5ba5b6dba7aa210d3fcf6d4abaf3bf0520e4ccf9b01bc78960b30262f6,367.666667,9
20,ad76a6a3bb0349d7d3466bc39d4e5b86c1b4299397a6b2391c2e295f73856aee,493.333333,9
20,0237fe972beb6537edf58af7c0df8ad3e68693d7e0627bb7baf9455ecb436cfd,453.666667,9
20,75e1fbf92eff53922f012a6608261fef794395aec93622bcf569821532037206,418.000000,9
20,66a02c588f43409cc0778567406687d6488252ff1b47efaf17fdf364a055eeca,310.222222,9
20,a1df294732e3c4579b424f59a094d974bbefd393d6a8c4d246528b4326382564,362.111111,9
20,fc1672dd8740bb21c5c5b70c801a9f3b396a6864feaa7f19fdf74595c155a219,466.000000,9
20,c9cd83e1fd1fea6d1f77c772b50dbaee2fc1c737a24ec8a2a2ea2afaa14a4332,545.111111,9
20,b4c4f6cd8afd202e8764c85e842e216bc4e38de8bbb1f5c6ca9907706a171fc0,415.000000,9
20,45b99563e418d5c2b9ab56d58e072eb64f851274963e1f1555ab1333a0957c99,322.888889,9
20,9950b9201d52bccd9e0de425dff5300a58f23f6ec43071d1cfd41db4e65a23eb,438.888889,9
20,0d95324d6fe99b6899c0c7fdab6944b13569f7a43b078fc2b96efe36957f0e24,433.555556,9
20,1f6e838829f78d909500ae828ae51c8314518c45e51c5eafb6393cc2ddcb07b7,485.777778,9
20,bb78ebdb366c95bebdca3966df242aa23d99106cc0dd49c86ed50ca213a241fb,326.666667,9
20,fcef6e9d4354f1b59b2808f45eac11b5b053df80a1b1c623d811ee78be0c3645,336.222222,9
20,254cfc524dc7c12c9324acdf4ca0c6bc4931eedc344ff25cac8af9398552529d,358.555556,9
20,9cf1c5fdf8b4c6f031a66f51b25136d9ef28269b12dced918ba8d0993e19c3bb,408.555556,9
20,be4509f5746f0de6e3d994c15e905dc61761c5ac6ec0c62344e26b5475ad2963,450.555556,9
20,1e4b8715060f9f84d877799d9433fd7924cd35b5fd2dd524afb1ce0d52bb4e33,497.555556,9
20,218dbc5161510ed68bd3099e0b27918fcaaaf9b67880d34eb77f643568182c80,271.666667,9
20,e91792d6ce7698c512058e8bfaf7d6a77fc6843c108b0fa5563d81c7433501df,401.666667,9
20,255fbc775aa3fd705b148f9fca58f306e5ce0aa0f14debb4bbaf3a9a7053581f,514.000000,9
20,7bfeaf3b3dd46977e52dbf0ea2aa66b7acb10ed76d88a77d2557d0586c48f161,432.666667,9
20,ebd0a0bbb7fd0c2bd74c4c704f5b9d416b1a742fe7c248c7c29b6b7939423608,388.777778,9
20,88259b6d7fe66a92156c94cba2378f8cd4861dbdc3c8f8c23434f2b6c8c39222,303.777778,9
20,581f1a166cae62c42de9c38bd8cb4ec683a1101cd73fef56618c7a4d5171b23d,544.888889,9
20,502d4fb1b23f17860c0f37317ece1525873614a9a4b5311d875aa4f527a89313,492.777778,9
20,4c4990e8238fcf4df1eaf4fc3569e9e93111cba884afd7254c8a92f81765877e,397.444444,9
20,2c52cd033ec7bccdb3bdeb7c09267d353cba4fd14c789a8ee014fa0f86182cdb,432.222222,9
20,4fbe6363e1348138e893cd7a148f4ecf5fae0f93e5befd32d1c2321526af501a,351.222222,9
20,46b6b2e4ca20f74bb80c749596678e2151e63d90ccc776cede94a5b7f653ccd5,359.888889,9
20,fd65a4f9a64cd48be684cb3c4674428dee099d87617d770d35c6d09f42000057,362.000000,9
20,c8c46ba3edeef9790de627eae2e6ef8588c669a44512020315905a37d5b30876,455.555556,9
20,595dd405057062b01b52d23c636b1fbe518130482d1418ab7d6803ab4e5ebd4a,501.444444,9
20,30906596f0c8f5f2bbdc5ac3c44c2c841bfba9f18b5615869b28e681df7c9a14,346.444444,9
20,c72bcb11a82c71179af7b948c2c83c3e9fe963c84e70223700ac25775a752903,352.111111,9
20,6f290852b20b68dae2578312a078e0a7bbaef0139bf3e55901f2465e01e31799,449.333333,9
20,469f0967efeba32dd323f38d943f458afd934c89cfd04979fc1122d342ace5ce,364.111111,9
20,af7658cad9063d85f31ba3f4a7157e80d658acf97f1dae7a9a908f7718bb7af0,323.444444,9
20,803d0e796f150b95f7d96241316b82ca893f0b8c628db3027e90603c9b0bebe3,315.111111,9
20,97984d4b37c89226dd9cc7478f0593fc3f222d83b742d784b55fd1b7beb65904,453.222222,9
20,b243b55a6058a81705d53cffaa9a0ebc72d60ec66c05bda16bcf14afc86d62e9,261.222222,9
20,f5eacf73c4bb3c3baab6869d7462d3c3d2cf5541b65b99a76db5a9869c986b9a,480.333333,9
20,594fe203aedb735a0341ccf6e6659580327c242f01a5a276787a30bf0613b002,428.555556,9
20,a89b5e921c8984f2a4d378e0854ecabc1a0657e4da8bf74ee4d3ac352045d144,279.222222,9
20,eea3d082e143e1f96777245c16883811ddf2d9cd7b1af329a83538992d534e44,548.222222,9
20,65d2931ab19a57e21cf96d19a7ed451a879dabf990b1b018d0efbefcdd83c311,311.888889,9
20,934f3da81036f5c27d5178e8eb56010c0b5762e1718086d81499ef315e9695a1,423.666667,9
20,3d0882d354a5a5f10c0c83236a818b7f935396191c62dd77f7a3d005b7a857a0,437.111111,9
20,9d2842045ad88c3ac30d4bbf962b15a52e5823298fcc23875d46e6508005a381,355.222222,9
20,1574ba165a49527e12a63dd205151c098b8138e61563232877b2ddbb49336de3,433.555556,9
20,7f7c5ba3a9734781aa4e7400e4e57aa6232851d78e0a34b7fa60684241d2fa33,288.666667,9
20,c3bee37cc5378b8bf0bd604f884a0743336e703a669fccb755d6f87e72d5e41d,475.222222,9
20,b677cd926787fe748e5d63bf07785cce0d633b58de205ec5013b92112bf39971,393.777778,9
20,adad321f8518e49460ede56394e007b14d9de8ba000ce6cde223d8ea89db73bc,352.111111,9
20,85f64a5d1d662261f64e11f30364b7bdd54f1ae16b25b528495f39cbadbb30cc,325.111111,9
20,48ede7e4c260638ffaafa70a8be6b1aafd79a68f8337381206e73c15372494f3,550.777778,9
20,e6e953c0d289609ba591f0ce04f02d439ac401e9f641a414ff7966a278844d6e,408.111111,9
20,f7088c4223fdf106e1468bc700043b9b5cf38ad5b3163db84cc13bee55d2953d,335.333333,9
20,6a6d846493e75829b8fc67a24318080f091c8798cb3053aa44b7f68cbb346ea0,467.111111,9
20,46044e5e657a6196c1f4c586e294817abfc7ab9942eda45debdcfafb3c0ceb3f,397.000000,9
20,2a0c339cd15cd838b741e78c3fc45e95ca3609f41abb29f441f5760b67ec95be,355.666667,9
20,772b09cdd305a6a58456f2d019e745aa0c987eb59ce9868dcad03cee3c9a6213,378.333333,9
20,ce2f38758fdb4ecbc7ef315ceefebc0055e0a2bb885ec58c468ca743e5689750,408.888889,9
20,6b4e5013af4aa08843c3e1daa1ed52a27369da5b0ced30b272ef4fdc9ad6f2d2,283.888889,9
20,fee328481c4cb6b3537063f93a9c78f5c9faea988fd02f346d3eb62182bdda4f,345.000000,9
20,1998a7aa526a4d7182b1c017be6393dc4fe3cb6212ff6b1f9ea3195b4fcd4e30,481.888889,9
20,10c88e5f05b6e57f9bf2489dcc0ba6d63c6948a551c81ba2cf421a1defce5bc9,457.222222,9
20,4d3afd5b4f3b53d5bc71afc8d6cb7badaac1b24eaad022f56eccc60edf7d671a,430.222222,9
20,17ce022f368ff2ba7fc014af8be0474d6cbb13d91f80b49cb84959057f1a1d1f,276.555556,9
20,2d17b118a6312aaa70c5c5ab621db19be83e7625a448b19b7244ed31024de009,330.666667,9
20,979f2f0044e7492e31eb2ae28504e36b7e647f0cf371e7f30a332025cbdd25c5,429.444444,9
20,8e806f75924e72c859be61106aee6b285b9ba746d32b9416f7a2880c3e98c082,422.000000,9
20,0bd789d569a03b19675be01af8b5d98aa0b2f31b4a696537a56ee032f7abfdf1,393.111111,9
20,58b71512f5547b236c22263dc77968fd56888c611d12c160f27d782ae2527f20,375.444444,9
20,4811576aa16928f1a8f61b10cff3a754724f81d4960674ef1a2ef17f45d4f59c,292.444444,9
20,ae08027aa4268f120f3cbc85f2a8d439937e092f53f2559ceb0545f228cfecfc,470.000000,9
20,012466141dbb16cac212dbe3649c8920710f7c73cf06db810c3a1c6a591b9f88,414.444444,9
20,bf0c072de7efb95103106c597046a39ef477ac3533de9789f63dd381266ce9f1,493.333333,9
20,eeff99987ff45e84e9f9c72265f91563d6c447395488852d2112f628cb4e3099,334.000000,9
20,777cf15df9e9ad22cad93efb5b29a8b840e01f1b1898a2097f00c6439450683c,423.111111,9
20,1e50bc5184cd2ae6ba247522fefcf6e88bed722e5cfe8f8e1c58bcd34ed9ec9b,429.000000,9
20,d601be5ccff0b046d728aea58633af78fe62b07e9761e6ed27191e60e4ce801a,292.111111,9
20,5aab213b17522a9255b67af0ec0995efa744c50e23d19a544da0f885b5399dff,364.777778,9
20,c06aecc729595f6e265fb045060839e421886f36af5b745b9848cd4be4b65a86,423.888889,9
20,2787482ec7ca32f1c6ded19a1aef2e2261c6b03a99264326b8add4bb85e50bce,368.222222,9
20,c162137b0b00941b566a9918bc104c0962abc4f9cb8598e4e7523183632959e2,428.666667,9
20,61823deee5fbc556ac4b4f80a3a823900be86a65bada6b34fbf326674b89553e,375.666667,9
20,6bc1bf6c1cf3fb89a16a489d701b587683de7e3743c30bbc7f7dc335ae17baf9,298.555556,9
20,1a5d3950124663b2c10bc07ac2accb2f530b3ea5ff01a7fc327c3e60da11cdab,372.777778,9
20,83b0e22804171346899616cf1a379a23473a3837367b6ea57a4181324606f177,373.777778,9
20,6f6ede682b4f17b5b224cd2053142bfc70ad84153e7e28014c947bd8bf128da6,321.666667,9
20,3e97f93d39a6d3bffa1dc7c88fc0814a7bbd0dd971a5f5feb4f5fdc0647cf89b,571.666667,9
20,6e129e27e5fd8834e37f40d23f342fa07994059d4a6ac5564266536b15293eb9,392.111111,9
20,1a055e6b29a7127fcb8a1c2847a876314b8406ab6bacb96eaa3bbb71030bb127,311.333333,9
20,e985c5cb6f03c7f5c57181c20eded0d996b25904acadf396da0a9f7317d9737c,429.666667,9
20,646f1998732ef0f2cc18fcd22eda02e3db59d5dcbfe8ade1a986185c59528353,287.777778,9
20,d1dc15cb858f6b553d3ba58a6083dc4de8dbfde2335d55abaa6f66210bd151a4,338.555556,9
20,3d0c7cf034b63f67c1ead380a916d6a72a7f5fc7d715d4abe30f66f1701ef48e,503.555556,9
20,7ef6d92669163a2b1f9493fc02702ff6a1a08790e1cc08bd7d4755f6190d84dd,442.000000,9
20,f8056f07e80f200154ef6b23412fc410149cec3a270b228424004654c6955bfb,416.888889,9
20,f9d3c036ede5d0ca9cfc6ea7566376d292ec1eb7497ebe1c329602fc1609142a,367.222222,9
20,be2f68ad6ccf8536c9960e81f4ddb409722933ec34d697cb40deb915c5928b1d,245.444444,9
20,948faea3416f1d5af75600ef4e05458906f08307113f48d1379b183916a15a42,387.777778,9
20,3bc59c8adc4c0ae9b9505fbcee7c1cb79f81000e80a885a7eb4466cabb2d835c,511.555556,9
20,6a2108c4e6560bcdb189322be707b3bc223fc716a53121cfc970fa1e03e871f0,382.222222,9
20,749aba04cdb7ed0af31167b408a8bf5cd7eb9d8694503f9c3650b44b05d6ecdd,262.777778,9
20,f11abd1dacba7df44ea831ac465f97cc55ac86a3db84b0ff66201ec690ae4724,484.444444,9
20,75d0882c6f74d5bc0ec02e8636f942877ac9150e663300c10dd062f35d00d34a,427.111111,9
20,11ee57b280e85be425af4146eaa025caf6f9d94baebb7791e30e1de79897b12b,430.777778,9
20,aef5f5fdbc9cd4beec7abce3de546d994ac302e6c345e7f4893cabc75b63559a,428.444444,9
20,455b283c793d71f0be7d8d3e2cdcda9b79ef97a2b5cfb8940555b5dba8f58630,314.555556,9
20,5b82c335d72a561969903c43a66f26fc147bcd51d3f625d5a5af82dd85ba7fff,396.777778,9
20,c125e09391d8de308570eef9274ecf24b0db3c1644f07ff0aea0e8e18ba9702e,359.777778,9
20,72236d187d5ac439d8fa0bc65bb811dd3e47bfd808d0e9d94e97dcff93ae9d1c,483.333333,9
20,fe5bc9a30117fd49985b80afe678ccf1c791049257860d4c9e3d09ae58a5bcc9,340.333333,9
20,3f8a90c9953b93462b9a21262b91e741f0b3fb989a66d43bb852b95b86b9ade3,374.111111,9
20,d5d8445bf7e1658bd9b2e2d16e6ace10163f293b2f2ce177167d1d2280776ff8,360.444444,9
20,4cce304ecff113e1392c373a64b0ffbd8079f37b8a1d5f3e32453c695a04314a,420.666667,9
20,2bcb70673eb925010e00867327e9fa75faf6d5d9a95a7a9342941e299352949b,386.777778,9
20,dc4794b7b9c20d66c5327b35db9f170d6e02dc13313c63328cf532ac5828b06e,316.777778,9
20,67d40249e3d12de2404d7872b6ee75f262e4058a28f48e0540008a9f3f1cad04,348.333333,9
20,6d6a92b915e71e4b36c50087a23a985fab0ea010092b7aceb9dcabafd752b372,276.666667,9
20,853407e1910e7fd3c8766500e297211e003aeec7c8baf3464269884f90f1db40,295.000000,9
20,278ecb989e9c2dac7765f25e3c7c094891a6c2ed841382702a5e5ea69f5b3011,412.666667,9
20,aeccbfda29539a2299572cfe67d86c2d2bb1a4956ba22258c381050627dcf961,575.111111,9
20,f2f41507c2a83e9840d7a61db64e8d34cdddfe0514a4646ed3f78d5745603cce,560.555556,9
20,10c1923887eefc1bf418445478376e07210e7b3fb2a00416eaf9dfdd0350bb07,296.222222,9
20,38b9d6771e678a876631f78c5338877dcd8d63b512b3250696845c25cd7974e8,447.555556,9
20,070633d261ce63af9ef0cf1e5baf427451f6da545591971c7eab86e21ee51eaf,361.555556,9
20,614dc5b222242d0f2dadf5f57a4666a98274fd3dd87d0f538013423d70b5fa7c,521.777778,9
20,50b0062aefa5b345be5186f123e0a2c67c6945a130596cffeb39504443cce24c,375.777778,9
20,24a7086e343e3200b36ebf55ef0a05d028ea954eeda3ff6affe495eb947415e1,319.777778,9
20,a2bdf948b092a909f8456e3ce40ea402857b7f8ed0427d05c3a1d69d61013926,318.777778,9
20,218bb4c4170c8623ddc42149b581858bd79aea8704efee4490ad4deb5a39d664,402.000000,9
20,774eeddabb2e0c809ab8f3f1db37af61679e34b69446f874edfb468e834e6942,470.000000,9
20,d25aa3d79eb5c931a318fde13ed4bbf1954256c0dde3590a222fe71c66b289df,366.111111,9
20,b95a74ea217c3b5f09f29e2f4affc67bc87e8ccfbf588cc757900fbd263d7141,324.777778,9
20,8b4f41c855b847b0426f9af62de01acb4c1d714a99b6011127a39554dce7fd6d,289.666667,9
20,f16c2def993926ead4bf8fe63c0b45d201c341b16c8c26ce8df6be59ba7625dc,534.111111,9
20,4f5f324697a442dc600026f25250f456853df49ca3e20299a64a2152efb4e0d2,297.111111,9
20,4f03a9778fe20be9af5c4cb27d9248cb60d12c79904f341c41b862d73cae2ffe,330.111111,9
20,912540ea3bafc806bd2ba8406ec775b298883f4859a924281ee5858168f673ed,446.111111,9
20,409de2bc696eeedfcb696235624a3efdefb151b06b916fb9a26327e46d9ea4be,467.888889,9
20,075a1499b57a27f3a8bd8765bf1f678c853f05b9715e03e714ae60b59a38484e,582.111111,9
20,8bc82fa5935e5139ed9d81a47601af1c51fd40048073974117ad1ae4d137a4cc,506.000000,9
20,bed1a4346b7d59f5aee21f4f757d208991883c5a62888a4746a5f29670b36aac,550.111111,9
20,fe342f5fa156c833d39e86c8357ab8016b19d2c4fea9dc85da9e180a72a0f4ed,564.444444,9
20,7d64c3616069d8722756f9848d79b8aa99e34278f293b87b4f5bf66dc0b6c8cd,393.111111,9
20,9ca8081a4742206cfaca1c2d1ba1b25e5b33b803fcaecc39839b2eceac40f58c,421.555556,9
20,82fa493446271596f5b438fafd8d5da1d9b3092182a3af26bf0bfe0725940226,416.444444,9
20,434d5415bc073bb363cbf968c2918f3f9c5414ade7dabc5104ca0c7e809c8ff9,320.888889,9
20,d658893f46cb269aa604f727ee04a2fd1a71b8f21d3a543de35614fe87b948ea,452.555556,9
20,16996824910ac7b7739d7c88eef42ed07838632f5dc117fa96141f23b1c2a8dc,452.888889,9
20,3c442ba5161f173f80aaff48fe59216986e0dcd8c335189a30b40fcb7216726e,327.888889,9
20,65c39d612c9f2dc46bb0401bbb7f3f33e4345080aafbddbbb1b4bf544dfff778,362.111111,9
20,d1b9625db75032cf0158082020bdc1fc09abf5cb2ff3ce3f5ed4969701596743,418.777778,9
20,d7de52ecca6551b1489b821ce2784a043ecfb154d598d277feb24ac9127aea80,487.444444,9
20,7df027b87f8a53665d46863fdaacd0a43c049709c747c2c58a2262ff5f089396,452.777778,9
20,a72bd0c2bb68edbfc0905febedc6ba5c581a3429b3805e3604034c6a00cb851e,260.222222,9
20,cce787c0efeadd8f797c2d1bf00ea4ad210c2fa2085ff3195b07137f908478dc,357.111111,9
20,4254e56556384cdcdafa4d1296b5a4800ecf3fb17bc7ba9324a6790ec3b76638,460.666667,9
20,0dc9b0c00aa73c846be783057cb205bc8e9dc600e11339904bc75ce82e1be06d,520.000000,9
20,63e1b76f15780660021ac4caa31df8e39dd607786f3842d6de580e63901e60c3,374.000000,9
20,9399552b6605be92cfb2bc472339913e0827431063e2476a336ed776721ab2de,479.444444,9
20,aa48c26a41a5a458c14dceaad63287389b0efcac4735342284dc038dfce75d90,409.888889,9
20,1e540e45cca52fb93f99178646c54c9f8f8b8960a8f21450e40422882e26cc55,432.777778,9
20,0f4a996ecbd20dd03040f63ac405fb20d84606322a290348b3ad9fd7d5af1e04,437.000000,9
20,a9bec16e80aa5765674211c4b4bf8b4cacad804cde0f60093a479e534a6c3ea0,383.000000,9
20,cf96bd8d92540047f2f209d4598e5eaab6f229d2537e7916b961ecef54136684,358.666667,9
20,d8e1945275130b98cc9f5c57fedda9e69a095f55604d08f6fdab1707b767eae4,393.888889,9
20,646125291afdb9f36f8c895a86263875619535d3e8587907b961b42922f12c86,365.888889,9
20,3dfa068f919114273f400ecd940cf9e90641add41e3ba195f682b92fa5af6c33,537.222222,9
20,906ec686aff513a34bd67a1374ab7bdc80034bf7ad0dcf5fea38ed27125c45ae,424.333333,9
20,95aeb385b197d6bff6e3ea411df5fb12f69db097d5dcf8a46b49c6dbb6b7474b,363.111111,9
20,b9035962b338fa98db27b00c3f4860ca9b0c86475af8db9199d389b95d44ea61,465.555556,9
20,8ffb563845876ba6e06909eb03b695d81cac20cbf86aec4f182c378dfe998c58,362.333333,9
20,3e8075f0721cd9700a89bbb61bf13b23ec045b4c6ba0f91748b152639443251e,540.222222,9
20,1d8c0aefbf603626c5793b8eb39bcbc6187651ca07fc829672c2a310dc9ec664,396.111111,9
20,21c5c7ac3cbd02519e633a7c665ec682b4c8be54b8230ff0fdceddda8a61d34e,424.666667,9
20,66135ac089793afa199c196938a622c439c86fed91131f54c281cfaf475daa51,471.111111,9
20,bcee03bb1fd47e61869e562334d655b835c4e597e7d1c7ec40eb60f42702cd07,394.444444,9
20,fe250b82ce19ec15f9358e8bbb5300ef1494a7aee2842dcca5b5bff9dd93ada9,399.444444,9
20,a68006687f435e0620a238d32db1c4b671244bc5c9b06bae86804f43afbdda4f,299.444444,9
20,86c32a3932bd6ad162737cd566f49d7ef4de2963916b758d2c384f4dbe646658,371.777778,9
20,d8ca9981d9374b1873fceaeee479a44f810528dcfef5f1fa00d6fce47e1625ca,345.777778,9
20,781597e926570327adfda8e7dce23d05f0dce3f40d1341def378d039a56a89a8,407.666667,9
20,a68641bebca76aad43a41b8e74c6b3490c626e6242b1ff4bac04f622e54ac376,398.777778,9
20,f75b5dc4ba2963ee46ef1f49395671abb2f0d2644ecf53e509a5f110b21b2564,405.444444,9
20,a912daa152a8d2d46b5de4f17a45fc3a4925db9c8aa62e9df77e44947b9c93ee,399.000000,9
20,ba2a461ca7ad5db91462cacbe9e5a956cc654631c4dba20166428fd0d3b1620f,359.444444,9
20,c73d00b7fd6fcb15a5c19315df5d54834a84f18b9e84b1036033e35515a56c51,599.000000,9
20,a45dba0784922ca76681d9437d02fe2ae4ce4741025795370cdb42738c5ca232,572.000000,9
20,eea40dfd8958d4b00b10c4f18a6d7b731973d9b0a8b16764681304355f042d7f,427.111111,9
20,fd8b55ccb9953ffa0f3e5ae9ee9b12038394b4e2c4e59d5f55dd76b86ab69b7d,356.333333,9
20,7097cba43ce31961b8ec1a157c4ec9acbffcc37421369faf9806b3136c2c54d0,413.444444,9
20,5dd7808c535ffcf01b19f6e623259dbc7453043e19981c67d363a7ef5b9d0f20,450.111111,9
20,491d74e363c43dccc1a95d3f618d13c30693dbc49abd9d86ad33342a71350157,468.555556,9
20,b6600531e53f8b55a0a31bb7bd51ef0ac097646697381166330b6fdfdfc4c703,486.666667,9
20,e0858445d7e11ed58444eb62e4a8e6e5288f70ddad01e13dbb3a54f6c6f61978,402.444444,9
20,298733b25d0948b4f523806b639fe5dd0c3510ec14e3bda083cf40fdb2081d60,356.222222,9
20,d1a011a3e6f10795ba006e1f0d9669390a0f2233fadbf47b7969627651a9c6a2,364.111111,9
20,dbfb442e91e9fb6909a4ef8f2a3a7de042a66d65a1199d811069e1d0ec92e38b,316.111111,9
20,19043c1291292c53001b1e06796019c336c582568945a921f2ecdfd2190c8106,463.333333,9
20,9d813e2a220a2d7dee9d45fef486d36abc41c01540575a156358ed8c40009425,505.666667,9
20,a4a7a905f0e96f2699c9f316f672cf17fa530a61c2a3de1a07b4c0405e78e546,496.000000,9
20,146ae437b44db70380da6e47931b4fbedbd255664f5e139a6a2bcfbb44e2a01a,360.666667,9
20,9650a9be2d4d0359d7c077e27a4dbf1e3c77b3f4f651524e53a126c8a76d582e,361.666667,9
20,6657675f0861cef635437dfe184ba0b1acb077af01a70be50f93c939d35a249e,393.222222,9
20,a5b4fb4ba30caeaa6948c7d0cf5e2b494d8fee04849586fcf63de919322e44ba,456.444444,9
20,c3668afb1b30c35391239602597f62be1943e84b50c255f955e5bae3578aaeb3,463.222222,9
20,53bb773f31d219c16872e6d8fe9f7f75f81fa917d987c651471ff38b8dd826d2,504.444444,9
20,c27426db66b32afdc8edc8ff3b8dcae7a1182a968e94df2c6429cf3c1586f210,284.333333,9
20,fd565c8c7138b7df792a0b677244c6c3a85039a068e7a0a05d16505d3309bb81,450.222222,9
20,337e7b66c497ac5ce66e389084fe86173b01ac1083a1fbb32190eb0ee2b6ee3c,367.111111,9
20,3d89e143dfe9148f64ea0fb0106ddbcb1a27411648131f7460e5db431a0e9646,412.111111,9
20,07913165b77cc0a4ca474af19a89f69bc81e94d286fb2e026f352160f670f352,337.111111,9
20,60b77dfb5598a358da8f4d9fa5b274801df14ea9969d3180ddb1262d7072e5d8,359.333333,9
20,36cfec1498156f0e2cbeed9bfe3ddc3fa1ce9eba4e562e69a7a5c6d53cdde007,422.111111,9
20,357ce7c36f4d6f5ee0fceaf18186825096baa8bae0c848a5bf92ea2750d6fdfa,340.333333,9
20,170ff9de42d846114bf30663e10e49889d04f769c694a43774ee4ff8f92e5b5e,510.777778,9
20,24e0e7ce7ad4d903903ec006b332bb1d00696325b27a6a53aa83cb7741b7ad5a,351.888889,9
20,7041ad78163a022d55b2b8df0a94b06fa18603ef82e3d86024920faac792608a,311.222222,9
20,653ffd50c62226c3ffc1c1a20afeb7721373d2c4fe977b6140e261ac8b591b8d,534.444444,9
20,8ca6d14b5c6d69a2350fb7ac5717dab1bf5bb87054a73b4610250ff5169d08ad,470.777778,9
20,ac290a062ae48ed5e1e807239d5499646046ea404764c4d117f95ac7ab4dec27,558.444444,9
20,f7a6a62b779c42c2bf984348460391019fbc56e032cf90347a254a5daac810f1,467.888889,9
20,ce622c978a7ca30841d4553de5e96210f93e7cdd1512138642576a90bee72529,427.000000,9
20,626ef147829f18dec7527c21814e66a23ccd65ae426551aa4836b2900af42968,324.777778,9
20,815ea14e72fec6cd8e322cbaa7c047a3648c56fc84b1dea3e99ee83e1c6d4ffa,457.000000,9
20,7e6569add5e6e3ebd1e4d5b17878523b201d198f657b9f9937dc91a9c684ad13,296.111111,9
20,341092d075e851533512bdadd54ee2a6c47d6b01716c1093ebf9a68ad191dd98,339.888889,9
20,d492eb52016f1b423e7161512e774d22e8353279fe3e29eca5e2cbda935ecc96,506.111111,9
20,9c1445d3afb2a2e7ca94cea2cc44bc2ec98642ca1c0104b6aee44c032a1e4d12,353.111111,9
20,00d89c52604f934117ccfb40489d46da84d99810102bfb1f1d323d7ff8be5685,359.555556,9
20,c14c683de1aac5891fe9cd1ae83bb1ab9268208fcbf105d9d3a9cd13370b6cc3,375.222222,9
20,acaad080afd1a6024c722d1089cc7f9779bdf6ebcc0e639709f2774b4f3cf659,351.111111,9
20,23ba58292e9988fed9b90a1c499af965c669062747e5fbb99c27b220fbe5c6cd,415.555556,9
20,5d338f90fdf0c6bfd38b37253433a8589371eedd690795c2f275840dde35c935,323.555556,9
20,0b9b01b11b52c73d9311d724a40bb09536d1180ba896c52e7685e1f016b10973,298.000000,9
20,aa01d27bfbdf77e59ffcdf04a5938bad177709119c220a9dc1d4a686e2c7f07e,385.777778,9
20,b51cff0e872614c1fcd718eb0934195a3d31ec1b10c1db15113705d810d8a5d6,451.777778,9
20,20d36fcb5a8d33e7ea5e596b6ba37a2919617cb6c18336b21822d2d55ea7305d,239.222222,9
20,536c240d39266b6d1f89e29bc3bdae22a07ba45a6ff2dff5b5455d824f239d26,461.777778,9
20,acda1fdfdae4d358767c4ae1cd906bbe4de2a8925c23c0cb97b61760d320a984,349.000000,9
20,28864d8a968879b1fcd0fbb84f9836a99c35131383adc75aefcf89a5ef524bdf,401.222222,9
20,48a5b515a79bbadcf1eba0fc7610f5e64be5e859069e4f49723833e105ded09c,460.555556,9
20,4fe92e08fa902e1ac8cdbd9310c3008649b020fd00af0a59e4b4e8ebc337369a,412.111111,9
20,4d6b8f8c1401dfe265244a5a5f1529c7d71822a3a399ccb122081ef87ed00ece,354.444444,9
20,bc8686f0cdfd9f4ab1a0f10b6981276203d5aea6b437774b55ef05a124bddec7,429.444444,9
20,581276a7826ec6b866b16162651374072bb9858bd26355d7317023e9bf51c099,467.888889,9
20,56ca2e378b61950355eb1a7aa2ae25dcd38f75aa3fe77f9950a7c614ea1abe1c,321.222222,9
20,de266f00ef84eeb8bec6770f6a773e282b7013de2692d1f76a5faa21d54d718a,444.111111,9
20,c4c4d084b02e66e567d775ddac432dd6f2f22b9153bf92ca948539a34abe0f52,414.333333,9
20,93370c6922284bf3c614f5f121fa175ff539a3b0f5b0e3136bed0c9e647d9505,343.666667,9
20,7982ac859f699af8736aa8b5363a4cc40bdfa4fd0367ac10bcba02d78dc28563,267.666667,9
20,2fb0858f21c5f1fe1b5b1bf5197d7b60275189c1109d2d1a0707eeab2372ad8a,456.444444,9
20,b5dd8d5285498d6d9088ba38b9a3fcdc19273dd3f1069f7616310200fdabffa0,364.111111,9
20,94a805f7827f5d8a8929bc56c35d083e92804bd4d59be4ede0cbd5f13f5f2c4b,410.888889,9
20,01d168be60004c09750a0bfd54bddb23bdc2ee0c84c9bddbabbcb520efbb61e1,340.111111,9
20,c447d5afa10eb30daa08d5d55c342e44562664a14b914f5660551210e4ebb2c0,427.222222,9
20,6f43771fca8f5fb62a5f0ce9ac8d677b0f7064d7b78ca913ab0e3ba7263c4e35,573.555556,9
20,ccdc36fe5062416566ebf18b7c42025c90f85e708dedb8d52c5f356dd62baf4c,252.000000,9
20,29512ac234f9a3d5276981ed7598c1f81ffe2425a98c87ce218b9722cb1ccb41,420.777778,9
20,0543a0464dfab2e15ec1969d159de87421ea53fc11892f307598a43e1a811a6b,559.000000,9
20,cd326d42430f9f2d9125d38bcdb7c9b1de7de23441c16f465d91f900368e985e,430.222222,9
20,e273c01dbaba50a0926cc3016ea2dce9b2e6fe308846fd215e8c546777b73f19,554.444444,9
20,37b7b340e44e4108ee04bc239be1a7e33df4d89f9e76ec532ee7eefab0be2b3a,592.444444,9
20,cd5e1e2dd82cb45fdd7c889b7f0af0d4a2e8f273217f7201a5e90441e459e8e7,629.111111,9
20,6a378d70f1e04eff1955a9491acfeacd4ecb50fdbe34e49f0d8f8609772902fa,391.888889,9
20,d0c190cb1a9a187ee1048003be03f0223e8cca8cb0b7644ade770f549cd286cf,362.777778,9
20,b95886cd029b1247edfa02f571f03011216ea34a3daba6b67ea0dd723abd20b8,451.666667,9
20,4158182d3cfe6f0b1dbd2995a762e735a3f4e9a86b8b12ef75d49d4ac32574e3,275.000000,9
20,9b6bf4ec62c8d0d6aae2eb9ef9609d3a0889d9988e0c5d48281b4c3b0c7c6818,319.777778,9
20,9c94fa6c3d074bac96a0f1acc7f6888f22a7b9aa07506e7ba604b3f5cbc74093,413.555556,9
20,e4958d1a919a3810e80e99bf39de5be7b672efda112e1579a0bac81fd6a433c7,447.666667,9
20,5dbdf6e68bd13891e5a543b8c9516da9d3860d3308206d2c4132d671de3bcd0a,459.555556,9
20,abc58f8dbb0814b0e0a68c2738715fa3f2c2c6d5a5227a327e61511e5ecce894,423.333333,9
20,89004463a7c5144505b80412455f4f8f6217c56e988fa55364621a422bc1b372,388.333333,9
20,fef2304b4122037450a2fe1107ca77a805c52105f068e77ade793aadeb91f188,482.333333,9
20,bf8f77edfd8dd44bffd11b5f03fc394674934a80bbace5d7f678fa8aff8f9857,361.111111,9
20,54cc287f0307e113fe0a2c699da66a15c11400b3bba7bb32a9de50807878b67b,380.111111,9
20,ab00fbc0365e2dae970938f40f64b0499d967fa355d3735e4b9f6ebc5ee91b06,327.888889,9
20,60594f756975ddb41a8e152c52b3214e7666264f2dbcd165943750805cf045d3,433.555556,9
20,be600b9fe30ee124ed834e46c2a6f6aee699c3c8e02a1e3d4b55fe9e9e885a69,336.666667,9
20,78efc16e5767ee16af2d38ac419a9875609d8f1cc6f44b152567e230735a99e5,401.666667,9
20,c6e26c612b68942e7977ef0f77f166049a05d212452623c06b5ac55f81a0dd4f,477.000000,9
20,f653c4a48782af2da9aa30710c42eb86f7c7c558bb24953356130d8884eb68a9,344.111111,9
20,22677096d5959a9c1d5945ebc8a3e54d4869bd605d3cbd1975cd5fe902033d6f,366.000000,9
20,cee976b576e877d016f9b7308988083610be8e5ed47e254e376be440aa25d72e,307.333333,9
20,d6b634b8d09e86422777715350c7de5f4d0a5b5bbf5b04d6b4314247ec697238,362.222222,9
20,967d38c270c8b54fe9bc547322ee3bfa5397bb270d7c00c82ee4c2bc27b90480,361.444444,9
20,710e6ab38d211a6e8cc76a9e7971a02ce7076a920c44d1d67978f59d02aa71f1,352.111111,9
20,5bc8586f3b43d2feb3e93b78ea638f992be1641515311851948ec28d26c36138,283.666667,9
20,4fe1843ba9dc0da7a9659a496b5c12a9d44332d447634a6b9ebfb9c1d09d2021,402.666667,9
20,93b0c4ef101094e5bb7eccb450b3eda9f87cfd34b3ddf9e920ac79b4b48d186e,431.666667,9
20,7704efcd141a75ed48b21bc845a13ab6a903a9872b7116d9a4982943d025039e,259.111111,9
20,d581fea39b3eca333ccaa049982d5a9eae431acf9df411a47c49c1014f38947f,526.888889,9
20,604f9a439048333bb40fb6d759a48315ec466e78b23c4cc2ff4fdd48022afc03,581.000000,9
20,a47698cd9a4a07bd785608f47aa256d9c1a55618e6caf8b0455a750161dac1a2,506.333333,9
20,91ba53b953a81df71dd423959d8469a4293648c58c59cf9407edf2d0826684d3,301.555556,9
20,30315fd7d9ff698a4c2de4bceb7408fea4e42fb33bf8300dc486a28696c185c3,510.000000,9
20,3c47a543b6e53013d0295e42a14563e2153826a6aeedc98ffa8a93c9ee0011d5,262.777778,9
20,3f3d5b0daa2b927ec218045d19816638d43ffbc541c7757da2ce2330e1695ed3,371.555556,9
20,6d4cc65d59f793dc23a5d102993261b633332a71d4d50cdbacd5ad3a818c6f0f,395.666667,9
20,593a47afcd64540cbb831754443eaaf172b6c6f521274634e6c450d293a77db0,436.555556,9
20,672d171c1482477df7ab3b0840e5698bda51577fc8c8997fc1b88a407813f808,459.888889,9
20,02abe6988ecbfbb3b97648cfc08edd8f0e0b3bb10a4dbbe0cce8cad1d4b40826,550.777778,9
20,8b5bb5c9fd7ea9efde94c22f0fb2da9b3ec1167397ae66dffbe1fe22ae25d7d8,504.777778,9
20,358fd7fb91a141fd6ae51cf6b5057eb1a83e6020e5fcc45b3cea3468ebad2ae6,352.777778,9
20,1c736be7cc13ac4396501b2f8f34197d795ccadee22afd7d963dc6553a0f2892,369.000000,9
20,19b26a776f3908159c2415daee99ddad57745d8e7ca54b43d7d5b420315538b9,387.222222,9
20,88aecbb1ccc207446fe39bb5c1932aafe7a7e6888dc41737e04ddbbdacfc145b,384.111111,9
20,850f92a51ef523de16f355efcbeb7549a1011300f352e395cfaec80cc7e6e819,557.777778,9
20,b976dc96a3650b4cdb375b56b96d8005c817b2aadd233bee7fa4dbd66306f015,426.333333,9
20,6ddf8f195c371ed9d3ef961edb9cf4f4f871e62a4fd009be3fca9b8d54e5c0e3,372.888889,9
20,a8ed3512f7937769c16e4e5b897621343b362aa3f19dc2bbf249e32ae17c3e61,294.888889,9
20,1107ba5f26898f81bf80da7f9f385641fa322abfdbbf248164cf0aec5eba2a10,405.333333,9
20,d0380893cf47c8465281374632984d1575d8dec92bfe8a29c33ca4af8dace6c2,391.777778,9
20,055d63c6169d77659300960c072b2b7c8c13d25000701ba4bba6f07f983574dd,360.777778,9
20,027e17fc8de4be411c808e1cf03ad452d617c8711bb8f80e4fe8f84677670e7e,377.222222,9
20,ecadd041f42568418d0f6f3ec65db54fa2a0ca70ead755513cd94c20bd962aad,423.777778,9
20,656463f98b729afa3a91a54fae9dd2a1e6032d54a013a08808004a5a28b5765a,448.888889,9
20,47fc46b7d4290546d45bc99dcaea8850694da7947e7298f9dd132d4c917a7aaa,400.444444,9
20,362dee3283fe6af75d9127562b89ce0e8ca3e0aa62cbf5d4cddc561ca54fa2f3,355.444444,9
20,2dbc5b693eb00e8b14028eff4d8c46c881adc016ec43d19d9734ca0f4a279db9,610.444444,9
20,62a0a6080263cef216849dbb101ad389ef851b66b03b7453057f827f71919663,429.444444,9
20,aacbc3c566274bcad5336dc93f433dd161bdc845b3b2f3e29d110bd43a42dc15,383.333333,9
20,ef4a47e6a105c292d21ba716ab61b53aa22c38baacfaf5193b1949d3a975c163,415.333333,9
20,23405e394e8939f9b4901f04de66b42a16a71cf61f5f1e3a72471a41745c8591,443.555556,9
20,653c9df03cf3fab9bf6e388ce7e8ae7f5710e6ec7d1025cac02291138dcd0c96,476.444444,9
20,dc3a02efe5fda2b666b68ffcd773f4e5e7a7c46fcdbca747619557f1dcf35083,371.000000,9
20,7353cfd687c368cf6e999f7e8949858f7da57230769802414807b989092717a8,429.777778,9
20,28ec3673aa756564f62ef5dbd86684d564c4f8558c17d8d71cc98565e6f66ae6,427.777778,9
20,96eaf8c15050e6fcd44713d71843ed7493fb21b4c8553ea073ba8529513b1935,567.000000,9
20,aac9cd5889e03ef35aaec64e821bae3084a6eebea3d5464aa870c865911eea48,474.333333,9
20,2c4e400df9aa4b0c70aea489413d1a41eba24b83926e56c209eaf62dd9a2a35a,487.333333,9
20,ea567ea9f228fef125458690044f2c83ec0a9e7302ea2e439972322671fbeb84,469.333333,9
20,a920cc9ac685c5e24d380155e0eb2798af94d459287436ca157566e448722d0f,339.111111,9
20,e4f534c7b7cededda4240d126f98f39f90a405f6b1f70eecb8e17ae7545c5871,558.777778,9
20,9edf28a5ea3771a0ae0b25f7732563acfcbfa59493995d53e03522762b8eb683,455.888889,9
20,1bc26813165a6b12925f88b36c694861a70f10c8a2e5ebd75336a6e989bf0621,363.888889,9
20,2d35b53f2883e3a2958e9c20cc7d99e0e2ebec18037f69b465861bc43d85c00d,416.555556,9
20,09441086f738588bde8a919fb7073daa9f50bab89b71ee5bd5fa9da9e8245c9e,348.111111,9
20,145366a8030ffd21eae29375672f2bda8e9e575642be35332f53ebefb7c7bbc4,294.777778,9
20,1c03efa04c7575194053110d786991ce8d72d4899695673cb0a8e267ea17b0b2,458.777778,9
20,9e4a90b8510532bb548fdc522c16f0fec11d00b567c1bd468fb9936590d49cf9,202.000000,9
20,0f479e6a985672b8a30b5933ae36a7434450235feb99e941cfa0966bcadbd57c,431.666667,9
20,334b018cd5f3aa3b1caae0fed382fce9b00216a9d71eec1870bdf61afcc9791f,309.888889,9
20,97cd65758c5aaee7dc2ac377fb6d16d7d4162593440dcd8b292299405a749271,433.555556,9
20,5a74b4373fa4bfea0e767b9ef51c56ecaafebe694e921fb25e384ac563022b31,448.555556,9
20,11ee41bb9d4fe37938ba45a94759d9e8f138a5bf4d147d3f60a8e9732d2655a4,433.111111,9
20,cc4dafaa8fbffec9b83d39d66038bcca8625cf802c99983189dfa01dd8fd35e0,514.777778,9
20,5f10ced37f67dd546ab176336428d3e9835d2b14a83a146036f3672e996ded8d,485.333333,9
20,d58dc03236b475953e5e75cbe35f09f9ceaa78b5ebcac2e6840374dd8dd1a001,376.666667,9
20,e095c86640f5af7cd134d34070c116ea5be57832692ffa39a59efd053a1aa500,254.333333,9
20,91c90cbb1c1515389ad17705936cc59845ad1406c919809ee194bdc06644695e,308.444444,9
20,f58eb67f7d572efe5316222a10f2783b7c26b23802e5aebc0f53316c7db06c89,380.666667,9
20,78382f42f7890d7d730420107221e0682dc354b5a5f52c6686ee20e35b55fd34,326.111111,9
20,eee654cfdd8f87fb3c40d7a713d72e370e8fdcf3d6be08868e059620d5cd37bb,329.000000,9
20,f7e7e635fac93083bf5556ec30c053dd1729a058d5aa97ce73a634ca7efc4b4b,345.111111,9
20,70882b2e204c5d8930d7513847689c1eef216e31820eed2b5a6588c6fce0a673,257.777778,9
20,5415427ec62b287e00c8270946920dd60ee1a3158fc0f72fdca5cb5c45fad714,361.888889,9
20,5806ccb4d28dc5c2b482e04e77b29e75123cf4b425330ae0b60204b5bbce1b5a,443.000000,9
20,c119bdea0bbe2ddbe7ec547287975022d00e89cba5e7c9aae2cb1f01a6140675,557.888889,9
20,39eb95c7b2158f20143eb85c221c68b5b80bdbb355d10ccc62d13494ed370783,470.888889,9
20,5c11efa6e8e81723a4b5b375f44eeb45d9a4198bb322851c85b97e6cf63e376c,376.444444,9
20,e459543626cf2a02c6e6e636ce169b81bbf57b83c0a55e4515786dd81ffb0be4,557.222222,9
20,8586de0b8233a24985bd2f875d11b447ed13276d76c7ec5ef7114021ad038c64,576.222222,9
20,c4267f71a2f12b1d89eba3f5d3a1dbd68922191a72c9aee95a3741fd52a5b896,486.222222,9
20,1bd28b2dcfd2c958f6355b597954c002709e029d3785d2d2252e69fd1c615ac4,324.666667,9
20,efdb09b60db5c69c88454f599b73aa7b480116fc7fdc822ae70ea9b84d45f93d,276.777778,9
20,5cf96ee92c4f289334d02315d1bc731311e8afa87751a635bd86a2b129f4e4eb,372.888889,9
20,078877b5d0eb2ebb116bcc88c991f39dd5234878e46d61076f79f0542eb01916,478.555556,9
20,5fb56c6c115abb5d3651bc7bf7ae0ed05d1bf13dec54c39373eeca807930ecce,441.666667,9
20,83982887bd3bea30e82f91dedd53004ab7e19825bbb307ef16064e4fa5fdcef0,455.222222,9
20,ded59b01e96c4e9b089ff0e86dd0ca47c3051196e9dce34d5f11df7a451c1dcf,361.555556,9
20,d27c8748351b4be7b32b8e296ea3a796183e0f0b184881d9ebc9664b307ba077,467.777778,9
20,3915ce80fe4cbf156efb5f192a6f89e32897d28484e380486fb4c8205c3dfe55,443.777778,9
20,717c22af514d42a6fa0e8fa7c6f57b274a29f350c4bd29f5c449491bd84de76c,419.666667,9
20,ba2661c69f85d7a9be242b13c874a370aad8527c5834dffd903289725901d304,385.666667,9
20,f93c628ee3d0621d8d686c6494e536bb671fbe6685461b63be131aebe2d4b8ae,436.666667,9
20,7d4b21a1b6faf5af87b51865d45e250472b265f64479b02f54181b3c06942553,545.000000,9
20,351047d427b6be3dda5ca9e61653420312ca6f218a63f53ff2aec5bb6f58ba42,467.111111,9
20,76440b7e34feeae47fb80f14ee99903f02f8f92275149885ff1d10aba0c40ff5,436.111111,9
20,44322071cdce8989597d3e97dda203391ecc859859520014498448e0ce2ff290,550.333333,9
20,0b98e0d1852a11500e329700b2b9f4834f02ccf081291ab592f220baa03b8e27,572.666667,9
20,fd134aed2426b6e4f2398d8f2cda93deb6c6d8074e1a9d98d6d0b123958cb8b9,486.666667,9
20,495324fad5c72e8cb8bc1c8dd2318caf2cf5664de1ce2f7a69b33baccd6462c9,446.444444,9
20,6bdb1ff04d1e6ee1a7f48754f3ac9acf6e3239bef7d3e8590f446963b326e1f7,432.555556,9
20,a28aa17748237574b80aef4f78bc01d4d5a7838acf9d116a5da2cbcf0d783690,336.111111,9
20,57c5c791214b4cd873fccaafe3b6a01f7d16895e4df1b74a2aa69750daad157b,451.333333,9
20,f2b095c2cdd1eacc58d74510be9d4a1554f2d4fee8bc8abacd314f713db10c45,424.111111,9
20,062ba0dba803288e59776e14dcce07ffd6b9356dc78bbe110adafeb53378e676,408.222222,9
20,05a8fcaef26d00107029fd720a2e4330af1c899d89f88a8ff2474fe7acdb72fb,372.888889,9
20,18659f7d12ecedfca455c7924e0057e132677db7434feced68ff808b8362f7f5,342.888889,9
20,6613b1d2fa9f77a9fe10bdd6cdeb3331bc0eaf33b35333ba64c9e28a60e7250e,433.666667,9
20,094cee4dc90f878105668f9987ad566100d0273f72fb1b0bc2e3582edeff8879,480.666667,9
20,fcc2d3533d85fc0c452e6c0ec1256031a314133055bb9bef5c1cb00155cf6f9e,487.111111,9
20,6563429eb3856f83cac60ae05d92ae082869c875db71c9c9293fa81e21cd042f,388.222222,9
20,96e8651b79d7ae391c3f02d3ef2d429ccf3b37c74e0b9ac0db98b49f69e5da4a,352.222222,9
20,9c7ae5bdc9c951ba07c6f81648be3c2dae7e2f63b8e083b5cdd775c325075bb0,431.666667,9
20,929735936171a282218c2e54184b4555d1442e553549519731662ed37690ead8,418.111111,9
20,baf12dfbadff43a7160b32516f84ede7b3bbe931d84528a83134e37c18063484,380.000000,9
20,fa650a01a0914dc70f3671df6ddd25a69d67ceebc2fef43fc01cacade5c3e940,536.222222,9
20,228a96720c9a91449e5e39166685d01b4ad8123a499b22fad452e95d2732b3b0,558.555556,9
20,18690bee51e50aef91a543f3d63b6d2a1cd529643d9c07ebd0fd96852a76a948,435.888889,9
20,3d4b195ca7fdda7c5ed51dc8f5bf69d99a7645314c3f3791dbdc6e5f711a2ec7,517.222222,9
20,ef33a84de3ac29886205d793897cc63f53d7626545f0f93b6fe6ae973b2ea5ae,429.777778,9
20,4a67cebcfa6506f94cd07d6ade53ffbc57b5251b2123e76298cfcfb32ac07dee,423.111111,9
20,4b91d9a5644b73787eaadf82962e4690e3f194d2f2c2e63b486709612cbf06df,403.000000,9
20,7a62b5b110f93910d2b61d9d856f255d04b21f79189f2d8c20d7909018db7e90,359.777778,9
20,85a6485d5543faf3fb6ffadcda8e6510661eed1e963a0436a0b362e196733ae2,357.000000,9
20,2d7c863cea9bd103edd6753ef3dbf1d06400ea0d3f0dc2df76b131f2660ae13c,414.000000,9
20,f1776a67d24d1216fcd53ed6a2352616dcbeb880d6eacb83b945fed472fb890f,395.666667,9
20,ef2a9c2c01da454e3408ca5d5950b027b2d850b7bc03ae59fc83ebe31f3a1f17,378.555556,9
20,d8667561b9499be99fb328daa1b01d0207101a73951d0af885afd12c681cdcd9,308.333333,9
20,8fc0dc79a793a7d1c1402869bf9479f369b6697aac77a59f2ce0d817689e01a5,412.777778,9
20,f6a616420cdda2705e83cf2528ec310e7f5bf97237bef89ada02eaa4f1e32547,335.333333,9
20,0f3dce4eb818df6f4989adca3592d8b21ce40c52bd2e59879e3c82a70a246399,431.888889,9
20,7e656483d9572622995744042eb54d945634fecbf5afe205af3179ed91b8d9f8,442.111111,9
20,36636a188ab29b1f29ab90cd89da16adcdb93eff62fdd0af3c8e844911a67e27,387.111111,9
20,5c1f0c09bf4b8dfee390974ec7bf6752f8aa0a2777ee89885e00ae67df388e95,401.888889,9
20,dff287451e255f7bea7a253ef5068505e82fad6f37ac7521c8d6fdfd5fb1d808,386.666667,9
20,4a30cd02e90fc45b7ef0a4d13d1deab268f2d83c942744f33b3e6e961979f3fd,435.444444,9
20,966ce27f5c741ce3d0bda434c8e04e4defbc1cac9c1ecee24d5aff6e135303aa,326.222222,9
20,96a4b86d8cab1b1896078b321d37eaa73496321339da521f66b5d3cdeef67ea0,406.000000,9
20,7001d8a3456736a3ab80b1693932cd5b7a0da6054e1a84c5cbef49a7ea51dfbe,438.333333,9
20,f98786d8d9df66eb60582538a2b33b454d9cb1408baeb643c6b7295cbe539b68,352.333333,9
20,9b82c91fff58971397c77abb0213c5478d0cc77930f7f2a475c8aa273f32ebdb,364.222222,9
20,c98e30c711748f41abe675dca68aebd4991d8270df53da2ea865f20d194478ef,287.222222,9
20,a3bb70af5c9b6563a10554285dbb3f7728be7ee85ff49ae890ddc4040436c5b7,401.444444,9
20,f3d4bf5377e46985dc4f8b2cbf12d62a7008cd242057a62c3bf437246654cd2b,370.555556,9
20,7295916059cffda1b517fb4499466aa298baa7f4206b88e7a623fc26ca2b2883,350.222222,9
20,fe271c2ff08bda20fc1314402556a32896b36926f4f621b9f3843145d4ae3e6d,599.555556,9
20,6c98d6509bd9cbf0c1d10d719780475b72be36744f1615daab74e55441d98c1b,501.666667,9
20,1e40bffac1db4905883678d2e7f795b9641723158f5dbdcc14f09485735afcb9,494.666667,9
20,b971199bcff39f5410553f62ab2a60b9d372b8281e66eb5eb3c8cc214d60eb47,610.888889,9
20,aa9889533a37b78f1bc3d94261e6fa2d32ae08cdf9449c4ba884aa21942c1afc,505.777778,9
20,5fbeb9468a44536fe13cd780462046ef37969ca01e64425e0a0cad3272ebd102,378.000000,9
20,df6add49fea1b16a58fbd990cfb5624eeb805f34bad125a74d7fdacb49f6fa1b,344.666667,9
20,c52e3fd08094429d8aec414addee3412d42b94e6362a9206eb209a16a82ea66d,434.555556,9
20,2aa09ab700303247c4be15d1c585a3884fc9467ff0be2d02a9c46657f054dbcc,408.777778,9
20,3445f1865ab3cca1894b14b868459784473cdf177ab15cf3f0a40e3510ac0a43,441.777778,9
20,1f136d72d6f0ab5032a8fe976d81b6806fe4d9e71a38bf01e9da9dae6858d346,472.777778,9
20,0462a3f18ba6dcd02ea003b8532ed67b3e8cec07074a1832cf27be831c8358f3,259.111111,9
20,630736133f75ed8812a93acb7289afcd65255d28e42a99e91b65d4bb57512489,395.888889,9
20,f5f1be93d0c2c825b865b2da91911f8f9c78570f92690a695f6793bdcfcaec50,390.000000,9
20,29ed80f2487bc77b1b3453e4c5fea9c5baf863902ab3fcafd18eb6c1d490295e,361.555556,9
20,9f5d8c43a3b7b98409e00e9bf12819b76eb6a440c26e75eaf678007526de8553,349.888889,9
20,9930ceb60a764c8144c28c057b043801445b52fc8e65b00da875e84535cc0a65,393.555556,9
20,d18dd1fec8b06825171967535a12a18233f3e0ada02d28387a829c727690516a,399.333333,9
20,df11135e7006c33cc61b49a1e98340f627c7d8edc8b14a7f71c32311e1e9eba6,301.222222,9
20,5bf8acc3e14c9c757877bed25f3a8d650bf43f620c39d206bf07e48af0dec3b7,574.777778,9
20,d0341bfb746549b0bd01441ca3a853b33c2ec09524adcccf13f635857b33f608,352.222222,9
20,c295b5bdf3561ea7441f782dc734e49bdd06ee5d745c9ac81d6cd676dd241752,448.888889,9
20,54bdc39cec267cc0c157eae9a4904b75c2b03a80a7a4ed3a6dd5269f29e195c5,415.444444,9
20,ed38e4a1b864220f6e5d6c4e2895ff72cd7216f7c7eb2682ffb19cdbfa708cf5,359.444444,9
20,b3d67fd9931300169c1d8a3d936e08874483114f6fb553134d74a8e6cb549ce9,336.555556,9
20,23c48e3fe3787202a45cafe540a988082eefffc97d65065e38563942f95c3fae,456.666667,9
20,66b7d43493a511e1c2685f011d6cc84886015f17e731e618c51ff0a47ea33fb1,296.222222,9
20,8aaac7a7731aa3ed98bceb9875b89ff86cfdad6c513e550707f9e99022332db9,314.555556,9
20,33dec53a733a2cf5479e9e71a10814b5db14975cdf163c346eb9f7541d29ac2f,377.888889,9
20,b22f8684d8a761f0090d6f8b09b3f08c4493f085ba27daec4e7e915e87387531,350.888889,9
20,bd4068f37d09a9a7e63759214cfe39a9aa0d295676484a440c0351ddf09e37e5,397.888889,9
20,3e8003d42e7ea4893d549570a63da2eaf271a5e68a9a7f397a04ecf369d28912,359.111111,9
20,c3452ea6b9be8b34feec0b527d484bce760b9ba30c2f79d9c0a117f93e365757,378.555556,9
20,c6b86c9c4797fe1000d71bcaca4bc64230025191b83120b2611a6a54c23c2d21,396.666667,9
20,2a068f8ed16c4a29a27ec650346e53dfdb63545b97cc6a2e3f801c7b5e266eb0,481.555556,9
20,3deaea7d3a37c5d7bbfbc2f9f72f0bd86966779dd9c6ab321bdddbbbc2a8448e,389.666667,9
20,23786d86a0096c87c80dc4f7683ee69c1d02ed900bc32e42fcbb5cc0fab14ec9,368.666667,9
20,ff2cc1ac7a03eb3100998b39c8c47e270dc44c5add6de7610ee357cd2159d4d7,276.333333,9
20,a6c3e402602db568adfd7f033623b3febda5307721928f8f1b591187f7c66596,498.000000,9
20,7e41643874336520605d38ae197c3ff5808c7e814651919ec9f089bc918cfd26,332.777778,9
20,e950e598e50ebb4dce17fb23291a57dc5653f2067f1fadc58a4b2b6558196b9c,336.777778,9
20,c6ce1534e50e058c63ed75d4ae2634307f00828c258a0b33051025ffe9a79b77,412.777778,9
20,8f3c45e23438017ef09c45797c09c3c2ee257fb6d739471f53028bddf48e96cf,381.000000,9
20,941239f3c75e18326cb5d49f0066b3c08e0416b850561ab4488c571e7600c9e4,233.000000,9
20,3fd04739bff705ffd22a279ec8c73dd5941f53726f357a508c6b5669dce3476d,373.111111,9
20,8b4966e4d91a0427ab5decdd51823e747eba89e2d5448e83d9d2b08352bbb7ab,281.333333,9
20,d2610e7541ca928ddbfedb1721b9351cf278b087d4d3b2c95eaea6ddacbe85e7,497.777778,9
20,96cb8ca519e2a5057e934f5867357cd1f9596bc91406f51ed02613e0d0f26ec8,357.000000,9
20,3022994213b131421194017d735888c74655f0844f862a773f1ecb015e47882f,253.888889,9
20,343608b99b2fef4e6fad1e03f1a7db6ec9a59ba7efffed0e93dbee9cd45b1a83,503.222222,9
20,1a75df687677f838f9a074ca1b424cd5e3b0fbf02930be1bb29a47c763341324,342.888889,9
20,e5137c9929db0f116e5e0832a90648ad66892ab026025d6fc547fea287680381,333.777778,9
20,7a93733b73ed54146619dad947608be4a484cb81fdbc760f64c66f21db367d5f,333.333333,9
20,b57ed6124101c8a55ce5a477219c800ab4b07ee93f883e7b7c35708bf810290d,398.333333,9
20,f0275bf16582788efc64abe81d696e46daacb0c815790d4c122c76d2a78eb4de,426.111111,9
20,d4b696aae2b08794391c66fa010b6727a68ba0e3f34751ae2f8e96768eacd33e,301.222222,9
20,b94d872a49c6c86e8c679827fdf6500e832184baa3efe039b6b4def4b6919075,329.333333,9
20,d81b1bf13c26690a3f20ed00e5311d2736e16cd0b98c618c8102ceb48e86d74d,505.000000,9
20,d2bffdd1534492a26298975c6e015f031b3bc6290f383fbf7ba97bdf3f99c899,360.777778,9
20,efb5682dc7a6ef95192e3d6640c107c38e7091fc543e7f26529eae121af59e3d,772.777778,9
20,c855c87ff5f187872943409022eb4093d75e40592618cba90cab8eee6495b808,1133.000000,9
20,bfd3a2d17da0c38bb1d7bea3da65944bb1586abdbe64b095c39abfe0dba00152,705.111111,9
20,a74321da9b7c1afe3d78bc0a32be51bcc623dfc51316b7c216001365b25b81d9,653.111111,9
20,32e3e8cf7995b03a61be9f9403a95b2bef47743222b02d53f514792036abe6ca,551.444444,9
20,646cd0dac6f0047b5a3dd9153ea06894a15dc2b24df29e9688968436f63c64a0,456.888889,9
20,1c2539094827d79da0bedbf1a3a509f996a42ec6d62bdad099e7d0324d254a20,647.555556,9
20,04d89dc2ae75d044dcdea70c472cc909d394cbacc2859dc92628bdadb386b33e,520.333333,9
20,f021f43f2912144698f1dca7c721fe4a6b57d563bc77eb058f4b7542307eedb8,440.000000,9
20,8486bba4365f62f0914fdbd803b9f4b8a90e1124f00fee894ee68c1a7b2405a5,376.000000,9
20,ca452f5ea9a36a71667fbb60299bbe23149af9af74eb0de08727fe4ea7adc406,437.222222,9
20,012547edacfe7a0d4a871acc268ecdf5edc78869a8e4bde929e8f80d56a45463,458.111111,9
20,2da7d2d256e83991b4a5a5302c7366fd9d722d8996b86628b0f5f6ecf1b96d99,411.222222,9
20,8fa1ee9c57bcad13505d5f9a1dc04fe987c1a52b37009b6659d5c3a85de1d3b6,384.222222,9
20,3c967452bf898237d14f6b341e69b254f61d6169970739b4b0f30b4ab7846d50,328.555556,9
20,ba90ffb417b6b9ded7467aa8c738761d440294fb27c60822bde61b43e8911727,488.777778,9
20,eb304bcc5efbd812ad0dae5c401db65858b03d35c53b39888471a2b03d2afa42,545.666667,9
20,d62c9f64a63e5716d4beb00db99ec6e0e713805cb811e99717c323a79ab461fa,359.000000,9
20,09a34c55d7e962f3a59246c276e1d456a7f0e9920243e93d1274e9b66047d6ec,351.555556,9
20,857640350416782669b9c5d956d2239272f2eb54752805aad2a954dd6a70c503,402.666667,9
20,88e1eada24c26c20ab24b68b4645727d8db1395efb5a2b39fd77308f81e72110,372.666667,9
20,7e51ff4f9693887f36e85fa33ab5087249e8a84f6b842e3e100bb5bb709b23ba,389.666667,9
20,be06700970528790f83ddc6785ac4df3ad8199482bc2eedc7c4c879bd035c1b9,410.222222,9
20,e764a305b3a9d16bde3ef436460b77a9ce3c8c1800e0341913c5e8383a4580ee,415.125000,8
20,f3d8e2e1be4a8dcab15640edc3d9793996f7b6147d0ce244fd71df972dedb709,606.500000,6
30,4b0a1f97bdc26c5d8ccaf70b7679f2c673b1bb249a2a0aa1544f4e7e559a8d6a,426.200000,10
30,bb57ca64d73c6b1434ac4e886f72f95a2583b87898e67e6444c4cacfd9969ffb,387.800000,10
30,eca8a93192cf3d7100324478fb41ea4939097d11eec28dc152c8799ad26f7d38,484.900000,10
30,fc07e8cb09b499f0a2b44c1dfdbb786929af44a66e591ec124e662690e5be762,494.900000,10
30,12dd7430af5672a12dbf589769a4a56e63e753988db7ce7af6d433d9b904ca66,426.800000,10
30,dc0161002f016d8555c22741691e31ec72a20d1b92917532e405b62ce3d313c8,388.500000,10
30,b60c33bcf730e521b63bbd7e2e2808aeaa1f669a47058f2bacf79e09f44c5b19,379.200000,10
30,d35a09dd9bc069a48f3486bcd62430af9281f9807b96bec2554bdbfdcdc74bcf,301.200000,10
30,80dcbd4f770f0368e7aa92ccb71201f596dbcbeb357b4368f0d1dac14f3f5c12,306.200000,10
30,e64af51495d6964d662da0ea1b4387f2d8a69f5a7a4f4460c2f607caa6f39899,387.400000,10
30,44c9472bb4f23ff171f8194692bb00843dbac916b5ab8c2b5f4e1ee495669c42,432.400000,10
30,47684fb20835cd8bd8227bd1f5f07f90d6171573af011d4dfd9d41e0d5a2908b,442.700000,10
30,921630a33fcea8984a8cffed064507d4b569b04505538a42b7ba9b4a30eb9fcb,317.700000,10
30,002d8c52b120dfc210e65cf7800426daf187196e86d2a78651a494849de294fc,367.800000,10
30,a10602837b1dcd2eec9b8d24dbf10c0caf78ddbd9602124b5ee94f43e05d532e,291.100000,10
30,02f4a119551a50338a4f5c3a70c998b1991715d64cacb280a1e08d6a548372dc,343.200000,10
30,3536d5d64412c3faff021e4382143cae85c192a970d2a907f066b1213faa7f3e,380.000000,10
30,b42f08bba4793afba3348fd7ca7c97d0bd3171aa2c77b05ec60dfc14814ddf2a,490.600000,10
30,00f3ca546eb6ee573a87ac5d81f9ad6ab1b21dd6eb70b280825357b764fe77ff,475.600000,10
30,5b7a64d7ef8e84ba70ab9e9ae76ff5644a3c104a8f56e5ccef18438c240d3035,416.600000,10
30,3f09b59909760ceac66a205d9021df5c9a0f1d1a1b91c0fd23ae5869845b885a,336.700000,10
30,2f7d0bdbd2dc5ccfd6b2b18e8ae4565fae89b14e6de8a24ea86a67e2e8e1f223,371.000000,10
30,b819f2ef02d0c364b7c244869b6da70823a5b4dbf6d670548605ec896f2596ff,432.600000,10
30,c3476f7bbdd349646c443013c152622db2f88eb88544228581f25b7939a4599b,259.800000,10
30,86e35a2eab133802feb547f294646e2bbfe634b70eee4e12807d8a2c0407ba0b,319.300000,10
30,90b79d681ed727de83ce549ed273c8a5e96e51aec15b7dcf8096f15e4ba8dcf2,417.800000,10
30,5175bcdcb43cf45b85b0ee0455dad717490d501c8f032137e2ac5036e2c48b4b,384.900000,10
30,afc4cad923fe548d9e59193e388c0f2a38bc5b711a9a96dc0c1b69a686f3aec1,240.400000,10
30,a6cee23c3296106d7346b434ce220be93f66d8a1dcf8e1d52cee24a57a132112,340.900000,10
30,cd2e00194d257af6e164d7dc238c2b4e7a391d8a8171695fc8ca21ba43b38add,384.900000,10
30,37debda8ddb1e341a9b737704dcf6405c95e3830254281e21040edd12c380aca,410.300000,10
30,dcb50d7243debab920f5891c6f2f3a78e819028c1bef2698b54a9e48dda35e25,372.500000,10
30,fa6e36774871a704c042f49e251d5b52e5f76b2dcc62e0f07bfb2cd55ca18829,311.000000,10
30,cb491ef9d43cc60090a99cf68d0d826d9dcec216f27cea027dd8f7cbdf3f74ee,351.500000,10
30,bb749995e4ce57f86c74f4f92d9d288a01d3321e770dc3e43b8783a9e16f0cb4,357.500000,10
30,89d42eb967dd064666a7840b732a150c955d7518c244fa0566d3dc4b7899907a,390.600000,10
30,2d3bc79f2d432ca293ff57718bee9d0f9f62831870aca0d11e734fbfe739a16a,267.700000,10
30,64e0505c1582288e9317da07f3953cc7c577160fa608f4a30b54a87dcea9ec0f,392.700000,10
30,bbd3b4d0689c4309b8d2159be73ca78cb3393c658a5678ab706c992b91adfad3,296.600000,10
30,5813eaff972c57dd13ac2434751894684615705f4e6655b6818e2592abfb5347,387.200000,10
30,f051cb9ac368ae448704fcfabab06f3e89db2ffadb0bf67e7588184bd3a0498b,311.900000,10
30,aa857049a5ccb2a41995becbf50a5e9419823cbb5c2d7a46b0fbe173b2574eb8,500.300000,10
30,d196359ce93d52bfe5107f066959d3e3ef4893f04bf3e8100fe4961042dfe6a9,299.300000,10
30,6cc1426545d3e4e984b27c94251f53bfd188b5c589650b1fc52d0bcefe05b2db,239.900000,10
30,7962cdf53e6dd2b62824bc7891341fc8a5ece341c170e894b2ad6eaa84ca44ae,293.000000,10
30,f242931269f516bebcc937392e9136396a523b468668598aadef7ebb0a7cf414,280.000000,10
30,016906e27d08793de5194db3cff0cc32205abfe658bd1d5368b3db2b5cf68552,308.900000,10
30,695e72d8d5fe852aaefd3f29ec5d4e71cbdab13bfebc4b1cbf3b3130888bd75b,414.800000,10
30,4138c6b1121b6869fb6225ebe4ca9e95e04bd94cddfc1595fbb92f0879beacf0,373.900000,10
30,58cdfec8fff46a2f6713fa06209cbb78da63a6ef77ae986d4fbc62da5d74c574,289.000000,10
30,50c119a3dee55a68998033afc04a4fcb6563ee12672b6ec5a323b3672a144ac9,422.700000,10
30,43f406f82c218b46990976c85a0327199d481946de6ce45929c352437b25d9fd,556.200000,10
30,b6aa0ecb6e7af46994e24db6b895f6c6c9d1b91b75457d4f88e05997e61710d8,419.400000,10
30,7924f81ced441c46fb869648fd60da7db3b148be4b975f4456792b6e6cfd4fe5,309.300000,10
30,20fc28511cf4d96dc94a8bc6916f08493079ed153ba1f9e26d6771c90abc1c40,568.300000,10
30,211dec33a5eb11d333ef4c66d857ee0d8381e60b0dcfcf337e41ee086527ecd9,398.600000,10
30,2da6d177f148f3986673670bf0a5d7873b88ec5772d29107782db88bcb5e7ff1,482.100000,10
30,2474b3cd18d0e028699511bc4e1b8df0b1aebb3a5ea1050d65137d437256ae67,247.100000,10
30,5e93ae53601794fc5cc7a9af670fa2f41045bd39a7e6461c5b41e2b864025b03,314.300000,10
30,c0d5ff157bf4f4d48c6a60acce36a7e88ffd4d956e06a3bca6020e62c82a9efb,261.900000,10
30,fc036764edb9e2db8078114b795a2f14b0f385af2ef8bcc3c32f4d7251979956,312.000000,10
30,e70a8450e115243319a9bd4cdf63473b8093ed0eada6ab37b8aff82923aa6c14,245.000000,10
30,f6ea29bfa11f13e163d81c2c563b7c952fda536a8baf0018eba41af2834dda78,474.000000,10
30,fc3e8803d91811f42df3ec130bf873e059579e68a5e74e317bce769413272939,438.900000,10
30,c51be608a85e36f241a981714095e1b4cce6860f73a65ab090fca3006a11d981,329.500000,10
30,0a56acb3465d9a6545eece7d73c7cf0ad7159e549055ca2ce78e5ee90bf44982,476.500000,10
30,0d55d67cb78d0bdfadc503d9cc0d2b0e95888d9e22254a4a097aeb48785e839c,417.300000,10
30,483c7d956c68c1891191f4e6995b7d111a28c15b65a88e60ce5d44e4dbfc3319,331.500000,10
30,7da40d1ab6fc5e95729eee50dce942d6bd83d00fe494ff8239090b616678b534,505.400000,10
30,e0dfc2ec3e57ec5923c4992686186a73080b39feceec5b037473cfd03e150f2b,568.200000,10
30,3feed70cc20ca7431035231bbd760fbdbb417c0a1096be9dccc01ea97ffbdb12,246.100000,10
30,4a24158486132514bb3008f59deb611db4623528937a14cad74d7eae57da2461,313.900000,10
30,8a342d91c53300e01a30807cb92faf2f2fa6bcce81e527ed1cf0886bc87647f0,314.900000,10
30,4863f285af2e8993fd52d1162c95ab201341730dad341cd4e52f2c7ccaa0eeca,262.800000,10
30,202e3a17d521f4b53dee546165eb8ba92dca985f9f26d6a12ed5547b8e5bb617,422.200000,10
30,e07d16338ed096d3aff5a1eff8567344262f6919060664c30a1002cdafec3df0,400.900000,10
30,6d735a1a4d51a0b1e2a3b9568b0579b5331a58cc3bec01e3ca371014da702b83,532.300000,10
30,7c24966cad5686626c2ede41987d34e518610a49e81ea3bf33a8ef1227e3ef2b,421.300000,10
30,498770c46adf31e32dcd9377210b65a35770e53aa8e9f5a2b66f09758ff6c315,347.400000,10
30,6052c032f4e2da7805e7d3e12bdc68beccfe85f26f761c61b55b5a638e6dd423,270.200000,10
30,755c8d3b66976519b2a39127823a17b65949a18d03707fdc00e1bb6105f185bb,460.400000,10
30,3a8227fb66ee6db120e5815223a8a2716a65990cbf28319d475b6fa246097201,342.600000,10
30,3026ad13b6fa7603d177db0ca7b253213ea0f120a06226df09d6908fa97da2bf,347.300000,10
30,e3c30b32444819e99182bec49f82541282d9b4bc1bc2328b5b27966d705d1fa3,309.500000,10
30,402e274fe2cff80ea07008ea6d4f47dce0013c7d88b8281d40d581a480824229,301.300000,10
30,db281bb803fa72bcc3a2ed935232f94286292ec2cc0f41f366eb6593d0211d34,378.600000,10
30,3760d799f74be73e88cc464b48677f7c517957bcd99c8575bed6ac726fa3a313,310.400000,10
30,1444241a5dbddb57544e0a4029aca4dcd41e33920170ae55dcf60172ccb663f7,352.600000,10
30,815538e41eed79bbfdd6b674bb6bb1f1972494545696eb8eaa696461fe2ee45a,349.600000,10
30,51a2a255c7c381081320cd9354a89ff321f558964edaafd2e04928192f79a3ef,428.400000,10
30,8c893cc683fadb28effea749c578b004c91e79f451057846c949d4e28843440b,378.000000,10
30,77b97129720b1e8e7286d226a79015d3b9363a6bb86c7d3e8470c5d11d3ad8ee,452.100000,10
30,fc62ca48f83959e815effbdf0ba20918c34bc6472b9348593630ab74acb3acfa,359.600000,10
30,aad5af263cf8167e1cea4c70f1e46dd1ab4bce5594ed73fa27bc750774be6bd1,467.800000,10
30,5ac13c7e65b2c964e2af1175326f6eea5c73be25d0545c53481526cf6de6a5d0,341.800000,10
30,53b30fc02067c0ad9e6963a14ee70462e3f260f8e7c33029bbb8ffa0a790e242,279.900000,10
30,116e176db8d16cd578a073c8a406453022fc0a8e02a054b1adf6053615e0aaaa,446.900000,10
30,9f16d9bb3d89e9a7eff0cf761c120b311a4bf6b5d037b10302a00b7c0e60bd85,349.200000,10
30,80966825062761d3b63a29440cede8668a8ed60ef4420a6b80a30060d97b326b,340.800000,10
30,a990d4c49d472d2d98b028d1cd022cedc1e4f1e9a55c53fa3e36d698772c24ca,439.300000,10
30,6a62236406fe2a8f47cd7b4fc79633ad608f4d6527fd3c57539579a01d140737,362.900000,10
30,f133531845ba655f04375c29831a74146384de0e3b3d409dbd69621fd65ccc57,349.900000,10
30,8966d478568e6883885768608c66c926d579cbfacb4b1071d1cdb04bc4e76237,389.200000,10
30,249d0888c131031070c2f8ede816ff25dfbdc67b283b7e438c8056bf47b7e4cc,343.400000,10
30,014cdddf345805f005845d85b0f92ed2c55f9972946652ad0430d97c00b9c133,326.700000,10
30,e151c76c2fb33a7abb2f06409d67eff83714b413975a89b540d4ae8169ae5d8f,360.900000,10
30,0b53052b9caf91810c07ac671abf5c79f268aa11dce6ec2a42c3ac98f074e682,460.400000,10
30,75313a9416d23ef57c0d1349243ba58f07d67661846db0475c3d3524e340bbd6,409.100000,10
30,aebf557e4580576c0787db42b966d1fd2f0d116d40d3391f8d544848867c9f00,332.200000,10
30,3fffd4a44cc7a461eb8e95098ad2d58ad03db4add1183d858215db24b20f5614,280.400000,10
30,d4434e4f851f9a5a5ee1ee32448e85c46d39a69c2327961a10047eb917010fd0,416.700000,10
30,a221bc90f6bf97eee608aa66dfafe676eac772fcbc411a807714a9d8d648e440,395.100000,10
30,a38ba07ffeddbfcb46dc62a2833cc405b5136ceb2414a29a702746b71f7f2c95,211.900000,10
30,eaa2384b1b7c9ef6339d0278c3175f755892a871311f483bce79f586908a8d9d,300.300000,10
30,9692c481cac35023c486c1481e313706bb1248d003d63c3b67ed287f4b4582b1,262.700000,10
30,e2bcb031201dcbe6617d081f3d16661a431eb868247bb0127d7e3d43006258d9,455.600000,10
30,f2843d293bf7ac3030dd15c892bc06c6cd6defc2c7dc1bf1eea2e58876a7fe1c,548.300000,10
30,ae445770d1367ab9b4a7424b839a82a1d4d50397fcbd8f256ed9197c84fc5c69,371.300000,10
30,c03ae21dca7fb351565f0b7d1159e8314e3154d5f51208befb45aeced4d803df,329.000000,10
30,ec077500da31c10ccf2206e0006857dc0fc866f81a1d560e098f8a98ac1c6085,446.700000,10
30,659c207cdd17a903e9405fdb3c09fd7c16234e4ceb68016d50078b67b0e630e9,333.500000,10
30,8680be954f770204179ce1fd7ed31349ab42b9d44634afd07cd60064cca39f3a,501.800000,10
30,df93daf532382497cc7ed64d2687343eb8ad2789e0e631534cdb878a7076f5b4,388.900000,10
30,fda9166938adba2c42855956d45d516fd58f8acde54f1a029a100beeeaaf28b4,274.500000,10
30,752f7fdc4ea469efbd4afc73cee3cc7e6e8b08981d0c4daafa05c1948446a0fc,290.500000,10
30,cfd0da1ae158c7f22e3863456f63018c24de993088c1f069523f8a3e7987a109,363.200000,10
30,8d276ca5a2897978e6c27f32fb54a04e15930210ad9f323bff81190d1ec6b43f,491.100000,10
30,2477b844761df36714dfca640c44d4866ef1514a52d090680fe3a2245fea1c73,400.300000,10
30,585664930a917c0856833ec92c570ccdfb23414506cf3ca9d8625544c1ff0a3b,586.300000,10
30,11946b68491e30a8340c1ee99a5ab42459224c193b15fd76483e0d5f9f1921f0,329.100000,10
30,1db2db30cd475f1b6a8c847aebf868f650a53761f3f71175ffdf7b05a9b4b9e5,337.900000,10
30,f81d1d42c0f18909b61eca46682a5f3d3411854596b4df2bab0ec28e9a8e5f24,375.600000,10
30,f837c2a26afd0db224703b3d45eb84b28b7ba23deb40f3af2afcfb98519c1e63,352.900000,10
30,05075af239ad8d08567b28cff07eaf8c4236ee0102f0e610122f785d31e5aff6,406.900000,10
30,625827a5f0d099e14ba63f524d5257f99510f74853149269f300a808d286568a,398.900000,10
30,7753d9aec26e33b281fc987b8689a300fb9e6aa527e9e68b67d2d0e461a009c5,377.700000,10
30,ade2f7e912e480699d919452826ec05d3c446bd0d14da2a6c58fe06a43ba2659,306.100000,10
30,159f5c9fac516490f5dda4c3e50e419a499b6bb33516cf75aa39dd2ccc835477,309.200000,10
30,06cb58d3cb7ab864c0c63585b076d7d98e1a0dfdad9c22762d7463dc754b2754,354.100000,10
30,ae82bbb1ba675280e56666cc2de5f9eb9f87a58b392a918ce6f8c1f58605d778,304.200000,10
30,ffabf079cfa597a80cc7b2809eb61257770904cbe637755c453b769c852aa12e,461.800000,10
30,65e6162907e95e3c2af47ceb715c767b6aa3717204ca65ba109c0bed16586ec8,440.300000,10
30,257c7758c826dcb89227c80b58740d8397eaa20810dfb3739be1dfbbb54eb163,321.200000,10
30,b7fc47dfd56ca2f7bd2d3d3af661b3a49bd18e58c4f9b2998b3ae7d548ca00e2,342.300000,10
30,b71d48cf20204a7ad60e587ed4a1298dd47cde4a8c87a560033bb8cc506f838e,469.900000,10
30,aba565ecd53e4d437c5fa9375c76e549bcc701decf2e9f3a325b58bebaa036b2,348.900000,10
30,5fcbfb79a0ee7a47c3d213dd8735d20d3adbbfbc6088234d8dba236183f8db4a,356.600000,10
30,c908e66aff81eb72a07662b8cd8af61f2e185c9cabb593d904a5a34f2a5d7701,466.300000,10
30,220fe4ddd289fe92bf3348df42e6c9ffe7900eaa06e267dff017f981340a3ba4,391.300000,10
30,408cf634e5e49e7e03b238b3189feb8315d9729a4b8bf8eddb9a0660e95589c4,438.600000,10
30,8c266e51501091dd7f0515d80ac53e084d00d96025f4325203c6942409358e7e,359.800000,10
30,3eed96baba191094d80fd35475afd41768ea47bb537b83516634581ad16163fc,231.000000,10
30,a440484d39c53d0af0758a809889aba938813c919be9c5bcc85cbc8d5f612223,308.700000,10
30,71513ac185398c1cc5bd21a9287578f11cab64534b19100826291c4b7c63ef26,359.600000,10
30,5729e633d5de0a08181ddc7015f10dc42691eb3203a585b7cda5096912c7522a,403.800000,10
30,2d9c37c84068120d55ffffa75d83e24e8486be6917ffbec8998474079217000c,401.800000,10
30,6b879ffd4f44dc1c7a53e0136cc2200b64fb41ce718b325384072f5419ebc0fb,406.700000,10
30,9f8696adda6e02b76d05568df8aebdef2cbbc1bf97cee7cba46a067b31aa0187,340.400000,10
30,d9edd73c3fd75ac521a1a139a2355ae6c80bcba7e05c8f5c5a99d9f618614904,528.900000,10
30,e162ceec19f83bfbf21010fa40a2559e50b63a558a922c53702521ac204745ec,358.600000,10
30,d55f82308a6eded9a2001c4982598af98e6ec80eeba0cfd156a82112af48330a,427.200000,10
30,814d62f09cf40e443f49ce235962f98766603d3ef7aa72af4982118ad5ccd42e,469.800000,10
30,ec0785652c2e4e3482ab20116df61d5957070856d9130cd396972972dc39ff30,432.400000,10
30,64cde0ba71e9862a022452b4d1a945752d414208582e34eeca241149221e3603,552.600000,10
30,82de99813c645578d52610063d42eb948db41d1a2ee2a5fc041af94d588e072e,395.600000,10
30,63a85841ea6f9ef0a6993f0832f0b964b4a8fcc6355dea4b99a701bcefaa72be,397.800000,10
30,1647b22f1c9dd0bf2851d72ef64927041a7f2113f64345d37bbe90ca349bb468,395.000000,10
30,987af55efc3a68b97a69d59efe4fd56ec5d914fddb484b654762b74d287c0ee4,568.800000,10
30,f2cbf7e29937ff2957fe3f1fe56e0de6522dc6136e9e67e3e020c6be7ece3b40,355.100000,10
30,0ead2e7584f5f22315bb7ef0b65bc976a8dccd4b3f935193d2f83325180ee863,337.600000,10
30,20d33be1cff1162dea2258c1158ad4b256a42e50bbc42b2b1ba56da6a73c4b19,450.600000,10
30,837e6ce9bc2dedc4a175b0308214cbab626f35bb8bdd62faf33f8800c3b75e49,330.300000,10
30,95ba422a2836db359ce923443a459e6474fd1a6121092e02af9ab6b9e14a36e3,389.100000,10
30,47e774bcefe945dbefe1c72e4772dff0226ae29e4ea721c0082bf43c217140ad,314.200000,10
30,91d027710111b65d902e88c8d6d5d993e43ebd2b29c62fd76093d04b6ace3fc4,439.300000,10
30,568621b077c341fec0b46fd4e20e600511c9dac694ff553762698b436f554e43,490.000000,10
30,b00b9f79e91d9f6089b33a8def5121803ea858f0276e445d4b3ccc8fb8887304,378.000000,10
30,715b1ef22601e674583cd39526cf68e9f6678fae4e6abc97aa5602d5127deb5a,284.000000,10
30,971862674b0e4ba077e2470aee4ef5f54778a0ca7511899f95e8abc1a5af193c,423.500000,10
30,d0d7a418922be9c2b8bb65fe4570e0bcf93bc5db31ff2e772213f4ec50f68e20,436.800000,10
30,227f3de61c333f68b9e3ac3f4e9b2e0ea1c37d57ce1e118b66bc843871c56e7f,311.700000,10
30,a6e6b73a3ad951dd075a216ca7e733f441e2d72a509d4644fc168c92d07666ef,320.500000,10
30,14a4acbfe1f783c379203b54dd750d390eb5b7a169dbf5265acfe24033102c3e,464.000000,10
30,5f77ed1021c61e158f0958cf6110fc34e67c475af49a00639b66c844640e0649,386.500000,10
30,cd99a1a5b18eb1c6b54b5d9cf9907a6f3f7c95f6caf74d2218a03c6759ecb283,369.000000,10
30,9307ebeed25b31191659ed0a8e67965f7f8d846389844f59e5d3a85e9e98b405,406.300000,10
30,8dc7c1ed04052e2ad63bf3ac5516c2288b617366de76c38fd2d2f26ca93579c5,384.800000,10
30,1591b4650c7113954d91e6c41cac2ece15d45610ea14b548832fa7649d58242b,338.300000,10
30,bd2139bb2172befa293a9ffd7da06e679058d61afd95b3c95ec062b06adffc21,333.800000,10
30,c723a21a95d947f7a968fa3b6c2decdb8084ddf7ae0927dacbe5e31325793e2c,415.200000,10
30,38ec1e903ee5222781a7cd1f9d136d98f769cfec93c4b240cfa88277f82d078a,439.000000,10
30,d8a4aafb4651d72bde3bd4f6a1d50428cbed69cc9434c4af47c45086b510e9ed,512.200000,10
30,4b00ab5598101a30656e43281fc53ae4cf9077ed2196586dc9a8b7d329d667b0,399.400000,10
30,58d9ae06e37694b753228268a05790eaf338186c139842bb806b045016efb286,517.700000,10
30,68adef857ba79cac0cdc975d30139f6043f77983547300aaca3f451b76a33766,589.000000,10
30,e635cb10ecd8d7a4ed1df16ddb951ef8663e00737eca3a6c04caf23debf27443,567.800000,10
30,b1dd65e2b651ea8a3df8ee6e4181ea8a4ecd69f6b467dd3dc004b1a491cfc158,573.000000,10
30,1a849941daa50eea8510e54f90de2b995bacd644f55c8e4eaac17bdb566c4f5e,363.800000,10
30,b28161561c3b5381134ff6831ffb6f14077526df3c9a15a7a592a8c7f73408d6,569.300000,10
30,50f8f30fb84ef6b86edf7aa50df8ba21168cad794e4820e54863ffc196aa7772,513.600000,10
30,e20e89a753ad519df30f4c791dd664b8962353996e477763620c90cd8524f2cb,557.900000,10
30,b70ffb4dd5e3773ea7d440a38f86557a7f0749119148d7e192b508850be1ee1e,451.300000,10
30,269129fbcc5bc0bee8c7dd68a6db5baa8d79861d85ca075a3acc8f4871c3b0d4,577.700000,10
30,e459194a7097d979f05f7840b11f3f821a34bc1783585a8b1719511a2873d933,440.700000,10
30,5232dc60444e4528e43fe9435ac5ab3ce28cc7189c7d4aded012bb569cbb4a90,497.500000,10
30,65a169a09cee0d8ea3e6ec9b8d4edf17d8ac2a549b33baafed2308cc443316e2,533.900000,10
30,d487ac6c5e401101164d30477f85f2df38da5dcd7f76b0881fb20389cc084d0b,500.700000,10
30,4b69c4b7c823eb4d5b6dc5bd11a989efa95577d6d781ff2aeea41fdd1a2fb52a,371.200000,10
30,d99f904ec812000365c686782912f0227ef82953959bca66193a3dfccdbe3205,338.800000,10
30,7ebb2f4b14c192fa982c7a2b4f0053f2cd94816c056b11397a1258a59d73cece,522.300000,10
30,3d46fa75f27106bbf48ecfd3a5e8b4bf5741f61d89fa9fc4e05aae386da38c75,498.300000,10
30,5ecc6beb2ec415c5b24c9f9364bde37cbd481a4199be59d8f6b842989fe0992c,401.500000,10
30,58100a961febb96f3e9f2964d6f6642022b9386d6e73512cbfb17f4682052dee,320.900000,10
30,3b04af07007c2143988aa37156be44d902a7d6df39eadf72c11c9562b356305f,383.300000,10
30,ea975841f4255790e2922714b963838d0109d3c9fd1b90ff86610604fc5d8204,334.600000,10
30,95d1842efcfeae648b2dd8cce899e1a5c8a418f4e65e6b4374788c83ed751a49,433.900000,10
30,a828917c75cf5dacb221017bba800db5bef26b2491a548a01b9bd3df7106a54d,355.600000,10
30,5868511a9bfa23a56a5c08a9820be91e8fa3531fe3c14fe814430196425c68db,423.600000,10
30,4eb54b233eb0fcf660ee9c9b7fa38d35f62d38700987772f10b481325077b2bf,389.300000,10
30,0b9713beaed8a1c4b747d47548e9507663412007470714c778acc456166252fc,307.400000,10
30,ab4b4d1b44aaddb05aec588b5ce071477726caead157f4ea43fe4d871e8706a4,397.300000,10
30,2ad18bcd8b4b44cd5cff37fc2022ffa8c35c53c89f513e46c36287de3da44319,355.400000,10
30,6f9112a83cf6ca4c1430733ad45d0e60a555eed40d17ffb2597664c7e087d10c,555.300000,10
30,a7930726502a4fda3d2725d68abd4f1fdf3f38ef97ae759250171edcd476e90f,457.900000,10
30,dead54e79190357c4584d466eee414ecf8ffb3c2cc0c68a95334b71013950e19,628.900000,10
30,9b2c30a8cd5d80fd4e02b899efd234f5e25bd1cca5b2baddfd8c3c5c98011387,1539.900000,10
30,080d0191ff32adea9ced79d616626bf38c07eaab69cb19ff91dff09f42a50151,1759.400000,10
30,a58cf45de977c24c1c9c9e6aee1be3178df98d94b256f9512db964b20084452f,761.200000,10
30,355ba957ad018a7da6f2108babe325fdc2ab3d0151c644c6cab853e28c00e550,389.000000,10
30,900661ec69f3b46070840f05ca46a65cc79e8b9a52b22fd898437300ed7e9f7b,325.600000,10
30,c00b6a38667fd51dc03b9e20eb5b72fc0bc82a2b2f7029493182b2a39e509c90,413.300000,10
30,73e8f3a153fe2e82388de47f6b579a18d24fac85925556594ed36d91c9e2e200,351.300000,10
30,a0d510cb77aeae96453893ac9987b0baa03ef983acc30312cc400ff0f57eefb5,336.100000,10
30,c41aa5fed31df816c153a15f3026f50a69c1075824683db855cf81514ea2d7bf,472.200000,10
30,a1faa01d890343d7a0f2e0ff1c704056eb8351909430b54f1cf5054d0c2addc7,333.200000,10
30,f67724e41b54b4646c068746a9441dae51329b2c41a4b7ef23463cde7b1016fd,316.700000,10
30,c60b7939744fad87c555d7cd4dcc948b5a11e294d09b192e541626cb6be107e8,302.400000,10
30,881a0d1bf9bf2a8d42c6a21cfe8db99fbde999b3d5a1c4e08a7148473b08b2a2,354.700000,10
30,8f6778d7b37cdb8c39bb8e384089a34bcb5093770d0c44a5aaa7fa70ba550308,360.300000,10
30,cc54790cae4752fa4f03fe58a5856c4b7266b59aa06b2e6f9542e7cc8523e0f9,397.100000,10
30,0dbd9ea6a8558020d7397b4d40f3184e0639889d08e658602f9505966c2ead1b,492.800000,10
30,e3d0113cc7497c3b734180c799e9874b4606e927469c2f604efafc81f4111fca,292.700000,10
30,3139294bd39c793a5171d158d79c77eb848d2c438ae2e60a52811e2d4bf0a4df,364.100000,10
30,eb782e0320551da5649bebbe2eac074c6dccbb0f831a6982788e574d860c2386,425.800000,10
30,e6915e2135b2cc38014d9ceb1818e9ad8f62e17ad4bd6b2fc4cc221fba35f0bd,392.600000,10
30,9e6d6b50b3a14aeb1b274d4a6a8f1896b7d35620b1119978670d60b2e467664b,243.800000,10
30,0e1ee81d7343f9681f5cbb267893e64598c7ae3b2cb0afa77ea6322b7fa2a517,460.300000,10
30,0e4ce6401a55c60473c5f9fd6d6e682cc20bb4f0f5d6a80b20fb6186916ae540,386.800000,10
30,28e918e569432f01390eaba716bde781c890407f31588a2d0c8d55bf96fa7fb5,437.700000,10
30,26f9cfb931d1b9c85aa79da8fd572278df2bf7bb128498f9ac9851d1b080d4e9,262.700000,10
30,c8743d8fda31882641d156da07253c6a4a51d36edc4cc1da080d73a477708685,456.100000,10
30,036bb80e610c287169a387254746f41f791af42d20ef6acf866690ca980f7623,363.500000,10
30,ef2c4e06ccc6f41cdbc8232b02f3cf26faa5c8c3d1c854d5a771bf532d1eedd2,375.100000,10
30,8982cad54a77e400e54db10367578200ea01e289fbba73771a927cc3b08cb630,384.500000,10
30,56454a6585c8f6ed110657ba27950f16be66476e522b2598cb6b51244f855e94,281.200000,10
30,30fd7bd5c906ad3177ee38071888da93cbc9d592d30769ba3f2af74d4b2284e3,320.500000,10
30,524f4469e8c895bc55b02cdcc70c769a54c88a49e945c341a14142e9a8e3bcfd,332.000000,10
30,62a991be3537fd6b305857a7dc22e00b9e5057bd5bfb990a2af62fa73aff093b,394.200000,10
30,8120ba91b6983d5e1c99ae051bc88b3e1788d533dfb9512cdef5aaa412c35ec1,421.100000,10
30,1d71734905f5b85a68a37d4ef281f6202f92cdbc651647f0c67538a2e2d7113a,251.300000,10
30,3599451868d150a3e043a47446c555aa26352cd93425b08168e16ad890af1939,393.300000,10
30,69d53aa58b70f3a0e4560bd0521a8131f4fc90d851ad1c85a07a32dac0387a17,401.500000,10
30,d81d9b3c2912765cb9053babebba1917307567ebe2a783a4ca8ab8635fcaeb7a,261.100000,10
30,394404eab6eb6300778af70600ab548aad5f711589f47b177cad1a9157bb43c7,253.600000,10
30,b8eaa1757c7f44b811c2bfff494baf4333c5385c99df6f1639eb7f9313556190,398.700000,10
30,cd4e77f0e841bda9512f4d76f99cd66dd4a448c2f22b273dc638c6b3eaae8c2e,317.900000,10
30,2b760eb228d1046743589ca868bc877aab64dbe058c6203233e8051598c15f0e,307.300000,10
30,3839c4e01ec79c6e93fd6919206f715642f72949f84edb139081c7af4eeb2990,287.600000,10
30,4dc1474442d3bb8408eeb4f3d8d343e8c62394667312f971f81e74e063a7eb8a,375.100000,10
30,dd77edb831f58c8a1fcb1fed5c2d1095fb2e2b27d4a2904409bd2f3161eb1f78,295.500000,10
30,29e59ade6c05e5025bd7259ea926944293843ed5f5add4d44d2d62476da600dc,444.200000,10
30,59878816a90d60ab40f6c19e4f499d8606db6258c69e3694e6140330f3f69800,383.100000,10
30,fcebc140a1906b6fd860c42f68c67caab9056be65391fd3a6abfdbacc83f9af1,256.700000,10
30,33e4f894a72d0cfd10c0f890b1a20ff840e104fcb3ddbfcce9d2700deebf8b7d,351.500000,10
30,35e4276ace0dd89c0ab88ee19bbff447b8c08025e5434f06e30b51c670af3821,495.500000,10
30,517131f41a207379ef14945a45ea54882502ae97e07bc68a2a4e4535c2961781,483.500000,10
30,8eee584895b24b71d32757a439e19c1edbb2931b19916c69334b107b6a024a14,418.000000,10
30,89c491d38e956d2cdec1a16d30ab639504f2c4ffa0b1c257d26d60d8ad1ec357,411.900000,10
30,1e7bc83822fa4765b7e2d8dab565b2be4db809b218cac8005be88882689aa30c,338.200000,10
30,9050540d16829a3fa00c82510ea1d987bb8fbd5ecc05c5f78f6d3edb84158bb4,454.200000,10
30,df82df99e645c4ceabcb51c1cb265e061e069802c34cada5bb14a70520dbf239,400.500000,10
30,c1ebcef9e579bfd7f652a837ca8793112115d5be6fe12af79b7949332608683f,367.100000,10
30,6ccbcf16c6d71052f3fab02d3dea8d2baafa7ff171540a82100e2a93ed72a74a,414.000000,10
30,547562e3a6f104529ba4f385591fe56b31b6460663837075b80afd45285b8b63,387.000000,10
30,6937d4fdf7f8c5cc225217c290b80e44d1e15d69caba9d62ad909d5dc0970e22,327.600000,10
30,90629f9eedfe387c92d7e4c2ab358160e0ec406bedfcfac27f41fd8baa87f8da,334.900000,10
30,050f0bd6aee2b40dc42c7146d421a7db9149051b5754ba4d4d8d8b27eedb47c4,498.400000,10
30,e4fa4d1954c68a755a4d1fcc279f53dee46d2ae0c9ca478513b8c1f27655f465,393.400000,10
30,7d6c5a6dcf574a4fa791042dc2fb081a33b3dbbabb396c1324c0882bcfe40de6,490.600000,10
30,e797bce577d5d3df9baaddd00affa01b1acca897efc3d55530af179ceb9411df,306.400000,10
30,c81484e45969ab0abc995ea746b8e2a514bd20d69ba3e985f969ef00bbc26e86,386.700000,10
30,124f90b3f57060e66892149f7a7351ea073ff2729a3463ecdcbd18d64c12f683,432.900000,10
30,c34abff312f3040ee6154481307193ed26cdc0c8cbc40eebfd452737291f4524,334.300000,10
30,060d0f545d01fab64524c7247a600afb276bb629283027675ee4160ef6f40d9c,446.700000,10
30,997e4bd843cc3d214ff7b2bcba4ca2117b40cec7cc3b2db54783c12fd00d9b2e,289.400000,10
30,4e61190c7f644bb047c74910ba087a3b9361d98f174c024e5d86769b25d9f032,489.700000,10
30,f80ecdef44bd3acc44a4327f47f6242aa646b8f6323fc6660dffb831667467e4,710.600000,10
30,dc9fc57d74f52f7139aff93ac1afcd7c3bd6f495690392426f98ba0322a6a135,320.600000,10
30,972a49ff4570b8cac02f194681fa08e391ab7f25c886a4bf2850d749045c50cb,299.300000,10
30,7565e7b3b7250f1ccaba5fafe21402b437d3ab7bc1a01a3531e3faf006019518,341.700000,10
30,a896b55dfa801a3f7801a15ed1736b74e7f23786f73ee7b3f1cd11ee40ff69c5,437.800000,10
30,75cd5a523511b0c0efd1da01612ed2170df04798150c5e8921da83a97bf1ea99,381.600000,10
30,072d8e20d80bc3e520a23f004168a92ab5ed728bb364bf397ca6a052b68ffed3,468.000000,10
30,1a0b2c6cb1d1d9e30d15627523edb58d57173e0f1b9ca3f84b5312e04ea4123a,441.900000,10
30,3f8cb39abc87896fffe284fcdc1a5f36f58e9e6b587bc0aa8c63a2603b4cb841,287.800000,10
30,7b2a8f81c9b9c0b2179b678327611fbc80a4192014225c317d651cd3f78e5407,361.400000,10
30,93bd0e62f8a40a3750c35c4c2b730113b08c5e3f33ffa8331d143c89444b54e4,298.900000,10
30,411de9bf4a9a769de9d0f82a393f2ecdea5de387a0c9c29709f0f4e3911e123f,523.700000,10
30,ae9884035b72cd1c5bf8f81d13b02f1ac0d3690c9d145f4f484348c8e2fbadff,395.000000,10
30,baab08abe6befa9e442520e3ae0bb97ab966bdaa3d1f73fd00d09f672240bc8d,319.300000,10
30,5ddcb0ffdd3a8cba7128be2b86b12d651f25a357a362a7060f06c6ad83267dea,423.300000,10
30,c470262eb3724c25536742e0efd9400c84701665ed8a25b582b9481b081c999b,361.800000,10
30,b4fbecedd7ce44ed7b14201ae0a0d1fe67fd618052e71d1513c832df7064218f,304.300000,10
30,5f41c6228a8520b0c13df911c69ad4db285ecdc98fd7e5e19ece747225871115,357.200000,10
30,98f109a2ad22c0d2ff135d8784041f7f1a7292a6142ffb1a868e6ae027b3a073,337.000000,10
30,919884d928f3f091722a9f19dcd27a445da119e24b50f70c4aba2f5cfdc34072,413.000000,10
30,ec807bf4a5e42826dfb414f5b45941ece39d651fdea2edfc0dd637ebc16cf6f9,370.500000,10
30,b27eeac0733d0b87c7e35183c5bc70b34e87395f3a40e6cec51bbc115619c747,308.500000,10
30,5c4173153b7bae5069de77b0fd35deca4d1c789d3636db6e74e022275fdf63c6,391.900000,10
30,e691c3c5ea029c2358921b33dabfcfd324d998dbbafc5972e50d4a5a5e18b3df,480.900000,10
30,786c9cca908589ace107634c649fb8d9864b92110e0e6e084f906a9b0268332b,446.200000,10
30,40b49c876cbd698d5124f90101e08daf8ccd6d9a1a31deac8837169707980200,493.800000,10
30,9fa598af32f406168801ad71b03b3e988152395b231dbbc4e12d49abc904e4cc,450.800000,10
30,3f7dca6ecd66d051f93404f57432256896c95023406e312948761fd80c4728f7,366.400000,10
30,179bd0acb32a0c773d3bc780ad4d6f3afc56a1daf4665c8c8fa90ac386f69136,503.300000,10
30,9dacd6b9e803d9d2c6f9cdf006bb7f67f37ecd3230cc43239a7a4ef6ebfb4f33,404.300000,10
30,f9ea6ca080c7016d11db2b8bc9f6f1bfc676544b7c348e57afe0f0d4259ec6b9,479.800000,10
30,7fe0afeb58d7b7462e60177c70ac543ad78b91a466c142b6bb1ab11f431571ef,334.900000,10
30,5567ffbdc5ee3a239f228e4f5abaa153b28e1ba72181e8cfad0cde62f330bb1f,341.700000,10
30,325ce7affa7e63304477500800e75d3417064aeac37aaea223253e26290bda77,384.100000,10
30,9f9253cec54af3b0f6b0596e5a6cefcc20f4d2c82aa783ce3c7cd022a14fcc4f,431.200000,10
30,83239219efe1c96365dc70e9a7ac153eacc858b94020b58e288e9d5521362bd1,440.300000,10
30,5caeba047006b096208fe75b76f435bec2dcb02524af661a83e84e07ebe12e22,487.400000,10
30,cdf5282e4b9b034fe00c1635d66fe4dc818525adb6fb46436c43c0a0304ae958,567.900000,10
30,d99f585d42b28e3bc6631c1639c4c094738a7f2fd8583b5660e430b8a4d3b9df,377.300000,10
30,7ca8746a631b933df308c4eac2b1d5b54da13318e5689bc9474afc5c5951a935,277.600000,10
30,b8b185fb3de71cc6703d5b238efaf8d9b463315f68b969a90c7f95094c2446da,470.800000,10
30,70b45f5e636bf6443fffd59a22975db46a6f67ce1a0cfd1e29dbc8c79ce7220c,466.600000,10
30,6b38e2329f5b26ef8441831e49dff50654fe85153fe3c92d0c967da74badc5d1,507.500000,10
30,93fe23d92349d5f31293901eca4339266f4463ad1f011ea7bbc5c39539b5f245,388.600000,10
30,fa8dfc2208548a293ef30c1064323dd825e5a7cb90fae15d7f3cbe53080b2bba,312.000000,10
30,0994257d0f8b00ec6f15d5cab38920ecd6b9f2cc6adfb6775c4d6bb4aa13ea3c,373.400000,10
30,f1ee28dd986ece1d4c00603eba878f8f8eff119d959faedd117c29372afd4cf3,445.300000,10
30,1306caa597c4abab90934247947e27ca1a70d7b1a735d7227838b90916b2b6f9,382.700000,10
30,d837d62fa455e0de31f85995a7436c56890396a21c49ee2e76f98d9d3da0b94a,373.100000,10
30,666f97d0a7fdc46402f6d8cc2caff55d9ec86eb1140d014b1c7ec33c7feca654,364.400000,10
30,31fae1bee344c27dc732bbe0e4a01062cd59935a06389f1eda6df8875f95fdbd,327.300000,10
30,2f6baecc485ece5da6ab0bdd4644c5e5ed5c82b24036f1a13a6c1d85b8e26cc1,401.700000,10
30,62b901c326dc78013c4a9cfeac155d611dd711a73c7d4721ffb79d02480778ad,371.500000,10
30,0b9dafead9ce9e8f20ba5fe36956deb8423ca7761ee66ffdeb54a579ec5b9501,425.400000,10
30,679d12a816d34ffedf62421afe0ca28245c9d3dbc3f54e9a20f51ade4371684f,367.400000,10
30,22af3837e9919737cdf925ee1f4b6a82ed431fc0c3420885f5b0e2d29832d839,434.800000,10
30,95014e181a781cc3d8f0ddf223bb020eccce34390048354456a0d70f407be7f3,342.400000,10
30,0de91d59a095c07aeeb85aa8f3a3c8f7147ae240f56a979062f892f2cf7d0ba2,237.700000,10
30,8f099edf52d4978830b1911a62799ec96c1b0a5c12052d0a95fa48684d6faf57,592.000000,10
30,e3afce9d9e7c1486e6b34636a11724a8f26adb8dec4f5102ebc5fdee2ba2755d,238.600000,10
30,89b4b5a9f4a0f3b08f923ae7f21e8023c0284f2e9f6fe9e7613f3e26426a5a50,461.400000,10
30,cddc18af596f5306c9b48758692c154bef0a0c743c717520859ff4482e5dc8c7,393.700000,10
30,5cc89bf598fa124fe8be62a7248a037fd0d8c964ece9780d6b12878a972aa8f2,411.700000,10
30,735f3e8c0bac3942acdd574336286802aae0bb27d9ea3ad4e6227681ecfec375,404.000000,10
30,fb588b4672dca9ec0323834de7aec8aff615eecc41c4c897a93bde2bf3d596e4,354.200000,10
30,35838bd1d92aa3b88406b12c414c9d9642ba53150a4760bbd89d15b22b25bbed,336.900000,10
30,dcde77175d87f60ed39cced684c13e9b4459b19d490d5ae5eae23ac055472589,339.800000,10
30,f082be5d79c0f0f79c86dbbb0a040b320f5eab24bba1666d21fe3e94c22cef01,490.000000,10
30,8c49d87c6818172ed7de73dc3d24a41d0f5dbe57846f2a608c22f07e6fb1b202,376.500000,10
30,2aad3cde772f21d4bb3173ab32d7d889ee57fd6a0fe2ceaa8f2e70031a42e666,442.700000,10
30,9961b19fa51eabc9dfa657a7fd9c6cb00a5b4dd92004f366a3b807bb008d81f2,404.700000,10
30,96edac4b52161f8a82e813177cf0146d1325b65b54511440ccfcbd0aad957898,331.400000,10
30,097d8c483f6abc853ba20e251019ed5059155833656ae91012b480b5d8f22a7a,390.300000,10
30,282205aea98683ad0ab3948fdf58ae283daaba5af41af71d859285d1650ccbf2,466.700000,10
30,32cfabd25ef499d1504c57a00bed55f3d96bc7578b6c325386f8747719927811,452.600000,10
30,f979bee7b173d5a9439182cd4f20133b5df14631cba2d65e70b9e99fc5f29fcb,362.600000,10
30,dce26171875c080ece5312e01b88788c70bc3d7c842bb5b65a6e72b4d936d6dc,260.700000,10
30,78c9af3990a8c14ecf2079dd06767fcc8202b6768c8bb8d0976d302c29a0317b,255.800000,10
30,04a950c0c0d24011ea9c7f7bbc83c89aaebf003f9316987b8ccec74006c42f09,458.000000,10
30,cebbf68f6504471dd233da57276e848da7e6c6d2ca0e3519b005180a1f6f60c6,490.000000,10
30,f551c9d40c06780370f091cfa4f8f1a3ab6cd5fbb4afb7eaac6ca8e724253030,457.300000,10
30,7ed15559d0db7075489cb62518ca9ad8f42775b2225b8b3acb8a848fa642c91b,422.400000,10
30,a8538107d98531218902349e373b0b0e8460e061d72b5e5dce2180e2d65b0150,381.100000,10
30,aa7e75edc830b947e96dc6476614c6b0ec031d31e49033f2159ea07b3d09ba33,447.600000,10
30,b6c9d854babc9460a4076dcfb10fab49fee507e1e78c007f3a342d3eca34f93f,331.500000,10
30,5c2a1c27f906b14602c40400882e26f3555378b71f8fa8d15a66879fe6d22fce,353.300000,10
30,b021c02d5729ca8074b43c2cb0d71236d193077900bbd919dfc421ae2257feef,330.700000,10
30,57071b0c872d09bac90af5506bad24bb9de9d3fdf628d7f55a012d62f8f70a24,409.500000,10
30,7ab73433ac929219fc93bb915be063541a68884a256b489ac9811e443400a899,426.600000,10
30,f39073d2563a052299bff209ec5229a6b825bfb7495ce1e7d7ac9f3320661d42,350.700000,10
30,9efd52bc3b8995419189027ccfe0fbb051da7c5ad01584ffe6ca1ff541be4041,399.800000,10
30,254e4277bb3b1365be77407e513eeae25e4d994def14d66014dedc8122774ff0,339.800000,10
30,73b2162e284a34460556732e601ebc080d6c7a159b7130c7ddb2923d33634abd,367.200000,10
30,ad858516e2da92b37a4147c84cae280f50f193d2fa1e07b33751a0dfe85c8480,491.300000,10
30,b657ca7250b5b726a4f0890a2e45525f61cc850be675f653bfe0d823900b03a3,367.200000,10
30,19adecf2d5e527c2b007e3d3a4d7d4b4ef47fab821b3ef5314839d1432934d28,465.600000,10
30,2f2550fa94a26bd4d7d92be566269a51faae5bc2d7deab77531bde1e5b59e6ed,440.700000,10
30,97852430f90e148d1ac935db51a5bfb10d773f0a3ba825442e4b54c9140765fd,435.700000,10
30,ffa42a197be0e4e6bf12138e46c944b1ae68e87b911dd70f8489f0c5351694b4,427.200000,10
30,e8105708cf5778cf40ab97b8f8a3ed856b7d399ea459cf4266ed0aed21a199fc,382.000000,10
30,bceaa85e7bb7d05540536db1f2100aad5de28f07ab21a79eeef92076a289e7fb,308.000000,10
30,12a336a5d4ceed0081bed953288981994df5d3dd09ba915e10ed6edd0a2ee816,389.900000,10
30,836e0b32ada831fee67b6ed579f7433bc473ffc9c2aa04a99e23bcf099813abe,356.700000,10
30,d1fabdf3839bd38b9f30c841ce198b5d1c719c810f8ea2244c883ef07ee0708a,366.300000,10
30,82a40f5e5e6ab70a1f890ff24b40319cd915cff0ae256744572de91d6d2f08fc,294.500000,10
30,bf63b62c0a550546ff0cd7f71d39f652bb3a8623d7963e0601ebfa1bd1694cc0,328.500000,10
30,95c607e83edb8c033da5f254f3107d6ea24916e6fa4d812ff3d4a0fc5d5b2349,515.300000,10
30,332cc346360ddfa12f821734584c4daac2aade33317e5235593d3beb0fca21dc,462.900000,10
30,36733e60904378c08de068455a4c8e2fcea09ef15723eeb02369ebc7f3216e94,466.600000,10
30,f101fd2d0850618567db65c92d03cac8695107405fe2b27021ff61d9b5f8666f,450.600000,10
30,de586de175b11467f4848fe809c624d744e9e27110a3d4ff149eb0dc8c076dc3,644.100000,10
30,72adcf651907d73f21b03c5312510ed494e88f352c2a43411285515577ca108b,411.000000,10
30,4592e7065df14eb419b560295e92466659515ddfd994b4509e8b1273f8f6d605,467.300000,10
30,6c157337618cde9f3d91077dd171c08b89a1d69422cfec11c25ae8245623d531,421.200000,10
30,b4b5c09f4914cfd412d1ee7319aec68cab0d9b682e5978dac39f11298d173f34,368.200000,10
30,251f47f7bfe5c0f3fdade6e7b92233014699dc18b09f09a129a04f56a7beacae,410.300000,10
30,596b6ace04bd9e8408da18c99261f705a9ea8465e893b9d3d5388c9f0fc5180f,330.100000,10
30,7f5b1ba23146aa3d1c191f96b601a56198694d6ae1f5d2627522089ac2ed318c,464.200000,10
30,f3036c2ba11a4d8a82f765933877da5c7c51ef94487e631379f203054bf2262e,408.200000,10
30,c690dc11f63ad8478b99c9f2ead46ce034bfe8880077cbfe84fb11f68f119a38,300.300000,10
30,5ebcb31ae25f9ab721d69fc67331ca0965663e880666b452f4d341fedeb92c69,386.600000,10
30,e9e3e268919bbd2243d936e77deed5a9e54ef6c6405fa4f73ff7afb19113e823,381.200000,10
30,19fb3947ce6886786bb66242ca6f8041cf8d77eee126d4f06d24f59abc02ade2,430.800000,10
30,dbbf5ea278e420f8a4013ed8010230d2539a63e87867bad97b850930d2dcd48a,420.000000,10
30,8eb860fef0fac3a8baa1d3494aaee33e79090d6988460b0c4a8145f0f992547b,504.000000,10
30,0738d390487c7eff8d6d91b60e496ba19fed0d476a2504ede33c07b239711cc6,468.800000,10
30,97abb8d74def4233dec0d4a0cb2185071b540499937d198025b0493a7941bc7b,341.500000,10
30,8bd529d3b7ed941b4d075b927fbc56e51c1c4363bd3cefb21981dd3b308defee,473.100000,10
30,5b9936d74dd2c22bf9e3aee7c7472094734781b31e702c70a440930f57cc1c20,374.100000,10
30,863e6982578b40509cf9cd12e164cfe9a8829a27755c95b064659ee2c15fff1e,407.600000,10
30,156db0ea7d2ae74332d15a34644d284c89eaf2dbf4ffeee096f35a055ebee1ec,381.500000,10
30,d3440397e192abc41923edb733d4505ddd0aff4d30f86c9f76240819f76275eb,420.900000,10
30,f8838779103c796dc3461c3bf47a209bc79f0a3f9cd475fbd1fc2ea8082962dc,367.900000,10
30,04ae6b9692c201c18812a03a06ae68fb6d58ad67d1f73c71b34133985a0370ee,352.200000,10
30,2a47759fbd73975150933865bef232e526e26456008af3d559c27c64edff5d10,414.100000,10
30,7012450ca246bd828489302d3b812c6349beeef5b384a01f63a4cab87d795d57,323.800000,10
30,3596a58206eae96b7890c3bbcfc3459ee05988247f958f376292aa8f1bb4d987,460.700000,10
30,003cc8a1ba35e2ed6d8789adb823902b64cb30c00e66b614854db2fa4fc01361,487.800000,10
30,565f65e181c7a34185813abd3fc7f7d6036edc0a455ceb03d570b55309bcba75,411.600000,10
30,b7370370b76bcbb2a8dd4a312df9af1c373366a2ca24a0713ef5d8b426d356bc,400.000000,10
30,f84ff950f4fa065dd32b627ab974de27c4571252fbb6c687eb7ee41bc3bd13a0,400.100000,10
30,d84e9d50244ec8a074607610fd054f5be7f1ea80c676467dfb3b1f5eb3769295,442.300000,10
30,289feee1426cb2472ea7f20dd1231c94436983c7e6eac5cfb47157a0915950e7,362.400000,10
30,c294361e0fab6dce484a124131805ff12956f6ac1c979f928eaa1637cbe68163,280.300000,10
30,94380995d90608ee3affefb8b7202a30c4ba368c6d4dfdaba34a4453c89f48b1,341.400000,10
30,96a7f05f34a8394ee28750c7947f731550620a3034405d2bad45fba50a67615b,340.200000,10
30,7c784ebec4e3302dea1aa59a9dd9375654088d12cc3d5eb5ce0d875e76765af0,474.700000,10
30,4253458b5343d1756b9a758c75c6592847f71f329777334ff53239a280b83ae2,455.700000,10
30,970a72857acc42bf8f13d2a1b9a7c05924de6eda3f928f972973b096b67eb713,431.500000,10
30,37d062f1aa418f718290ea14280dbd525cfdfa523b28ef5e11d646ba5f302e4e,429.000000,10
30,cf22ea2a3c8fc4906692f403c0eeadd50fe30d5a0401ded7852030aee84e6e07,377.000000,10
30,73714443d7fb26aea901b5265462493fb3135fd176433ce305c2ad9b4ea1e85a,388.000000,10
30,7f3a236e6b6bb4a1f1cc14b4821e61a527e4e673b7845e2dff1287360322d12b,475.700000,10
30,aae7c0af41175bc9b19945e7284b7674cab925f5854d70113d9bb5ff16b346ea,341.000000,10
30,3f0bf233cff241933a2ab89d875c0f2e6351f96cc421de543d2e865c9bb26772,329.900000,10
30,78fbe5beebb2d18c4103f32791d39a1fc6aebe5959c2b82038f2dc661b9f02f2,334.100000,10
30,e2edfbff9c2401c8ae4fba956ada6c77c538cded2602924a3e5d3ed89f28e884,342.100000,10
30,871c45f0e2fe6553cd73b6a1745a64868f86c19fee3aba82880a9ee33496873f,304.300000,10
30,54f404fda614fc0628c98870dccb10615081cfebe67abdfcaee41d6560aa7d2b,284.600000,10
30,9792b2f43388175a304a49f2b5774f1ca63ab6ec4b5d8d1a3c2e8748db1a4690,305.600000,10
30,a7a687ec4227c8cbc7ebabbace7106ef2bcf8dd988c0ad1498343a7cee69d3c2,425.000000,10
30,bb6910c949450f39ad79c9ead12fd6e8549aa243d6b7d2f417489a32e5cfd897,417.500000,10
30,f8f1ca32f1be18001d1c81a23b4458bc5d3ffc29b3e5534c19f4fd0740f6c432,360.900000,10
30,5433ec3c7cd3c69637394cc4a7f9c39797a69838c04cdd044d0dbe5952f72fbe,387.200000,10
30,947d1850f2c63712c3faf1af4228e84cfa5ca996599c41efef82a5a1deb6a12d,325.500000,10
30,8bbbcada9a788907615a76cc9fd133ff4c1bbe556b28b75bcd06bae430a7c2f4,395.200000,10
30,daa0f0703a29d9595cbcff0fd606e552792c962c3216ccfefd40cd8a50fe3437,313.700000,10
30,9cf188ff2185a9a984f1298c7abdcd70c6f176c18ebb47f0e16bbe013a680fca,278.800000,10
30,8ff94d4236fceca1dc1fbc51715203567341667e0c291a92bb05133c564f9cac,353.600000,10
30,42aa16d95af62738e7c2eccc21cc172f2306d2f50f5c387bf08400f70c632f30,482.200000,10
30,c1162710391a0e1544df5f7a500ccd4c828720257be9a9ec806fede267e43c05,489.700000,10
30,a7ff3eba06eafb937b1317d6ade19661850091631d2365c5766245c8a25f271b,507.400000,10
30,0cba25ec1bf3c956c1abd866704a986cf094e349f8056de8200d89cc0e0e588c,334.400000,10
30,259d2fd02c65f11e0922280e49a0e8dfc9c78b14bb8f338f31aae659a9fd7a33,472.600000,10
30,2354b7f0ec981a54570096114b3e2102a18153c1fe6b7add34da93dc97d0d68d,322.400000,10
30,273a946a4dbd55cb2b62fc58b0ab9d28b1fb7321ed8f5e05eee49a8cb4fb0cc2,360.400000,10
30,5b82712a6fff4184b3e6dce11ac32104acd4ce02d8c8a97586e5170dbfd8f50a,345.500000,10
30,1bf281bd18b546d3ce7fe0839675edf834b8c4d900bc7ac8aad8f9e247e56289,423.500000,10
30,41006dc98787f81b019ec6d5323f0db4dbfd25aecf70365fb9399d636d255409,411.400000,10
30,e3b306d4d8f5a1b5639fc14398e1481f245855bb2bcb567e4b9fdc7b462d28dc,259.400000,10
30,6172c3340ff925815a1612a948c6264778ac02088e845ad8877209ac8bb3605c,445.900000,10
30,215eb951d66c0ca9a1f468ee28aa14ae84e6794635f299239f9c376000e13203,449.000000,10
30,295c062fb928456a1699fa980b3df13705288771a2179fb32ad769df5b29ab6b,283.900000,10
30,db063543ef6956351629f9dce7aa0ea2193adddf5ad66ec539041720eb40f506,368.700000,10
30,ed8b9d5cd13620e075df7fd230cba422d0d551312b39a1bcb8b483d0ed89836c,376.200000,10
30,a945f042323741b1ac8faa816c5d48be1ba7920b041ba026d83e0a862e1161a5,393.600000,10
30,9d1c61082fd521d4c147e35d06e8623876141a000e7d244bb275757126a80764,442.400000,10
30,6f29f500dfbe373cdf47889ac68fbbc4d7e9b203d39f6a6e74557e3dd9c55aac,403.200000,10
30,8e662cc906af62cbca737d0d5054ce3fe3dbe1dff4cbc8f49449a08bafdafdf9,277.000000,10
30,0f437a6a1f01abcd33b79095e75d59a329afcd6cd3bc1006bf7c6e9528f24490,364.400000,10
30,b9b61db7016847729047eac45bf068eedd6f7832617cd0416a62a861499b222b,374.100000,10
30,c6af96b133b43dff68431f070682977f26bc3fbc778060bfcd028115b15f2d14,269.100000,10
30,539d14bb852a278f92598040152e0d87a644775cea5c50f19f4d7ef506766fac,307.700000,10
30,1d08e1ded8e1694f590b29cbe4f403fdac1724b22e24701f8468016fdd65dda5,418.200000,10
30,49994ca2ea8bede646355d99f814e6a88992212884d7b7b4c56360147beacfcd,342.800000,10
30,357bd5070747e5a68993186ce212dd25b89eedb1f3c16f6327f056fe68e7caf7,323.100000,10
30,813e03acbd6e5fa91561ef576ebba29dba80691c895473c117f7e69a9d66da62,372.700000,10
30,eb425a937606b029fa99f2aff6df9b90b06d58b5244e7890d829b962597b45a4,382.000000,10
30,a262f1ad10393543dbd53a3a71cf755bd5f18f7902d35b2fb5191c0ae515d830,480.600000,10
30,8107089aacdcdccfe6ca44adb50ae5aa6739aa7e53fa365c0709fb009e991b6e,428.200000,10
30,6104d1226dac75e9aede12160768b20ad895bcbbefbbedf1094e84936c015be4,240.900000,10
30,9c8c6af5cbca8b7ef20c65f932dfe1e39cd6daf1d330453aa8431cd82af5808c,355.900000,10
30,913c520b661afc63cc04b6d4cc472f9f6ad490939fa086ee4f54940d79c9c757,355.700000,10
30,e8e52ef272388207d45ee8ba8a62c81e12f2025e7860c6181bcfa5ed3e5649fa,489.900000,10
30,702eae0783212878b680b14d9539bdafed35296731abd83d725c1f58d826706d,405.700000,10
30,318b7d0e3f3a77332e69730969bf969436036840ba30dc455a2b7eed224aa295,400.100000,10
30,0369ff3d0bf956752762efbf3efe37daa2401301e695983a1e2576f773759a0a,259.400000,10
30,72b972deb6e8dd319f90e155a7ab8a6c344fff2b16d115afbbbf267fdcea92a9,426.000000,10
30,5041e3056a1e5355291cd4bad567c6026bc21cdbf273e017dba16da1b58675a2,427.500000,10
30,5a08252010f3ea476a6f3d0b455580f02620dedcd7cb7fff1413cc0a46115937,312.100000,10
30,b11c16e2522c23eaf47501a98dd2ad98dae9f9ccf0a3feec7a13c6c448ce7ee9,580.200000,10
30,2223c8fd4ddc917ee21ab4f4c4e7ae3aa4016f9d56cc41bee4f71f52c4ff0a3c,430.000000,10
30,4f9551be984eb825f63d206f0a884841db105f19bb20fba502d373a9c872c617,279.000000,10
30,23d295cf11f127cc4b4c83f9df550ac05f31303ac4cb1c8636e1a1a2bed42bd0,381.400000,10
30,be8433aef4abb7054583cec21ab4bcf3b6dfb6deeb4e8105104d0842895aedef,388.500000,10
30,755885f49a221b982d148460ea3f81844c392db0534c2d61ea10cdd44e22d936,459.600000,10
30,2501d50c114aec917f3aa25edccc1fde6679070bfaffdacab8295032a35e74c6,499.500000,10
30,09025db72846c41d9761af60dcbdd8a5ee8f9e9f538fde473598ad4b9d9b659e,373.700000,10
30,ec40e8d087bd6863c671246a6b83fc4fad7b63c1a676ba530d2a8868ae3a69a9,282.700000,10
30,8837e423535a6e3a421266ed82ff364ebf1c8a335368906d009904ecddd958ce,430.000000,10
30,4dfe76303c8725030f627310e75028f8ced21c0472dee1d94c4a4dbc81b0d07c,359.700000,10
30,774d10b1ed1e75ae5422797ad5a84e421e4b3bf5fd394f750d43262178738728,553.800000,10
30,a364a3679f82aeed7602c153dae1094a79b51199ff350bc194f8b153387582fb,477.600000,10
30,b7b74d86b895c6a98325d21a5ec94f0830e3c3f29951352c82ae6b18dc3eb4dc,496.900000,10
30,7a93d817fe2a97ee4e304e459874461e8b465b6116e21159ece5fe54c459a070,480.900000,10
30,ff6338ae335c173e045d70ea48b05efa429b8a2ab8eeba5de1864847eae6bfc4,500.200000,10
30,1eea49ce0b79ffa16f2fa8873f1e7d8179399e74b04bc84a151d08c1aab58e82,348.600000,10
30,c362da40b7cdb731d739e23dafde67be77d5998f43e5150577777a22f58cda46,311.600000,10
30,471b97c4825fd55873a29f93ddd8afc0bd26c6c09b0888ca3b723771beae54c5,436.800000,10
30,a30f270370fa9273dc423b9113b69e001dfc65c9373d5a39df873387357f8716,353.100000,10
30,a60b80911195b8bb15e7ea3c5bb86135ac498a8a87ef836719bf16f9f765f11d,476.500000,10
30,ff2ffd79e5ee000482499cbc01bc661ac05bf74d8c4ac545dd1bb13f34fc13e4,479.600000,10
30,1e00d36d08d8271b059534a9596a50ed639ef1f84c907bc35020aff906343dad,390.000000,10
30,429ea3cb6d360ea01a198f08f356889d975a93a5cfdfeac3c87910f20ab53518,263.000000,10
30,aa6975848cebca51afb370ba2c2a994756d6c14f91c7c257da2cbd135e6cda2d,398.700000,10
30,a6710ceeff5ae13a305a00e81f03dd18c64fe9a88f3640a00b85a706f163cea2,356.700000,10
30,877f05d43f73102fb004915c7e740467f092a13daef832f63fb4c4aa653849b8,270.700000,10
30,7dfc62f51fc6c6034a98fae027a7a382372334b56870048309a021b6758583ba,396.900000,10
30,9eedff3885657a3ff01d5b695cf3bf5000bd6b343ec9e51dfe3aa86d6d356098,343.900000,10
30,c4553cd032ee677c5edeced50d7636fe70deb5ee1c097510f283b5cb8558139d,297.000000,10
30,4a473d08feb7b748f62a46b7b84c1f57e7a61e14d9249b4512546ad8a84f7e91,261.000000,10
30,3f19e122b3f6a5611bde8281eb007986d5bc388505268aff1e35e7d8018fce62,296.600000,10
30,30fc71fadf2e7a3aa98e99702b48c91be421d45398a8431b5f7102b388c72539,279.900000,10
30,98e14733b6469ce2e22e5be07d9af6fad9cfa3ea1300b02eb2070c81e1a8ecee,416.200000,10
30,6c0a1f5a2bff587de030bb11d0327e8038906576c04fc340cd1121792e46d83f,410.400000,10
30,4282239f8930fcf54a5945006a2c2f51584dc9d3e38c41b249cf0f045714ba71,521.200000,10
30,edf0db70c604de13b39519631ec98f9adfb9eb87f7a81b3c0b4043d1e6ad3a58,460.600000,10
30,9692c539ad8ddee2b7d867e82b1390e861ae49abe07b913a78c4721c643d3969,434.100000,10
30,4fd2de9b98e01c17ba7bbc829ad9d4a85ad2038ecc5c5d60882de085fa7eb042,348.900000,10
30,71d10703d645697fc8368b9f248186a82b29220b0b1935460bb93d15fcd5d31a,368.300000,10
30,727c42e456964d7108452b2e00a2cad8eeedf1987b3d52f70a41f55b6e459cf3,365.300000,10
30,c774fb1effa81c826d2e26fe42f2d69cb56647e5844a0dab7057dc98e95b04de,297.900000,10
30,c7bdb296923c8a402ad202e78b1926bcb4ab2f763259d16d1dc510788f9a75b8,328.700000,10
30,cc290d3cc13583bb47276c3817eb5c7397f1ea3c52eb42442c68a4dc1c108118,396.900000,10
30,c160bc36ed83daee8f225832195f90784eb7271977fcd7dc171643dc482f9d9e,350.600000,10
30,bd4c585f7a579cb9922345345d8a75f20f766c27ad0b7558c3d2e2633c5909c6,313.600000,10
30,32d0a7fad3e8401b978e91b43a3d3eef4c3c5044bdbf852c5457fccc846c373d,329.100000,10
30,c336072e595692bfe74d847779340cd01397ce7756c64bf5aa03c6ceba2aa215,396.600000,10
30,fb092df842bf92c0061f39bfc04f8c96385dc9f4c89cf05ff3ca33a5f7990ed2,404.600000,10
30,8da18fa4b049188bc40c162c645f971e1148d9dfde739cb4c77d8b5a551c95ca,442.700000,10
30,ae3b95c78bc3a1926f3675c060c4480151f21da9da24afbc475aef73cfa86dc5,451.700000,10
30,7fd2897f977c971976dac1a9261ea5a5a4506fa2ee45106e086ba503d58d7f5a,559.900000,10
30,5ad7259c223e936eda4dc5db960fce86636bf7a9a0f26a9d8cc55be687b393a3,418.100000,10
30,51f51460ba195bee09cf6ad78cbb5045e4e65722b2d767022b36861495e5654e,370.200000,10
30,d854dae1b302f0e0bfa903a24b7f6f09461ca72e69daa31b3021b1a25b214163,447.000000,10
30,57c09a97cb25cf9adfdecff1c59a56cefaceed35399055f5fcfbeda6a477d639,522.200000,10
30,1405be827732b0600307b62e7ef11a5dd43a5c65e994efa31d521231a1579f13,407.200000,10
30,59fc2752a098d0327c485e9f87488babddb460aaa19e8387ff6899cc5e3a8edf,304.500000,10
30,d3fe6155b040f6d2e66386b9ff491584189a528f7b9428bd48830489146c134c,527.700000,10
30,78e72d376390c06f115dcd168069f40e52c9ab4933f44eb4f381a7bc01b9da69,312.500000,10
30,88b4ef58df4362029a1c49101a5d26a5d9b94d782c5e4ddf53ee74b15e405fbd,533.800000,10
30,5afe7b43c5984eb4474c5be821678eb104f369b2baae95b2980a6b9688b303d1,350.800000,10
30,d73edd329e71e3fa6cd9c8fcf6d71835a94db1d9d9493630734727dcd9ab89ca,412.000000,10
30,577d2fe2a7f4a196b19137270eec8f888c47e82e2771d28be56433307fc47964,463.300000,10
30,eaac0ed3ce8998e959d8470367c02284c9e4f0e897947993d231d7c274dd578e,359.800000,10
30,36cf9e6f22100540d2fdafa76b2c97b1faa85f10efa33c293e9d54a34472d024,428.500000,10
30,11bfae83b3db48b1a859542262b12157c5fecbdf2a093a8404dcf6fc79025735,322.400000,10
30,c71746b72ca4e1a3b65c631f81679d3f90d451fee88294404f6eaf1358b6574e,525.200000,10
30,7c3fd5170e0b3d625a80eb5319dd131b2be8e86de4bee9a8c21de0544535aad6,439.400000,10
30,f5967bac6e41b33c362c47b707911b895ac4687175ba3c5c1f53ca59c77879d8,323.800000,10
30,ad6724d8b1e1694ec34c225e36be89210d0388ae533472bc1d60a4abf484e0bb,372.700000,10
30,5695c11236ab654418e1b507fe07d0fbb068565f6a396d5a68dd506d8e492a5b,313.300000,10
30,ed10b45c50a04c87abf0367b33e405695a896736bf9365c17e78b2c8d75749b2,371.600000,10
30,6952c4ccb51b38fb54566e29400e877ed9f4a785d1aec835d391c10ce2169542,325.200000,10
30,ebfcb9046a58e216c25b840869e5d65eca6fec4e2fe34f582bb23c8918efea12,434.300000,10
30,4847cbab831234e150ddc5461cfb920695106b32f52d4792831b57f8ad0e4e12,299.300000,10
30,95840823a68e28c9eed6364c439412725aeb267de1576d6fd11a699529881a65,300.300000,10
30,620c623aa85114168f74b96d6d060fd8d1d83d9be59c0852f959c6bdf2ad2890,370.200000,10
30,f333bddb28c02957949d720045f24009a280c76cf53cb8fd7ae320240888b71e,460.100000,10
30,02b2f4af81f582756894fea4f692a2ec0569bf40f5cfe4d91df257ed681c2442,375.900000,10
30,acd361ea4fdc336f2e4400640e66d04e4ce61f456b451142fa76e1ba2ab1961f,465.200000,10
30,26a2fcf50d395ea24e7faf7329a0e3bce6bdc6d9b3c3ee1d176720bc78b72568,314.700000,10
30,8007f0924638a366d1e8eae341845e7636c77edc711bcbce8ae1d12e8ccb0618,265.600000,10
30,6770be7692b3b76bb90c28c634727ff1e41baa504bbfe3eb2236bf8a7e617034,386.100000,10
30,4bdbe9f909c3d2f31ecb85ddd07e3755c5a32fd7576842de931e3c3cae27f67c,354.900000,10
30,a7d76b49a4a2023f27d7961870e9ff4713efbaad592f30ea003cdb84359e9ce7,434.000000,10
30,9943a0389d905d6e783141f9bd29b27cbf809485f29c44cfcf8dd409c3d20203,472.000000,10
30,45e74157bee54d6473e3f729e0523741150e8349ca3a8277424654e1577dff8a,320.500000,10
30,bc8559bcd27e5144221840514fb09c0a2b5cedde65329c6d816b4cd5c618d181,320.400000,10
30,43b44ddef3b09c1586b4e70dc18bfe52db04318d0c7d17e4791c945cb55f9722,481.600000,10
30,6d01cf58a0ee24e448d7143fb1decfdbdc979c7e44651e205922867f4020abde,367.500000,10
30,a4d9353fdcfcc11302dca01c6094b3694c45ed1101be29df2d60d0e7abc9c9d7,257.900000,10
30,fdddbaab4f8ab8f30a940567a999b455f1787049500ca5c9d28bacf9d742a2fa,256.200000,10
30,544da678c4b2b5b851609aa278f305ac9b33ad8bda079a7f1a768e2e8e211b8c,287.300000,10
30,6628565903e2ed73f3374fe67833035189f17d96f5f96c642c64fb275e7b13b3,482.400000,10
30,1231cff54d06f76bdc82319ad5f0ba2618aba4ccac4d3b04e6cf9e85560a92c0,409.200000,10
30,a29cffe7bea03eb1740ddfe6bb11951e60066aa2ad52a39824d5eaaaea71e1ec,323.800000,10
30,b4e0a79d10c89805fe83d20b7360824d70585614bda0d51a10ead7b106a8640c,320.300000,10
30,e1d29971fb81252284c57194ab92698a5796ee750d053a01afad0d8ace267698,328.900000,10
30,f83cf51a0100254772c524649bec368973ab0d7ddc360b63db82ffe395215def,465.200000,10
30,cdedc6f499223f17a6647c6a41ff74045367d20c87f9ca61e7f4269fec78a135,420.800000,10
30,26f268b2f49418e0155f36cb1620add42c1c11e980990eacb9208db7aa484ecc,557.600000,10
30,23053dc07682f9f6b7d738fa80ab07b6ec41fea0c9bd7e0aefc1d4f1c1940b4c,388.800000,10
30,0aab3e2671d17aa4167e08bdec9e13c602a1d5f1260e1d3900f9dbcfc79f2e2d,298.200000,10
30,20e74997230c4ed6945d71f3ea954536c0a5a6a2c9c44b1641065af0f66161e4,382.500000,10
30,336ac5a0bfd90c42b17bc747d53c6b727e2f5be9291729680b0c400f15388443,311.500000,10
30,7ab290f240611bf326e33ff138991cb9e075b9912edb22cf2e8fbe8bf82cd13c,421.100000,10
30,aa722f321e83cfefd38891685dbbf3fab9e1ef98b9ea93e0fa77581d1de093f2,499.100000,10
30,301558415f09ccb2a0da703edaeffe9eb8f833e84252adda35160bd4c4961f06,477.800000,10
30,497c64898cc6101ca2981aab1f898ce95df005b50a8ffdd1b90642f781c67395,342.300000,10
30,9013646808862a5af3caa1338a71b45a12d27162a6e5262955b45eed45bdc9a6,345.100000,10
30,4b315d31863e043e0bcc3fb4ae8a013c4a5a811d89d99d1b78ffc96b5d7aa7f4,452.900000,10
30,901f7b5f89eff6a48c051384fd2bc971f17eeb94c081b750a62b701a04a44527,472.100000,10
30,4168ab1174de38623eb361306c376827e006a33b14e52ced5479be8175d1cdac,281.200000,10
30,2d3091b29c8ec55994baf40c5993666074e827263c03a6249ccf1b80020a8d2b,259.500000,10
30,9b557097156fb66ebac2616a8344165dbb9690bf9bbce5ac0a64acbdc1c28198,335.100000,10
30,2916d92abfd864fee0c7ece09a7e1d69f9a6103a92531f716d57083677bbcb66,443.400000,10
30,7a39dc1b6a6057c9e7634b11acb719955a56c014fe4849fe046df248f0de5eda,412.400000,10
30,d0e5ba54b977faa546bbe56bb4963c6297c007300a4c4bc5b4c8d2d20fb33183,449.700000,10
30,ba28ccfdc3d725a98ea6e71f354591f8aef6b2119b1c0b31115c08f4d7f3ec93,471.400000,10
30,49ba150c4ecf147c25e06f53400c13d77c7e25aaecb9f657f48c2a127cc5a005,328.900000,10
30,22321d04eca517bc5f30531f5ee0134a7a347a049308f4378935df4a3fbda598,525.000000,10
30,ab28465cf5fb2633a32bba0dcf0733191d520e469dde6e6cb64db0c8d8a64b36,376.600000,10
30,647ddf5a9de639db94dcf52108c689c841cbd051557dd4742f313b02e7d5eaab,332.600000,10
30,9980a8c5fad0a477defd0bf9e23dfb254aa656ee5fa78c869e8883c31d957199,412.200000,10
30,fd92a46b1b3a54c828ed97cbb7dfdb644bcf23e040add91eba07d855cd9d6a7b,483.700000,10
30,a2482270e11c6cce383159c32b266a8c43a72825dbbde7048c0a2eb2d9eec45f,360.200000,10
30,dd1cf356f7fc860a016724f57eedf995ddbc9b771dc4c5b391ee99018804b556,379.400000,10
30,9693cbe6950eabe2b20bf35613986d3a331b06e101cb5f1604b57e7787a0090d,361.400000,10
30,f9ebc3e4bbac7c779dce736d5f618c24953e693ada7ca81f2698341ae6ee1fbe,355.300000,10
30,e8a68f47407558378fab7d53fb7d5323ed6f33206607927d954ac7e472295b1a,333.700000,10
30,05e7cc41da874c2a84fd818f5d7e191f5cf07075e45b234fd5070502cf05972f,384.100000,10
30,4bad551c99664666f4d23b99903b35a7cabb1e31aa2b5603602771bf7227d91d,367.000000,10
30,8c7dc49b6d3928d952fd7df2117a5599ff84e8658d257468c1f1c0e830f19743,293.800000,10
30,c35ebdc6f319c92ffb3419e23b302a29baea201b93effcf328ca03d9550bc6d4,237.200000,10
30,a6d598038becc306dead2a92c6734a2da42c16992aa1d8fc0205c8afe5823c8e,435.600000,10
30,595f721ee6185028d94c389bcacb3b46ad679e386ac12746059ad5ab159cfe59,484.200000,10
30,408d829ce8acf26aa02a0404050e7293ea90784b172ea27d60780f4f951ecd2f,434.100000,10
30,ca9ec08baa39248ba6a059541209a4ec1de43f6b4a533139021c9ad739d53d25,336.400000,10
30,1d7e202984c7095b00d18e5046e6199799fa79c80fd0f55a055ba8c28a16e3ac,350.000000,10
30,44f5eb585a398271d21f0157400970861bc5b31dcb1abcf295712af367598275,407.400000,10
30,a3921828484a7d419d547a2640de84a09676c06b99394537bd4d5cc5799b08e4,462.400000,10
30,d07f3a5a63ff02f5137f729a2041c4e58e27dced5d443bdd4d2a0dbbec98235e,482.300000,10
30,17bd14e6ed836ba98cf8964f17b748c4030eff1cedce8a86913851d250cdb4f9,394.100000,10
30,bd00dd1e96a0766af36e5dcd85411f4698284a062c350da2a7f420c3974bd6df,461.300000,10
30,abef76fb0c20040c5b90a12bcdd1b92f21164913c70251cdd1e3a6d7e34b61fc,372.400000,10
30,437ed1e80f460f386f07df76491687af560a693c27ac0f10bf141542bdeecbc7,321.200000,10
30,06fd8496fbba13d37668d831760181720a90076e2da4e29cf8c1aee6fc937958,262.200000,10
30,ceb56ba0201927d6509ef94ca7eef20db1cc6e72e97d56bd7f66cb042bdd23a2,462.100000,10
30,dc0c9c37b6ce6f7921351dbb5336aecfc79b57b2842d42abe6166e534eb14e1e,440.500000,10
30,0f569eebcc032b9b719462dd8dcd099303a845d50a9b96d4b2c8f74573160ea1,444.100000,10
30,f03a6c5123c769cbc796e173bf382587a7d34b39cb982c16dcc2c217c78f6e63,486.500000,10
30,8e06311d2951870c2bcfa719ded5c1cc9442ceeccaa3f00d71a22e31a2ae31aa,348.800000,10
30,76c7a075895755af985b2a47c9df0854cfa291f8413a15a080d2643181cb2476,353.400000,10
30,163bd0db756af64b1dc68fa5e2c91d4e597d89cc9d296b100415dbd3087951d1,387.000000,10
30,9be5cb1418f842a937333a78c315c487fcd2b139410c59842d83cedc98962fd4,376.857143,7
40,8edeff5317ccb7f9e37de9742c800cba68931d263b851e499b99eb7567579f52,337.111111,9
40,7b4d9604fbf72e64a168cc30237e74dcf9d8d78e7f4340d796ce29bcc9f84686,354.111111,9
40,b5f5a1d05f11583d7aee96ef79a2b789f27399d6a8632cd93cc52bc5c7036082,412.111111,9
40,a445ac134d27bf1f8576ada510b9fda4fac4f2e594c87b078a0d90264587dc48,376.222222,9
40,6b1051d1347c2f416748596d7c3c7ebe775dccb6a149e0229c813f3bf8dafeaf,355.222222,9
40,2bffe93b8e14025d47cac5508c111d43a41e28976a407fdfb0957036fa1b84f1,369.777778,9
40,c4dc523136d7cb23d49efa664bdb7b23a69d30244cde5bfeb304f913a68912dd,299.333333,9
40,c6f6a65cf71474f907bcb45b23e9716e3f45eab438f54e4315adbeb3cfbe1631,272.888889,9
40,94173e2f4cd3cc0b45eca810da1b92e51f835b75f4f26d959b56088847a48eb2,422.555556,9
40,a44e7c4ff9d86046778c5d192557589649585e10f0e5cf4ef8686c8049af6919,370.666667,9
40,fe9cbebacc93ff4422f32bedd5f240aab11ae8b7faa589cd1d043a66ec1da1c8,362.222222,9
40,3aad1c230f748500b2586a3c54e89b0dee7582baf38db3d77b1f9b57fd8f1dd4,395.555556,9
40,bd3fb8e69b3e9b6e3e2f2afd8bd16698eb7cf6912658e24a7edebdff8f243aa2,304.555556,9
40,ed44340a9c7a65a54163413bcb1ec11692fb6e9c7564dc7e6ead59a578c19667,292.555556,9
40,f6013ce5eddfeb50eaf1599b17aec0ea026d20eacd8e542886d5de4795ff9bf7,240.222222,9
40,eb13ac0dc14bb6f22e20779f1f8eac5345315a93b56701db9ba9e5c7371f2730,328.555556,9
40,8e2a41b7c28af52f9767738fb4104f50ace74e120034d1327d3978004bc5dfa5,365.000000,9
40,e20015f23e0bd01cbc1118cfe56e7ad4eb5b494fbb6f42dba2410648a5e6347a,353.111111,9
40,5e503857bfa94cdbcbd5d0ce88b2150357ce7d9411f2e98463fa5e6e332afb28,401.666667,9
40,9008c1637f5424b9ed20181ed5f4bc1937dfac4ecae0292ff96064eb57e6be4d,375.555556,9
40,cfa2c7541553e2e63063372777b7588668356cfc95d4495479ed76b33053b2fd,354.333333,9
40,5f0de5f31f8e8b40d7e7613131e27f7c9fdb14d62f1bb4a96b9f0a08ae4c5ae9,494.666667,9
40,29177809a16e126a00b5fab5c719794f45fcaf646b60d4f889ade8b80abee515,415.888889,9
40,9bd76a8927184c5c13833e4503e571085440dc9bdc12f0b9b6728ec83880ba17,355.888889,9
40,ba45514386d876025137fe26f33699304ac8bd3d9147b74fed077d0376684fbd,369.666667,9
40,9694eaa37a0b25f7f8d76f0d4cbbd1210390886780db87eaaef8244ea91216f6,437.444444,9
40,a8cc34971d92a68e37d1cf7d0afc96c8e262ec2030c6afe6d3e5b5b092a58306,448.333333,9
40,03431d000b14a766d5fdc60b72947fa749f02c8ec0e6569d430f7795dd814e87,416.333333,9
40,889dd3af31d78564e1643685f63c10fa7e82e84b8fedbf07d5796a478acf8ee2,351.333333,9
40,8458add8faf31d74ff177f8c79ea26b350e4e78a9885f21bac8be80494da296c,385.333333,9
40,6c3df8f8b9bbbb7f97cd8aa4909dfe4beb0bb43e8f73558c19d56d8e3967873c,448.000000,9
40,33a468bb3692d3e0c3a81302ea11944400e764139d87f68a30796a1d2d787ce7,457.555556,9
40,2f6a15d03ee39e9dbd09d957ed5c152114b65f24c4e067bf39c6767573d4c89d,388.555556,9
40,8151548246dd9fd19fb17f1afafa09eb92deceb0ea118e00c553fd638d922a45,286.666667,9
40,293cac232310950f61363a1ff3c6b0f9bb5ad3add2df562a331da079b43b483c,383.222222,9
40,53e9ef5bb9651aa20883f0f36e6e7cb809b0874d2067c6687fd168dd8c84830d,238.333333,9
40,d8f5eedcbd4308f5e88b179bbb4f6876b887a4970a41cd4d955ff51afb2dc512,528.000000,9
40,e5ff6464460aa5b3e056b790ba5d1b423e0227562cdc687ad152ad24978940bb,431.333333,9
40,9a3219ec72d91f9f326da72878c6f291b26d241acc41219e0fff327f2c30c485,298.777778,9
40,13ff29aee60d1905efabba912b496887dc8bec9da84b66d49f4b94acc388e31f,290.333333,9
40,575665952112c9a4e41b4994ec996d510b46cdab9588980d89b9f49cfb2ea2d3,460.777778,9
40,5dae964d4d8fd7768d4904201060399840176826d24c3e5dec416f5d38f1836f,438.111111,9
40,7b3a2e965bd41eae223baaa17724da02226860204de16eff20447b98d47cc823,377.333333,9
40,b9ee5ca44515090dc639603a2551ff86c50cd58cf4a408bd51da6b85b571302e,337.333333,9
40,ca0bb0ce350f7ca41b3f7705a8dd25f67403beb6eb1a4da7619b2fbf93c1f298,394.666667,9
40,217d7e60923e1e5372254adf4001980746bba6124a3ff0fd553aea33d5ed2b6d,427.000000,9
40,41b809ca8432d7be29c3bf5e3c1d080508c31a693e7167397a4ace7aeace4e6d,265.000000,9
40,6fd535b30b8d52b02bd99357b2398c42e3cd1442867811f14ed6ee00b6732620,414.111111,9
40,5c29d978caf2bd0ae82b16d3591412c9f779247d6c78664acd01dda84a41658f,304.333333,9
40,e60b6637f73c25f255561b13c0233cf2c88e8902f8ed03d176e8a9b53bf2af04,389.000000,9
40,a69fea02b7b8aa93ef378e57360ee7ab262e8b801b611a32f20f5258165fc370,405.000000,9
40,6173981083ab32aaec0674179d80f457625b5c34b9e3fdf47df1e7666f898d1a,415.222222,9
40,479ec9b78323c59f9222edb4e3ad467f13ae91c000966b769f86afc872957865,378.333333,9
40,632b1f1af62a7f0665fca677c75ddebbac60dc0eecca3ca54d1512e5d82fe683,355.000000,9
40,0300d383dd6f42ac1e325f677903d0c1da1131a8bab311b52db01dac798d3e23,272.888889,9
40,071cf2c799b208ae70938a4c5271562d7b11604112a1c23b7d750ffe6ec39b7b,409.000000,9
40,4c73f817cedf00e097bafd17557f193de0bdbc61b5ba5950cbfb2842eebb79a8,325.444444,9
40,1d700ee9fbc590544bc7664810319c7edaf79a9fcd26e150aa14cdb13735e785,342.222222,9
40,22f7868944c428a29775e1d3c1602815bc6cc1012efe498cd0a6bd1ddb6c5b1f,355.888889,9
40,0641c8b5e3ac63a575ec2d8c44f7bda20f5e7cc9b8f9fa0b408e775cca73ac00,360.111111,9
40,9166145f2f1b05161100f3bf67ff446f1aea68015b89d3fdfd722a8649b25aba,322.333333,9
40,9daac11ee0017b92e6a665e057ec5ac58afdb197638a45f4ae44fa77644d4025,479.444444,9
40,14799e1dde188acbde69fd5fd43326fb49f9c3102e0a34b651bb47e4d58929a4,471.888889,9
40,13765e7332738287b753d470bae09894a665ddf8aeb98bf2e4e681e036daa0da,282.888889,9
40,99870ad9ba978878444c0ba1f8bce73de02a5632450b552637fa2112e52873c9,404.888889,9
40,a0b061ec939be49e612a46818c90022ff1bd0d10e00b75a78fb5790d648ff3e6,373.222222,9
40,f9295855e722f3bee55f38ef1a925a0bbc292b3668c9d821dc7e5343b6d5ab8b,442.444444,9
40,43ebd81a908166be537cde8523838f0a6a8ae20a4b53c84a9e85295702990847,378.777778,9
40,13d112471d2d128bcfd9ed9159ff0851d6e84e8e55cc6c6d490cbd35f4a3301c,256.444444,9
40,7e6fb077c1d517d84f964e74e92b2821afb7d615d5615c6b6c6f7baf56fb7703,354.333333,9
40,eb231b0cebf7a16f7a903af2b9bbcd767faae984dfd384b366809bacf9997686,298.222222,9
40,dce92a6679e2247f0b695877ec34e227b3e493654d1f5eb1ee83ce88cf362540,255.555556,9
40,62e4e618c7a3d04e89c7534552ed1655cbb338f8fbcdcc9ed5853975e965e08f,336.777778,9
40,7ee21aa3a89c51fe0edbc5277625f763f13e75b04445995cf82d8f0f80c00a26,452.666667,9
40,663c7e64527df7a73e59b0eed2d0a1a53d6f896d65b1db07a9ff5c465de7e81d,429.777778,9
40,a8a929e69941b244ce0a9fc269073937bda1b76720a8e33b420df71b3cbf3ee1,360.555556,9
40,ba97b2c7abcd6eea6228b5c5dd970bb3f314754831139d6665f38aed220c956f,332.555556,9
40,94aa54bac4dd76b00c15ddfb27b3e99c43115e6b74cc428b8b7e2eeea4a2b9d0,394.888889,9
40,cafb88dc40db218a4f22f5865d8d8e8cd7c4e61bcb9f914ced164a5d91860be0,282.444444,9
40,6d084fb5fada91a6956445227dcfcef618a17e0660ce41032d6a31ba91f03109,428.777778,9
40,0802b248d42a62739f0ee56b54e81764fd1a5ff8a41d46d04159c70368249a59,363.555556,9
40,e63b97e6a3575fedf7186ba98110feb687b5ab058a37ae0cb852b09418e43ff6,396.888889,9
40,10716e1de5375cd2451f9c0a589f7795c1164b133e4a5587adbf725f646e8ece,388.333333,9
40,ae79ad3cb49e02ebaa4e39b93486ae90423e0104199db96cde6e51cb7eb42da8,408.777778,9
40,2c2cf4e4bcc5337d6758763f26d285f18cc028083acae337e57e7ff6bfa9e70e,281.555556,9
40,cb35c04b44af4a19105e771604839dbb8b8f503d5087e8ea345978188ce39b63,301.444444,9
40,fff0c2e95c63849c1289c01bd398b11fa49e2df4e5c0ec81267ff47308ba0fdd,331.555556,9
40,0eb3a35e0b3ebe8491013ebd6ada6691245f44194858baaa53db3c00ff45ae16,357.111111,9
40,84a83dcfe486674e166dedafed6a10b66add83ac3d0eff99100b6500afea5ab9,397.666667,9
40,5a90af51b39a8b2efa4a8b2df9a1ac7b88fe02a1c3ff38bb3dfc8dba4d580eae,244.333333,9
40,e563ad041e4323e88ca1e9a33933bea5d87714381d61cff4d1d3b4d5b536b8e2,378.666667,9
40,533231f20f9bca6a51a6a2e279bd3a873102e94641536f50f95e30771d9db511,320.000000,9
40,1ee9fc0794fa8c834209206420399b80b5f73d1e4fdc76717ba758146638dc8c,300.000000,9
40,d2c1cd421853aa2956a3bdfebbce20a4e02b1ff61ccc41a939f7f894aafa84da,295.333333,9
40,1fd234aa6f4cf646cc35b692a00e0f6862b1e245385b3391aa27450466fdd5ac,289.222222,9
40,609f98d141f252226879457369d3fdf2924b1e9532e8926e48a7ec00937aa503,489.222222,9
40,73be1d0cd8612d4d15c1dc337073b63aca3c1e64e16819a8330553607d5cfbba,354.444444,9
40,05af082022fe9749e8a60f7dc3293b7bc1db9b3970bc943422cd7d64455576f4,356.222222,9
40,e0b23261a788aa020759ba04cc0bb8601ae6c526ed2685057015b27bb1fe815e,372.222222,9
40,fa3e6b67bc75ef78283d9fd37e19b75d5dcbd34ee6264bb7f2ae4bfad45809b2,430.444444,9
40,30ef7374f3a04091d0429e4c250ee75437cfe435e45dd70c918035c54b1d5135,316.777778,9
40,6c4816936a480564a189a6ac89f7f04b99addf6782ade5e1b5cc149591bc3c3e,294.666667,9
40,456a6de6eda64319a69446f89423eb48519b9bde2dabd5af9c52aa9cb7065152,416.444444,9
40,a09b61981ba363b7d5bc401878194f56f91a55ba401b48278c439940134b5638,443.777778,9
40,6c07c87d63c0d03a4e6e298108648268a11225fd2f91fafb5478d88d1cbf38a2,371.777778,9
40,cfbe805a28359e823b88c4d02660dd7384461aff7687a8a6bf6a23643fedcccc,491.888889,9
40,3b36356d78f7a1fbdeabc3132abfcaa8ae4b09049648af8e06391b5fb0259ea8,385.000000,9
40,7e0ac644e3226e0be176949b81de31d5aa77ed8e1d9d3eaa6609b7e5e59e26f1,373.000000,9
40,c409c79bc0769a3ac5373518f99479c4cb7f72db14d5ac7d98f074a78b905fba,281.666667,9
40,75d2b2cfcb051c45ba628084f13d1c2889e886c0d672b11c4ec78a02277c9d8b,401.777778,9
40,cfcfdfe8a8f7d955a770e3eb4b227652ecded09c05e5bff64a0ad4795a1cad2e,462.444444,9
40,a9fced61fb3abde867951c9b3d1b9360b64228cabf3130dba412364e34073832,481.555556,9
40,e0485b8a2d9215df526226b0886457b1e8b71afbfd7db974cddd4e3728b2955e,484.777778,9
40,e4e07cb05e7701fac5bcd37453c5f08b5e906d2e8df3b2dc4c2dce429e55872e,417.777778,9
40,37389307382378e4b928425e9600eaaaa24356ea0ed03d5d531f21d2ba17c7cc,276.666667,9
40,6b64ffc30b07bab2205db611a80189143c007811e42fa2c3a771183b6455fb96,395.666667,9
40,bce5013eb82d2987bdf90ab165cda17f5b8136fb3791d024244968d42a4329e4,341.666667,9
40,b6e8d6e373e8ac69cd1725e992b81f8c9740af8e7b20e9e966f683c29b987a0f,326.333333,9
40,59981edcf82539efc5b1340259c84a98e82914e16faceafea306a3704135041d,394.444444,9
40,4eadf5d55744b93edf3070774d218c6642eeba317c6015d6f5aef36c66f29ad8,388.444444,9
40,dbdb40486cc93afeadad2f10d7ae00bf8ccc0c902779ab01441fc4079fb202a9,320.666667,9
40,46406ba23099c31a5c7dacdcd7d09aee56c73c4c12cd4251bc2ee0a8aa1c1c8e,460.444444,9
40,670c93a5c49944ce997ef76c85fa1967819e465d296fb7d4295abf6e053f6729,520.444444,9
40,cc9456dff8f445598e5db22da3a78b4fdd66aedac53caed3e61c813a76b70ebb,369.777778,9
40,d18525c6135a120abb505fc42b7d629da4b67d2df45e45f1893191dedcf54cda,452.777778,9
40,8578c98d83eb5cc0fc91cc4c3ce43ba77401dcab236cb7a16a9991f65fb04ec6,389.222222,9
40,5859defe344ea4301724276fa662fcf7973b5fd2cdcee357d51de8bfcc4467af,435.111111,9
40,57d45ad8034de6f1c50ca2cae51835100adac69dff2cc330b1f78cd97b6e187f,431.666667,9
40,9cce3968dc834691b20f858d9347c4a1a767e3db589168c44fd5460bcd37d532,496.777778,9
40,cd44980d15a4b674d4d6d0cd7c40eac79e60ca7428184aaf37d834cb45727acc,397.333333,9
40,8bb2a9b078d016328f55c608cded852fbb3995ba0d745944b8713d10258405a2,312.888889,9
40,f7c8b47e66de487028474e7109f499e3f02b2674b828443ed156fd776c3009cc,298.000000,9
40,2a5a66b8b1fcf2dfd0029549a6c43ba3f98a478dc3232428996844c2723972db,339.222222,9
40,6a4e0e198a6a01632e655243386da07917c52a922aa20c111d9f463b1e1fa027,345.777778,9
40,181bde1dd92a0706a40d5af67280065e491dea6874216804bd14c8ab102a0637,255.222222,9
40,19f6a48d9a829cbd955dce7267ac397dfecc6b640c450498a8e0bd446b2a9963,329.888889,9
40,84e923bbe773ae97ba5ae275510f48278407f24b3a1f1ac6a53e3fbefca3bee1,485.777778,9
40,e779d603b96939528c7a575647a74ceca543a7ff408f9224c6838bfa6d618036,517.333333,9
40,42671304c4fab8eaa103baae62b6753768fd4cc12ac051011c5ca08a21b42b8c,358.444444,9
40,d75923794dc0cfb9883048b48b219bafb1ecc1fdf482adcbd5d557ac22ec162c,343.777778,9
40,eb6ac03b01b282bf1e9472ac7daf48ca22321be5662f3a566aa8a16f58f48005,403.333333,9
40,b385f8319adc9fb35450928d795a29020b35e01298085724a8965302fb64d2e1,364.333333,9
40,6514c7854e98e242d1f6f5d62368591a959eeedbe2ffe45171f650caa1df9598,312.666667,9
40,61c9721230e07ee69efbd6dfd8ce769dd866b6f17df6084fb5d265f6fd8c4706,366.555556,9
40,f326a9c157d755aa5a2baa85b23071da6cfb4dd7a580542b8ebcdb78d92f3589,346.000000,9
40,c164bdd2074f2e5802ecf44a2dc7a9c3ea7de6469783a06ffc51267e0d400f3f,436.333333,9
40,05b7c6dea25844877c54e4f95250084455b9c1d67cf8f02357b5da844b9f9329,309.777778,9
40,75e6655fa5ba32a5fe5a15a5d39a1db5f6efd946c1cc6f11a2ebfd64f902fdee,428.444444,9
40,d7f096bc574eae0c3333315bacf3dc2769933096a40e382740b424d6534be0a6,319.333333,9
40,5d3d6c3940ffffc0d12b7063fd0f915170baf73b0de2162cf95fd93de80c7cf1,410.111111,9
40,0e35609e50488f6b4cca049b2b12b0d334166f25e71480a66d9ad5968e9c2041,264.111111,9
40,e709c09387a21128dee1a95fd6585d4aebf8c5e09daeff16ccce7778b35d95a8,315.222222,9
40,74a6162810a062930f45d0bb33e6d407fb4e837dc4be1fe0e3d52bf6114b6c24,289.222222,9
40,da593df80b5430ece154b0da7fa6aabc7a8d81f53e93dbf59beb18ed1b4fe981,302.222222,9
40,ed06a6aa99d379910cd115d191cf7f0e8e60493b450a36d7ec140adc3adb15a4,332.555556,9
40,c022e1ef27232a5a91ee6da574410f1e1dff6c7f24a0b6381aaa02f044a79444,291.333333,9
40,a22f9f9e0fe414c1b5959ecdc2e6834ab815df4f7b0f8d287bb80d1928a004eb,357.777778,9
40,2a63e5a50139f7932a952e3ef53028fe0f76b447d49248d20515bbe8256af0a5,372.000000,9
40,afcfb6fe56f37bbb382dfcf8191bd731ab368834e47c7a22ebeb2b85f7b826d4,388.555556,9
40,a7e94d9b10e1a4ed3480af18465097b82e1c8a9da1063721af775ed562c2f8bd,343.000000,9
40,2fe6e6252e9000c9bd79311fc4174a51cb88f371fc6e56a9b55489c77f696191,458.000000,9
40,d3d9ea2c44cc36a412e5498d9c076e8a75ecdd5859747c2e9328c861c91acb38,339.666667,9
40,9a97469f5be8a70f686ded66b8cf96839664ea306d5670bf9a3c18394c84ed0d,322.444444,9
40,1a38c766e54209f20fc838307267e712d6c69ed1b43205a93e92e10f9392dd19,351.333333,9
40,a65d7610688f021fb147ea01201897ac382d3fe027182f0b9a38ebc5c1d08e9e,395.555556,9
40,77d6baccb02253428cd2db16924c5766848cebb22d816fc81ac0de9193fc62b5,280.555556,9
40,8427e07e9c2afd5e92d2685c08afb53943e4b6ebfb0a4e19af98f4b9710b712d,411.222222,9
40,d77a88f657a5bce28b8a9a5dd87747f21151b44644a0085003832788a0aa627f,380.888889,9
40,54946629daf610657f5d9c6a07e62f78d8bf8b31703b31d99b5271cbffa83661,311.666667,9
40,a2a93464150d2cea2bf7f5c42323fc41523111945f0d6975f9de7a6c3e0fe1b8,389.666667,9
40,1f00c43b87fbef4619bf450dd2f422434a94025deca5f7236aff16dea2517d39,454.333333,9
40,17b9dbce1f9a1bfe0739dc9656f075eabfd4802d5be6e31ea50ebb677b2852fd,354.666667,9
40,883be8eb212e64919c82a342fab3f8000d7751cdee984a7ae4d2666a408eb8a1,394.222222,9
40,58264d50829246f2e2f1af36b787ea7a94224edc45939b1207df9ca6c08217bd,321.777778,9
40,901db3b0d745ad25081f86ff51f883188a78d46a5c0a3720678fc247f0c767c5,350.777778,9
40,0bfa054c096c68b63fed316ccd8ca6bee80083adc49eee134f5ec2a99632d30f,392.666667,9
40,65ae095a043c4db57f0147d3914ae3f267ba1f99241616a0a313c7b29a6bb38a,359.888889,9
40,d9c53af853c61057aa0fd7fb0c1aef3f8cf9d23d8f77fbf08d08d29f1afd9a05,504.444444,9
40,f39ecae5997a4528a2780ef5963cb276df7c0b546bcc7ac1d172fb2425d25158,446.444444,9
40,eed022fc36053ce99b22f34fd1ad897e8879664bf4a9f10075f58bda7754e459,539.333333,9
40,e2e2ae3aab35de682f769c3aad8eadfb81afd402d4e7b3a3dd3847347e378e6f,411.333333,9
40,860630f5e1990e139a15f79f587669afe5e8b34959e6952437973a5b25c1422d,444.444444,9
40,21f629c53e856aa13ead57120a8911f37ab9a1ca4bc34ccc3217e02d1f70b212,400.000000,9
40,8ca9b682bb69e665f277f9f96dc02622c58293c098c5b107b3a49ecf09bd84a1,301.111111,9
40,b96bc4211e506cb2361a913870ca955a6ba3088c708a314871359dec1d94ec03,307.777778,9
40,062baf23c1643587f815d98f24063e4a69cb0ab656cc0101659f97dcf919164b,383.333333,9
40,8ce3f3ef37d6247f0f173b282fb8c373c79d96775230e2200f1c7207838b9db0,559.222222,9
40,febe7d549bf64a627e527129559ff60d055d49a8d85178a9cadc416a50073e98,478.666667,9
40,bfc8518e4e97a91597b3caac3178963290719a095ab6c067a5dea8a0469dfc4c,374.777778,9
40,4036a22b95e26c9dbd2864ff2a897cb201af69bcdb4ebb2273dda17026311e48,325.333333,9
40,da4b908c05346663f34487d809e66bd438b1833db59a168e540c666f4031c776,485.444444,9
40,612112aca7c38a347a54d8023831a9606ed533a1e4ab9302982fcfebd68607bf,331.777778,9
40,62fb009a438bc7d02f17e5114af7b9729043d05e5f1e8b2fa1271ce44c46b932,392.555556,9
40,a9de6186a97bcc0c73c1ef5799e8bf8546f0af1f0639262ff7abd43393a43f8e,548.777778,9
40,356da2ba6ef6af5bd2dc3846c834ed18dac974a7f4391c61c1a75d30cee4edf6,511.111111,9
40,8df3a8957eabf2d05c29572c1524cd71c11c6b72b397f1445f1de26ba69452bb,400.777778,9
40,796cd2fc64c8a0db1fa5e440aaa6c26b1eb6fc4d756f3a8fe3ad93ca23410e6f,312.111111,9
40,1e7dd8eaa58d9b12a704608fadd8956f14f178fe76de4c38ddf126b9f2927012,506.777778,9
40,8cf658960a231a3973524b85d2d2b5e0b9aec820fb66a4b998fa249c12b9ca72,388.777778,9
40,dc5e5933bb948257e4c89782aac521a001fe490ee6da8ffe8121219d8b0b222d,455.888889,9
40,3fe5af25cd242f41c40ceb6e8967ae5c754ffef16d2c51c4e7ffc05341fccca7,402.333333,9
40,94a11ff76ae60b8998c9b3cf045b35706c54b4cf86648896631c726129f30a0e,403.000000,9
40,a17e271ed58d5184fa86ae6e20ab0e1f72b03da5c32c5c0e5a05e96a136c8375,387.000000,9
40,e15664720f5f2133175cc09dfab19eb2863d9c103edd70260db6a7a811bdc810,351.555556,9
40,e48f609690beb127a896504671bd4e2ad4becc40d3642059d2bd1d37f5167049,310.000000,9
40,22d6ea1d04dfa1cbdc605948194c4eff3ce8073bbe8ebb4d713ee9508bcf61e6,326.666667,9
40,54c68d6f9d828f872f4712d48ac0409e3fa16c6c9ef8addb099b71e8c92db22f,262.444444,9
40,7a493b9a35cee7ae5cac85f343b368aad2ecff0887c7e5f5539b2bd7a70ac924,301.777778,9
40,f723d85ca5053fa64db654604bea9a17c4f7f8d7f5471ab7effab8b86d274b41,291.777778,9
40,7ca5fb70dc7fb7e428a17749f53787e0dd3aca9224e63f537078dea73fd34efd,272.666667,9
40,a24241e4fd972ba305d348cda20f4e87c0c5c1611b8cece206a7356d4d531dd3,281.444444,9
40,d5437f8dc382e4ee746187ea2bdd189ce92f7ca49a7d8b43f7ddb6d653ff6991,389.222222,9
40,fffa46c8d815e8d57173d30744dc0c3ce32b79233045cbe9e91a95ff558af694,383.111111,9
40,ed1beedb488b66607a24a484015ab66524a9a80b8f0597b6cb583fa63fb6e208,385.777778,9
40,c5acb6797dd5df4ace4486ce2bbb530908145cfda0a18fce1950182e7f4ce41b,396.555556,9
40,32de47420dc6c702090e55a742279c295a3fd8545dda076015e49298ce72cf43,429.555556,9
40,0029dc7f4e896b85804a4206d5402ebdf3fb141a0c9df9e4a5dd496e3298c2d4,234.444444,9
40,438568101350c2c2d349b6b981221a90f91030a7199b1d42dd62ce473a9dd532,224.222222,9
40,4161addc11b88961d47077e3b9bc9d5f3003b17a129fe1055c0c157d9c461032,356.111111,9
40,602d5b39bcf39efa692fb1d92161488627ccfdc1e01bbe48031bbdb03f0b7496,432.444444,9
40,2a2f93bd6b1938f6301b9f89fe83800d6b830a4aa5d057535514fdbb2a1c773c,438.777778,9
40,2ae2cfffc04127f6a25f9aa5b1d94f531f120d7d3271781154b80feef7b78c4d,482.666667,9
40,0c4d451241edc733e64deca7b141b0769e9832257b730bf842053c14e7b97fd2,320.888889,9
40,65e2c65ad638ed49a85db49a9306359a0e9c8bb59492589060a057c6d4e27e4c,419.888889,9
40,4c764cfe3f7a5fee19a55f62a28f3853c2b635944b8a9e3c5f3b4a7d8317a51e,455.000000,9
40,704224f4bb5031aaaba8aa5988abda77f5b3d0f2081c2ea4ccf52b9cef11ca67,398.222222,9
40,26d0c5d8c2c36bb651a5a3e56b054ebf0bef7e158cb66300598807411239809c,293.333333,9
40,525f6e9583a0abebc1ec9564e59d6e9f40a294cb6e6a7cf641801458764eb38c,326.111111,9
40,1f1b61766d1b73d40b85dce751305781d20d552847f3c74a7833b90c361974e3,379.666667,9
40,5e28a86088ba43f1bf22682ab2737ba598ce36fbb9d2b3351744b8a376633ccf,330.777778,9
40,3ac100296a9b17570cfad7157668668a53218698f14dd4ef035bd08ab9d1ebe3,350.333333,9
40,64430e8addf8a70b2fcd050b2890e5eb10533cda0c1c65873c7268e4527d6cb6,389.888889,9
40,db8150f2bf142c2913fa231eb135c9ee153c51a81c8bc802c9356eee79d30413,329.888889,9
40,264acca0544aa2cf535af9f1c9cd4b942dde2173d220f7cd7262ff0876fe6d1c,328.111111,9
40,862cf40ab47a9bdc9ce087deb71ec304a7d2e2a7b5af43fe4cbea10293da82e5,383.222222,9
40,0a6d7b67c1b606c5221b951b422d60f342a64c67f99fca8f0c963089073a5f2c,356.222222,9
40,025d8314cc8632c79284f2f0a3df0a13298c0e02d46821f76e626e7c1f162613,331.888889,9
40,2fcfa76f98b98f7bc64f38ce65748dec0492d3687d7e4bd48788726ea2a7cffd,373.555556,9
40,1f8e4dedff5a9e7b9087fccf4cca9b17154fe1075171b2a2e61162d32044fd16,347.444444,9
40,758c2c7b92532c770f5ab9666cf055df55f08e56fa5d064cc2e5f94e9469e2db,278.444444,9
40,934615a1a004a69a34f6d9bdfc935c0aa96a77135decbdea6303c8bd44baf11e,397.333333,9
40,4b89bcc52131d9e0f1a0ded3ca7e598c6eb3725cb3ac637b5846f17822adcb35,337.333333,9
40,e972397f0c9b3c8851ff6aee0aa66c267653385f5485e9dbf755da0302748ac1,440.666667,9
40,1116af42a2c2b13f627c14671f87ddd6781c341533cf96fb467a4df9113c3293,403.777778,9
40,d7ac58a57fa8a49cf164c4a51bac4e11cda49464f51800fb4af104ceea8c42c1,425.444444,9
40,4c247248892e9d01ce8f7e8c4e94f30ad487090410bd6b7f71735986eb8bc1b8,445.222222,9
40,c4289d7418ec13f96bcb991af59ad73bc6939c8d07a65701d213d89c97635aec,353.222222,9
40,fa3f61483ed8a591bf18db71389a9c407a5147bfba774917d9ecfae65de3b479,372.444444,9
40,ef578dafa5e883f8f4594d5825bf7e15e8dbd08da8a107a504376d05f923454e,340.555556,9
40,acf63854e2d14e16772ab3f3e32a52094fa71506b387aa614c5937a72293bc03,363.777778,9
40,317e733a35cc3739f0b31f1fb04ebde1eb15cc858c1b5fce68174b7f64593d70,406.333333,9
40,cd407853a4b91dff2a8bd223027743df927bd5ec08f93e0fe679254a30806725,354.000000,9
40,311492396fd684a18bc277b543150cab24dbfdb308fed3706d8fc0656ecbd4b3,450.666667,9
40,1be37413865d3153da928e25d4b37ec4f067e1ca12bded9fd8d6a3d99cb48b22,353.666667,9
40,2f278cdf97023ba0c005289e958d8c9f6885473321eedb4eba3105b9fa9a72ce,340.333333,9
40,c5b449c226de5d7579ca8ae68b50c2e62a6e64954c695ee7311843f1ab2eedb4,296.444444,9
40,df7fcae862339bd4c62f893cf28189f7723f01cab7863d4acecc7664c0df690e,386.111111,9
40,f40ebb1699939f8b126b3a23126caddffcd694d675d9c9380566ca3f2a4c2ab6,423.555556,9
40,dfee4bf5bd10eda684fd63d3d320819dfce5dee84746809326800bdf35681c7a,385.555556,9
40,b3fc862aaad3f61aecb68580eb11bc7b3c11b4134b6917f86bd57724e6b73e17,406.777778,9
40,384b61d1fd43a7152c3acef6e6326a3fc330e1555abe715b70c094d8e70c76f0,312.444444,9
40,f464ebc1e334608215b5eaae66a4f4767d73042e5709d8d784a6d8d05c682d11,404.000000,9
40,b454aa6e9c446efeb4875b3c775b4d3c6d47c65b79f469871179fcea40c7e031,383.222222,9
40,b8baab17de14254f95db3e533e654a0f49033e96e9cc9f07898b97eba84a218c,420.666667,9
40,e838287d9fb6f345c324eb6a8aa26cdd0e9efcd01dae5aa517271c94a559fef1,403.444444,9
40,7c527c5e1b1531b0b1eb1ed2a6c1e3c3af9273263adbda2bca824367d1c0e507,425.777778,9
40,c1e0d5f746ccc13b77d6c2b4ee88f2db2f4e7ab7ad0a52ee6b34503733460b00,366.777778,9
40,20508952f372ce7cb80ce1719fef7d6b2bd853fa8e499f9b0cf5d376f18dbbfe,291.555556,9
40,07337b56545eaff316fbe6eb516ca5b8921499bf5f494114ab8a32921ec87259,435.444444,9
40,e0c09f0110cd2c9096211681c49b9cf1639af04dfef9d5d5716b049a21ecb6a5,389.666667,9
40,2187617b25da3d8ea95332d91891edbde234353acb409d1f374d86ed070e6e57,395.222222,9
40,5c56d3306da7f8be6ddf7b3272915903c88004518ae4ff4b91e0e2dc76bd6dbb,342.444444,9
40,ccd8eb8e649e0761d2bd0f504d4bfd748c36f2ee7389932e6de1bcb98f56a24f,256.444444,9
40,81a7a10aa46e1b26c301646e28cf7b4771d2cf5c86a4bc28da27814814823572,497.888889,9
40,0b7aa82fc628000cb8c58a00fd984cf3dd1fb719b31f4def8e3881342f7f84d5,412.000000,9
40,2d3a8ba34a238ec71af485c3c4bc804b3d8f572d3356755bea28b6906612e292,365.333333,9
40,3c35434c284945c8d17b9553c173f6a9927fde349c18e6051e36c43a0dda5ce9,370.666667,9
40,fc44fc8c6b702fe48647e3c245840bf66fabcc0256985a31a9efabecc05b4399,375.444444,9
40,c60599d4f880e9ef9a8a896847de9ec6d3a9b24f84c76592ca7b116ea86d6580,541.111111,9
40,041b4087615f607d8019f08f3a8651ceb710553a9034a968f29e1b56ce2cb4cc,1220.444444,9
40,46417dfe86da0062771deb8d8f0ff383a26b7dc883d8a9361af1cef071767a56,1042.666667,9
40,d5dd1d5bdda9eb8bef49c12a44ec4a3c02f6a4d1e6280cff178b6ae02ef9d7a1,1055.666667,9
40,964961d37702686faf32872c8a1f7bdee5cedd9304d83e0a82ff7694b4734f15,707.666667,9
40,2f8c519f4799d78266acfc0b290cef51b03cb6609fd8b4cbc9eb96e2632307c0,346.666667,9
40,1eb9531c9bcdf7c2517d8d4d7543febdb68db8b2e54d417f878fbf8e6fdad026,269.222222,9
40,1acde9f9b2ba4e2e4aa3e4ebab916fce9c73625cf0a63f74c5c18638cd1bc597,872.666667,9
40,a531c57b676f95ae1f433ee98d64fc2562af3fdb00dc3f4457eda22e8dcc7a4e,807.111111,9
40,26709ca391f1db15f012c0d070ec2349794e0d15a5fcdec0885724f70ce86cf9,848.222222,9
40,26982bc1c55d9df8f342f3401d3ae0298af22605ead29f9773099528b3138b3a,1047.111111,9
40,bb761bd7fa7ea4db8096306022a692cbb8e77fb2dddabe5da04716fb654e94f7,579.666667,9
40,ce4daa334e7f4e37555e62f38259869376e887c7b8a45c07c3a9b27d0515dd48,566.000000,9
40,a989e4148892547b9430d35f52fb5e09f648dd472e6e434c2d9f913871de1beb,465.222222,9
40,7a96e7e389d1ad9724ffae6533a6de0a43a5b7ebc2f3027eb4b4acae00510001,393.333333,9
40,4e7153123b577474d1b12516b9c0f6a685587b377b5435f5c829f165bafbde87,425.888889,9
40,e0fecd7c34e08630a5fb73492ca5bf319976db5c9bf8f07e3a64165c1d361ec0,480.000000,9
40,92e06842ad9bf871ec5e15d4ce7f7682724fcaf58e64aa230739b2f00c997763,373.000000,9
40,d8f5d18ea1bc944e0ecf910ed97a0216c290f107172405727cd8b2bdc0eefd51,398.444444,9
40,2e8da0366081fa4b88c7de108b26a13c6342a688b02b7db6fff2fb81580efb4b,357.666667,9
40,cb4c407c6d58378f4c2745f3ec612fafbde83dda0576437f7f4dabc45205000c,276.111111,9
40,4b2ffdfc019804b2be18ddf51fe0ca98801b3869a477af59fbd2747de57ad327,598.777778,9
40,07e3c0ed8c851ab17db24aa52e4a97afde6e56a7f3b4a53fea819442783e6e7f,443.666667,9
40,727ea5f1f4fca34efbdba78884e3ae169d75e38e8363149fc302175497d07890,356.555556,9
40,904106e992afd631858764b2b215f8c1b0b42bfcd8f74173ff7ef259e8ca139f,345.666667,9
40,74ef40866db61722f03183e59ec69d2ba54941af0cdaf160a4d17bc17159945c,310.111111,9
40,4cb04ffadb96afd644f9b6ac647ec6502c2b69352d39c976b3a631d00b55df33,449.111111,9
40,dab9996d518a821d2f4a7a54b81d65a485666c3a699aca1b0e2d4c7e955d7bce,282.111111,9
40,d7c3cce6a311b4d96fcfce0efa534baecb1e7649feab6284bff640d8a99c5e32,438.555556,9
40,eaf33778dbdcc4f043b9a188e81fe9a2075589a7b483f7d2ab5f362a701023bb,301.777778,9
40,262da68ffe8b16984c3e013c219e7dd147abcc9167cf4f429af97a0c7b6d03d5,363.111111,9
40,e5eedc15bb7c2f89db1be3bd4c19dd5c587767edf849e2d177b7c7af2870a711,403.000000,9
40,d9b7f526fe852e03faad6c2696e2ad8072db96fdab2073f7de8d1fd7f6eea587,388.333333,9
40,17552ed71520ea3495043b5cfb5e80e90e95ad4e3e97157f4cc72b793c8ff33d,445.444444,9
40,68cb15c529bb7d14fc9b12f277cc44af2d54f612311bd7bc461f8f4332a97995,471.222222,9
40,f4bbe16601365c253bc2a6479612c22e370fb3227569f3dbab24e13490ab65d9,375.666667,9
40,ee064a0363c02a385e0e9551a05a5ff6fe35a29c39f93be237939f06c9616110,526.555556,9
40,20ffbc4e73cf98f6a4bdfbf77e83629d696b66901d709bdb274f15037e9bdfdb,359.222222,9
40,907101e723a8b236c495288e607fd8ab700422131ad71d272e3d12f4da9107c7,368.777778,9
40,f523ebadf50a99dc2e613e8c322d3d9a2d828f00789c067682365ec27fa0b1a6,372.555556,9
40,2cedf8f62b0d261e2566cbc2a4da9262d3f48d4a5bc5bc1f0108a8acc060265b,404.333333,9
40,6517ccad7cc70688f05260661b3e07e66edaad66b154e4e385ca02735a15fe7e,511.888889,9
40,c0847a384764947cb89a68b35fb5c84f353e7ca6172fa8fe4be66a97508ba5f5,454.000000,9
40,0cd31042c4297340bca6b5a70c1f9de5550929384ee6078a2fdf47880c3d0c44,368.333333,9
40,9da1a93b7f3af4aee6ba206a50e1e6ee10af8fa26fc4fcdb26346eb91ac8f542,287.222222,9
40,4f00bef2ad8f6a82fa7997d49708a65334345b822d5779a121f4f8a91ea64363,446.111111,9
40,22d6192a51130cb43f68f0bf71d27bcd9827cc56530b5b25c3eb7bee575dcc75,405.888889,9
40,9145a1fe606ad2ee55a1cdb8567e7ec6a7a18ffc55310fb165ffe90f5b8487df,390.222222,9
40,0345c5c766090c0a2249164374a6580001a72f71d88f41975c70ee4b261c4246,368.444444,9
40,114ca478acbae62f9f068c738df57f87b1b17286507890aafa28d922ae52b2ce,365.333333,9
40,01272c0d08c574784381f21c2647dedcc1e1b088dc308922f01c01b621cb38b3,287.333333,9
40,13dea3d36b185d557375e7484e2ff2c40de2214c3303ae60136307b094ca1908,517.555556,9
40,da437370a83cf6116bb22506e7ad412c0055ceaa17ac10f9d46ab35ef7652c1d,345.555556,9
40,e03c62fa7515a869265913f36681a02c6426f4f3e561b003b47f89c7640cbebb,401.888889,9
40,e7e599b37e1a948a9aac0a2d0b887e76bed020dcfaab93d5cc44c3175f4dae72,251.888889,9
40,c53b1ffd38ce5605938eb482f9f35c31cdea47106558b4825a3ecd24b081275a,335.555556,9
40,73f76fc57cc16436cac8df9b5bdb26215a7fb6d5e7840e390392dea72444b82e,378.222222,9
40,71e828e154aef94a55d74780edb0bd197335f1571336b7ec0426faf1e9e7d95c,311.555556,9
40,7e7101f0dc0af83c2bae7e5013899bdeb0408a89d33b15a68bbdc0c22621c498,427.111111,9
40,1397846555dd606a0b9e3d83aa7988e033e93a36e5d3f68899a77b8009513e88,388.000000,9
40,5b96ca7184cb99bef505c13b3cdb9d0df500b92c9f898e638bd9d852635a7e27,387.000000,9
40,1c5f15393664c6e583967ea399a649eb0053219ed44c26e2f5994cad169a9b19,343.444444,9
40,0690c800fd6cfec344c006b6bd9b7a15dfef6187e504ef731160b48461c67864,464.888889,9
40,58762d981de1384bdcc46ac11a5207f0b6e3d5ca084e9d35beefc261837a52bc,353.666667,9
40,077d8e5a1c00c45ce3e0dbe171f43a30842ae09d3847485f9acd7a7bf2517ae6,372.444444,9
40,94e53e2ff9bb6276ba2dba10536e1bea41cc399dd41168bc36f5b645c434107d,359.444444,9
40,cc528a641198bd77fda2909c7ee7168966ccc5b5cd81e96922163a8117862b08,346.888889,9
40,c958e0074750520ca6178d61202d7745236b62c9a0ee0f2e385cce5fee89f56a,509.333333,9
40,045216a0f8be6b2bd68c88d2b202250b1416306d3d649926de658d471c16f0c5,395.111111,9
40,0f32090b0a41a27776356b6d979d909e5f1f8bd589ad1f7d6b363cf7e4de24ac,440.555556,9
40,2bb900bc0c23363464f28ed16715ad10a1d36918af5996d7e80c01019b3bbd14,895.888889,9
40,efb7b36bc4b0096cc8fbb8a700d39fb67378fceac82cabb8ddb00090143791c0,333.777778,9
40,a81d0d9c783cd23bd3fb058005f8ae0c8840e88c61af77f7417ecd8c70a83348,292.888889,9
40,fabad5b86cc14d546fd896d053cfbdab603e43bcef61dcdcc94f4d3a22e45ec6,370.111111,9
40,b315545161bda9e5273aedbff588adebe8e75f9f4ab0a668ca5c81d1f9673f8a,439.111111,9
40,fc1a7ff1120f708f8415c58ada96202361b453eb7de4bfe3d674c5e2c4006124,322.444444,9
40,fb52392037f0defcbfe26c61c645f33e52b029f37925d238df5446ff8848baea,458.555556,9
40,c6289b2fce24ae5832a96df6efce9e14b4abf3ff5f405007d191643f9ce64d1e,525.888889,9
40,25c6246e4abfed2f415b697bb57b99c5eec2708788bf5417281cc123441937e0,335.222222,9
40,cefcb013af223e546b59459993fd74a600ad52135137c069773c9b9184a67fb1,282.222222,9
40,884bc19ce4c9184efd607adcd7a83f094028957af0ceeeeba4a1d266c53841c0,281.222222,9
40,9b4792af8e9b1c2db853f781b10baa095c33fcd4e6b17a2fbe04a213f6c087f8,380.666667,9
40,c4b426bd5da13c3cb85173e9f9376294b396aa610501e5e2915d9df7a5a15f91,476.888889,9
40,51297ae4214683794936bd20af7452d4551201bd3f9c833a61cffd1a36860a8b,451.000000,9
40,eeefcdafd088b468db85b13b9afbf2d103b7586eb802aa7f575c36bc298c8ba5,291.111111,9
40,094157e2245ca8d8b09697c2e3b308b7b70464faf733eb96534fc98987e0390f,349.333333,9
40,2a277f2f46deca92143871c96c968cfa9755ce27b0c7cdc6a56fdf64395defe5,320.111111,9
40,1c200537aeaf15612b28e83c3ad1f617bef16faa2fdfc4b3d79558383161dd48,480.777778,9
40,290db0a49a3d6cc74bbd057d31dc086660f00765076010b62540773e4e2c340b,268.777778,9
40,fb1996abeb0cd5c83b81d0df78a2cda2232b24126c0209d5d3a43f29506278d3,386.000000,9
40,28a949da49965510f6ba8e94cd3da0a9f6d444340c2c372107327f4e977bbbd6,360.333333,9
40,115178e4752c2f6ad7b65e245d79f461a528774a7fa1ba5d0e1c7a3662cf582d,287.666667,9
40,2b1b77331fea922d3d4d2bbde84f0f054688cd40f3804a76bb3dfca4e7f8e5ce,281.000000,9
40,5991afb63211aa92cd2eb3d0bae3057af9264d177960dddf372d7a24a8f1a8c0,392.555556,9
40,ef652853c0fd3f30e3e5acf42236f1d9746b1881d7ca8ab2f0e47515e8414a9b,434.555556,9
40,da97f0d22508a0bae8f0d198ce23c3e73e805b3395c6c9fb62280b06d721caea,389.555556,9
40,e2d4ad48c3af2c0938f73b4f6076db1ca429c4f641793f0df7a60f531c07e98d,468.111111,9
40,2ed781a0ba8bc84ea8299f24c9c71122d1f9aed1d24f81f6c3c16b52e3403421,457.111111,9
40,fb1718ca3c7a5e869b3750a4d34e8c1c882209d0d0f84cd65c1acb681e722f41,315.666667,9
40,97317e25a6c055754fdab5fcdf9d395acedf11c36f0eb1498c6d0b19d3307db7,424.333333,9
40,1e09d8dcce1add95cbe7776cb0b2018ccb331df7437ac2120e8148a0491458bd,415.555556,9
40,7b3cecb96f4f716e7ea2c7ab1117bb2c3ffd06c91fd3f3a2381d828b7e9bba91,315.333333,9
40,d254952a5e7a46d5bdb8d646d932757eb1343d22ca9773f7e1b35bc19f6641fe,409.777778,9
40,22ac945b41abd4395e5c06da136fc6ce76c51ca502bb668859f4ac3841f8b05b,482.222222,9
40,2ecd2a8bbd1a0afed23e9a19c8aefa73fb2cee182e30cec2d107557634fed283,460.333333,9
40,337c76e6bb4c207442d41a1d559c61a2e9c78c2dfca277b482688ce29525f34b,266.333333,9
40,80ab6e4af2c0bd6e3b82bd417a6c8212e130f57e985ffc12f50990f668f27faa,413.000000,9
40,90a1706b682691fee53279a28ae6fe22c14722176c263529343db0b6cc8c0c05,379.555556,9
40,3ba8e70a91fb19b88b9e5344757bd9d892825d6e33f18841a1575ae6bde40161,525.444444,9
40,296fb940e44656f6c1352abacad51a7575c893dbebc9701f9b1220e52c8b56c7,320.888889,9
40,3c73820c0004ad5459a5cfdc633bd0acdcd1cbab98711da43bb0979aaf370a9c,466.111111,9
40,faf3b4df42ac9d4867c7ceeb3040d6a78e767275acbd1d39a7bd695e430fe647,467.222222,9
40,7a2b44c0bda56f663c46b07abd1b6d5d9224c07a1f820c379e9c62c41e077db8,282.777778,9
40,d82afa7acb0652c6cf825bc73e8978e7118d5bd0bf38a72a5863b5ef4155fe60,311.666667,9
40,48451531842b616362ca61b388bdb5d13a3cf7016bb4f46eb2eb59d3c12bb8ec,323.888889,9
40,6899ea9d03189370262593e1dc446ad8fc00abba7a0674d075eb456fabdd0694,334.000000,9
40,3a06d3bef621b91fa27b33061705699a03bf94b56908ddb547187191a166470e,425.222222,9
40,54395518d629d683065d85c66ec4b203e845d07f032c1a5e233a3ae9a088c9c0,387.333333,9
40,d29020b8b17cc4e0f78e8cc03db8c821b0ab1e31e1040cc1cc3c776837e922fb,407.555556,9
40,2f47e1544ed1a46035eb997f896d1f4e7ea3d9c3c68b8664cd2617d633261445,410.111111,9
40,5806ba22893451b9b37105221df05784b79a4500eb0cde5e63d05913fb67621b,343.000000,9
40,1e680f62e45a26cf10a0dec85e03747ca0aa81968c984f5c9a6ba2a31ffbdefd,366.111111,9
40,8fd96a770b89eb94c0d16f5c483496156ace9e9bf0d42507afba4f0e290384e0,279.222222,9
40,14c473df0dcded16efd80d6dd8161607089d103ee750044431ed632bdd094a66,277.222222,9
40,95d4e32ba64287c81de79f875ae55b53d1cf89f36539e520687e9aca8d5b19f3,342.555556,9
40,00f95447eade622dc54d09fbd4ee952d9515881bda498894daf9998ed2af9237,336.444444,9
40,ec081d097e100e2812c7532515a43265692d9ca1aee3ffa385ba06481b2daf4d,285.777778,9
40,9ca465d3f27d20d7257d82643810d3ff0c0a664c4acc7894ef7f8ae6b2526a8e,508.888889,9
40,37220c197bddd6a74ff1050cad0c8f428c1e0dfbaae8e5fe2e8e61548a85473c,433.000000,9
40,b4fce46e357d8a73f3d02838d378cd839b618965105a4cb826fb996440fe5993,302.777778,9
40,6391a1f41d6ddc6dfe9ecc4de2d781de82e2731b77da994906fe3ffb4cc4f9ca,363.333333,9
40,698093dd4b5c999b4f2bcab18aff2d47551ea6d4a4d32a21ea7714ebaf857757,401.222222,9
40,794a7f8c94c8973105ea7118079161a80e5dab5e29b5ae2feff78e99d4d2f79f,2369.111111,9
40,6636c0476371b6cb74950277071c2379a1d3ab077e016f4b65e7ba00a10c1c7a,1991.666667,9
40,26606fedf89de4041e72167976b1339e9a2af505e1d313a5398924a9e9a96482,1785.777778,9
40,aacfb2df6d8f066f0155841313b60729260d28d51d1a366ae6e3980db023f6b9,1011.777778,9
40,e574ce681df086bbbc47ed1ef3d5698f3566fb0cbd28704b50b02c7a81cc31c0,553.888889,9
40,584009cb27c5ff64e248830059aa97cc1980c180d10c324be92a32b147070bb2,523.000000,9
40,91256e2d675b8be82bf033588d710774fdc1a9063a387e8e98b80a0d12847d0b,378.555556,9
40,479a96169565a68500d4e804da0ba8bfc7ca770760d0b69767b309deac244632,458.222222,9
40,9c2e6d3fc5734a038fe0e125cf521027f78799578abb89a7fe1887cc6d135708,354.000000,9
40,6d2a45e01a7309d259b2ee74015d08ed307c6fdc5be33bece21dae3570244833,319.111111,9
40,c52f8e1348516d280b4b55a448ca72c34188ac37b48af3fa4afb683ecf6cf00e,427.000000,9
40,5fec3f7a2193f7338e93124109dfd79d7d1f0b651b22131de24c5361b6193f44,407.111111,9
40,e0396898980fe0be62ef560a534354ebea1d86dd648f90eb7b64b748b2836641,414.222222,9
40,04bb6deeb74234891d5502c8e69281b7fb1434de65cbfb5baf261201a93b22e1,331.444444,9
40,ab8c8b9dde55b3e2b66d946e7d4b0848d878245cc93a4eeec3e106aca4ec97a2,342.444444,9
40,4144d0552a4bf2e57089bb2c212d246a80006ca8f04112adda73a43176a2a455,271.000000,9
40,c61b39dc8828fa98ae7d578acb6d9d99cde92c3bc53318e8ebc4f1064a2c9685,533.888889,9
40,57cb374c41b6e7463ded4bf1a41bc4b39b7a33b33768f05802d388f15190bdef,337.666667,9
40,b36367fbd1ec553ddbd58e038047275ab9e3e99f856188467f83917d181b51b7,503.222222,9
40,0572ee9f9dbcddc66399296bac206d4d95d2ca9592e90c186652996b60020a3c,416.888889,9
40,5ea0f70f685a30b570ed97334c41a46000f403a505e1022755d1c825b3862eb7,395.333333,9
40,0273a0bef028be7f0dcb5875fdd419f29639855e776ae303a193cef9c6696137,408.444444,9
40,c5261d15e4a69a530573effc8c15bf31c9e77a4eb21ceb933e8b0876782c88ed,387.000000,9
40,78d135a3eaae6527c0121a23b25fd8ac005de6e89c2202e2e282b917b28dd905,365.000000,9
40,7a731fe263394f2dd459bc26b28f5ec1dac09d170971a8f78ace90f9e81e59f4,355.444444,9
40,ffdebb592d2d27c1a2ecde1f4d5f3ef2f0fc91bc1e9b73df4edc13168ba234dc,457.555556,9
40,c5fb8bed7c65873487804201a038f04e8d001e85212e8991d870d305bdc94b79,362.555556,9
40,4759a72a44ceeb73651da6621ee1ff2b075b04f9eec9a366c0324d695ac097fc,327.000000,9
40,3eb076f0c1e07f602dc98fd2630fc18914eb9fc7e19af2d5f493958acc2cd91a,313.222222,9
40,59d5f0dfa094927abc15280f4ce590bb53e6f3a51570ee503a79286afd2dc241,316.333333,9
40,6df40b474c95ad399aa962ee7dd1377702c35a20bfec1621723685ee06712f24,259.888889,9
40,759f790c6910369877f75a0f75ba4c6d1594bad39e77be07230217628f8035b8,273.111111,9
40,72c5ecd7a606ab14388d78131fd2f2e045f864fc1d105a6a223d389b84d999fd,371.000000,9
40,18c7271589d3be24907a689e9e1f41f64fa0e2dad809861906da3a4ae079cbea,420.222222,9
40,8f00039cc6d411376076394f26a41cd38acea73f7be79c33d52ba580e8088b01,251.333333,9
40,ae1b5c907b3d9a3fd7ada820750489d829b485e99bb863e239140ea9cb702611,327.111111,9
40,53a698ff0e3accefe3f44a8776981cb041e43d4f36f9c58e62958902bafa40a4,440.888889,9
40,c196303d61aeba871c8ced76a5537b7ccd64f1b19001d7658b35d7a33ab40eee,302.666667,9
40,f770a372d575b7936596c1fc6cdf083ff85396da68d66e1a9a94e33e5777db1a,287.555556,9
40,4b4be8e5ecc0b5dd0aa57d33ca800d352edd414912c29cf69e085e4c918d616a,465.333333,9
40,a33d1668c9144e2d09a15f19b09c856868f238a2033bfc6436d4f02bd2d40e1a,403.333333,9
40,c39a1b5b7fce3f7e10a9fa9d849062d44119b0fa0155f8613d3b6a37fa12d12a,405.111111,9
40,de0656b9d932e5b78a3b2c3508a38c863335462d93b48296abcf119a0ed0b1c8,332.111111,9
40,b35caed96050de5b62b06ba609b81fce4df1629672fe350c709f4b216ca47862,344.111111,9
40,bd7a3dfb6b623282a861d8e0a717d547cda212d6ef1e9cc0cbca4fe50e35e37f,310.111111,9
40,5782bc31e778ea8a644e3c794816a381b79afaa597d30586c275e60faa89ffa2,359.000000,9
40,bfed9fb0132fc535c01b733bf13f363a78539336ccc3a4ef1005336b16e24753,290.333333,9
40,8d16fcc0d8fc30f6e2f3c1f7d55aafa555573817b51ef87aa9d3a06ab65de0e0,384.333333,9
40,1c35c3887c81cb22ab374e97771725b828f725afe4ae1eebfade7909d8c67f4e,419.000000,9
40,f4849a56a84b6f2f3d36564c5237d32d7d570854eef9e1ec6b1c49ae947b3792,392.000000,9
40,e05743ab0583c555bcb021bd11d0a813ea9c9adf012472b51ab559b1768a2566,352.666667,9
40,80bc8840f9fe033c8b0c09bb17e295452117ba90976422f242a7202e368a3b8a,376.888889,9
40,5bac249230c2613ef312fe591f7e02a9ad1979d4e7e893dc024af290dab1a6b7,408.777778,9
40,b5c4eee80fb38dd9ffe8efe34b8f930f27547c5c730815e14f265cd415d7f5e9,548.666667,9
40,4ae84a0254bbac54558341b6798f9b00ed0ac56f305b7b729fc18e6e83fb925a,272.111111,9
40,855621f217d981012c4dc88a79a3ad28c7419bfae8d4abe1bf8bd263d541b192,338.666667,9
40,65725ace375541ec9a22939845aa05b68cd6bc25d4d0fe8c589bf06cd59a43a6,295.333333,9
40,55b463d64f29beee4df9519089d70f8c9679fdc77bc0b826e0d96f08ba22b203,277.111111,9
40,fc5e0588411a4476f5f3758a9a26572d06ec17c26b586e48c6aa1f835cf3f0da,271.111111,9
40,55783f1851ec62415d6a3bd4888b33cd60f798998dec346687061c3ec5b9d502,391.222222,9
40,7858b1718d1126d114fcc1c9d17e7be52d8d23e346bf9eedf711a4a00c06acd1,345.111111,9
40,bfdef21bb6c0b26a738c8bc612c344f21feeac936feb12d7a4b4929e7083a180,313.222222,9
40,42c3b1da82ba211f755fdcedb92d8985003576d23e7ae2e2ac47a4290eedde84,344.555556,9
40,8cf72b7647a7d1c1fd07525d5a88f1c0fc5d45b3079e0e683870c6794db2e3c7,338.555556,9
40,d0627de574d01e4b84fa8966c154f375e111809c1d89d47bd86ebbca1110b211,380.444444,9
40,1f07ebab957f2808c73c67c9c3cd4221657f28600193add5f9f4f492fe6f4ea4,317.000000,9
40,11fc3e7445137344c5348d206a52689f937077118caf55aed3bbc6aa5d9c09be,307.333333,9
40,7f468b8eaa9d9b33426ae4718c2c985116f6f63148bbaa4207b0ba3efe3b2582,346.111111,9
40,3772f98a217f469f229cb3d76db17569cbd035b6d5aec35489bc9eeb8631baad,415.222222,9
40,e7527cb9ef2ba2dfd242668c46292ecb03ed96902690090c67aa1d1662246db0,320.333333,9
40,2b75705720b878f56faeb0bc69dc4ddf8ad65beb60383e9cc5780bf7a68bd3a2,496.333333,9
40,c68598666b78343897bb6af2c2cba2f6f5b2d2a89add3ca37651216e7079917f,400.333333,9
40,4f669c62e4ee67e9af35a07fe74a27d5f9b87df6173cd2ee9542d58d1b724a58,369.555556,9
40,d0af5c55d7b0a571c933e5d6d7364d39df849b57ec9c2e24112b945628c1831f,339.000000,9
40,22251aa0afb75b680722c88826ef498be5f7f240056a0e16e4190fa60ca54925,332.888889,9
40,d319bb485984bdea880765936811beab1cfb05b791537ca7f99079ce690d0035,325.000000,9
40,36f55727ff4da78ffc88f5ffd05484f2c4b62c71225cd5ebce870b036fe848cb,361.000000,9
40,06edb2d5d5290f899e40709abbffb1c0f1e1bfbc7ad000f3506528c77c23be3e,317.000000,9
40,fee0904e88c38fa89c9e4607cc19b11c6bdd8c55e132deec4b9f9d5c4c24a7af,430.777778,9
40,2a448e6c146acc49a53982e2bdd456da4c0612e056c392ff7f46affcf66d0cb0,229.111111,9
40,1830cf01ffe304bc36e28b647183b40752fc94de23a65da35bbea013b4cf01d8,357.777778,9
40,cffa6ea007af31abc4e8365a00fef1a5ae7382b966c22c28f886b078787ca613,305.222222,9
40,623c4941a144426c4fb9319fe0b230242329ccbeb4eda719fa20dbe8e0134fb5,414.777778,9
40,0e469d8a1e7b44cf5d48488771e35e5db6410342cd88d3a37825fc4be219fc29,447.888889,9
40,b7c4a5ac4fe2aac2350708c179b4aba670df189915e465c17dce36dd40226af8,453.222222,9
40,b1cf5e89b1a7a9221817203b2ff7f75ff650021a167853f46d3e759e0c80b65d,263.000000,9
40,cbe330ca66bed00e74ca4860507ec748ef7e1207a0630db2a3038854a8592359,357.111111,9
40,73f4564097422cd65c08f0f7c55036780cc997398c998b5ea14068919d3a27ca,347.000000,9
40,0aa5c1ae738ad7d110a2e04fe7dda3d98675045c1c643133ea722cf7188ddce6,374.888889,9
40,f91f3ca46e5445868eb1763520f27741f7dfc876b5dd213ccc3bc98c3135e27a,319.888889,9
40,725371edf345a697c167f62ad33a658599033de7f68731c90d0c0ec57922e27f,307.222222,9
40,07068bdad6d6520c099cfa320056a94d7e76d0b52f280feeb2f9c57997a80e34,333.555556,9
40,76012e5d8c684407059f358ca4217bc719a7309f4f1f15c8af5b6cb4436fe4f6,361.444444,9
40,66ae5eef6a05bbc6b8e3d3910b525183b97f982a3a851a01ea1df923a92489f8,327.555556,9
40,4ab7c366346f8f843278c5136ed054b1cb264e0d5c6ce0c07b646121a39a8cd9,354.333333,9
40,159187282313a4a77643f20041ea0d31c4e15cf3e47a973aac4b758e6ff56e19,311.777778,9
40,de1000963ab2106b9928a645df8f447f9eabf1503f3a4af86277832bf9319d93,416.333333,9
40,797f7ba405569f8831d3d698c2f33dd70b97a3d28785298b0609c8680aa8a985,330.666667,9
40,7bfecd429f4bbf62255ad4888f77947f2eaa277ee4f5b8228446e0aa2138899c,297.888889,9
40,48f3fd742a060c153de469932f67ee2f6d75f5bdcdb951d2864204bfe5597d0b,426.555556,9
40,9af23737c8f80b2b167a663da5c6d05611310fc1e8c043d45d1d66594511e664,318.777778,9
40,00eb920a8f98d7cd3832cd88c66f75920774cd4d64bbcbb62d521f1a801d1212,432.555556,9
40,920745c50d0e7d0d59e2c875d8ab0244de79ce47dcb43648d7f64a3cac293c14,369.555556,9
40,3891d189b59ae0dc349b208992616466a5742d6a903a0193c5c32a77ee6780ac,407.000000,9
40,57c367e99ac13a8928f5a17c717a40d336947d9c8f112e4af6dd382607942518,285.555556,9
40,9a0ec617c95cb411016645668c859bde3057fc3bd2303ac785c3825bb0424130,412.777778,9
40,7357612abc7cc26a768cb9a731b37626584f65e2f77cf0dd415c19bd588de532,354.444444,9
40,d02a491ec5d48d8ba9781eb8d5d294701cbda5306448742b0a9990847d3060d0,304.444444,9
40,b4a25f275d4b9f149dfaca668ee7c0f80f980d1eaf2be726494358ec05ed3388,416.111111,9
40,12831399176a2c5d1bb33d256f105c19335b5093b679650cc90eee9cd6b9682b,317.111111,9
40,79b56ca7da1b2793204fc074a942e2f57fc3ff0ed79c2f2cbc6633124b86b912,487.111111,9
40,3d129c1f44b45cc83c72fddd64952cac9510afceaded982b2440c6b9f956bba1,318.222222,9
40,9ea81a19f05a178d336dabc5c330060082634154c476b163d5bbd10e97fda31d,425.222222,9
40,198ae0829c037daa08ffc076f262c419b48601b64c2b7c458a399845292eb52a,471.111111,9
40,2cd51bf7792344698156ff4598a11c112bd779937329db758b966ba78c39f056,433.777778,9
40,dd056208c7cd6148684edf348f3c54084b1ef4d75cad1c3fb2ac755a31eb5a0f,342.777778,9
40,7c7f5486cfafc488d2e29db5c8dd09a6c20ba93d370222baf541a582abe4497e,316.888889,9
40,ac729815437e24100b0d5b1a37a21b4c1d3f494aac428ddbd44d682eb6194ca1,432.555556,9
40,352e3cf370b5ab786a51e0e3b17c7c57e59efe50a8543ce9024291e67147069a,232.555556,9
40,5d7582da65d69d2f76b0605296158e89463c7c810fc0fa0d41b15f5fc9aa36cc,379.111111,9
40,ff18c30c1bca4c0874624db48510a334fa1cbd7cf15dbb3cc77fe0072e947a2b,330.444444,9
40,88ebf9ac3f4225b1270195217613c0e08e29f0ed29e29c4d7aeb31f81279af79,384.777778,9
40,7e32c5044d678cd1b80d6a4d164c7ae69287bd9b0c720fe813b61c17b7b999e2,250.777778,9
40,1b57e22abe14f194f7d60e3c83ca49fec981be798d1e03df7f097f77cef4159b,393.333333,9
40,c00311db280331a1f4411b22b879d4a3ef3ba4f8757984ed8270b2cd6331a078,381.111111,9
40,cb247f0ab85b292d40a8500918df8999e0858a4c06b5009904a853989020db83,277.111111,9
40,4e2a280478ff00d166266cd6c41cd8391798d4e56c193f4ef79d94a04e7601a6,378.222222,9
40,d0111d7f37740b554f7980edd994ff873415cbe0623e0425300da8b436f2a4b1,383.333333,9
40,b749b8d3cad3b3953f48cb97f942afcca586337051cdf14ea966193910d24fec,399.666667,9
40,17a683daa47f2f413c18f7668cb0b62e1b61189efb451aa7a6f18909d9dc0efa,361.000000,9
40,9653814995b4244ff4b052173f6d3b17651316e7f17c1e989f0526fb4fbf94cf,412.666667,9
40,873bc74d3eba969bca2ce9e69207c717a2ba7a6d7ce9f04ff00a3fc06afa9274,389.444444,9
40,b9140d368c296ba8c35e6a8d81b24fc41dad88f6f34e0ef31c6c2d9b98de8a59,326.777778,9
40,34ec248f4dc67a413041dd4e9d1425ed83990ae35027ab2695bd40f212c5ffd2,405.666667,9
40,003d1f48025130d228c9c38b9d4d931f261e7635b1e6d0c09d44eedf7cea75c6,271.444444,9
40,97302cc52ca1bfff666545687fe160e705c54342847832dbf35213cb758e55d8,415.777778,9
40,63daeb8a2221714f67502dfbde7611797779e4edd191e12606bae7908861c248,290.333333,9
40,9920785d870071c3c062fed6b0b9b6ea74076197182cc0f899987a04d36ee7a6,392.000000,9
40,17aeed9eddd00d61529028e8955458f9b6a029b2b538802276db413a9115d021,325.222222,9
40,68a96ee9062abab694b881b43e0a042cd65e5bc02ef1ffefc2a57f4ac58a64d7,276.555556,9
40,91aa1363cedf59c512b16237b344d2b157c6a7abd85ad1417a3b14932ff58d94,420.111111,9
40,0d33704d50698180468458a3bacee946adfbafcba0cc9ff9c76884d0720bf77b,332.444444,9
40,246c96e48a5c8d720c3c2056c936ed4e47e51a7bc1a68d73ec49bfed05def7c0,464.555556,9
40,54478417e7c130d8b62c3b7df6dfac0326ab3e802d0f3d9edb51234d16a65f53,436.555556,9
40,b76eb4d3a00b613cfc8f2846ed3a040c8054c586dd1f234afcefe6d007e8928d,481.666667,9
40,551bce6284c1da149af53828538bc33458bf11e5ad5e634a27933c81d20c4735,357.000000,9
40,49949e4a3fe37786e885e5069b11f2eb3757d1c2502b4ed0d738466ae30e1478,361.000000,9
40,e28d9ed21c15ee2ff635488588af2daccf8e35f11311028f1ed70e30877e8d9c,384.111111,9
40,d728c2a10a64b5a79b0c3ebdb016b446ba3b9eefbf161ffd0a7228694d6ba714,417.000000,9
40,3c1845cf26715c248aae9d5d2ca80d978aadc55a98230437fce07d0b54dc2840,311.111111,9
40,2445738cd34aabeb50272e2eb6e1632ee7103c4c2c3fa1e368f002a41682ad1a,311.888889,9
40,a98fc94e26732c8af9beff74b781c394d799e9926ab8b7059e8c3c2581a14066,332.000000,9
40,c4f4039f5d27390bd56c698953a173a9a9568111a4daffd1aedbf3e5b34dbeb6,352.888889,9
40,c7cdb61946eb9e08c3bd05c40e475c51d8742de0bce5000d4090e7f254eee7f5,267.555556,9
40,d11b1973595992063273e0c3b79d96e1e3fa4927d3b255e9a6745c4fd84a0bbe,406.888889,9
40,953cef1fe6a5f5f60b16ef2b5b5379ad83f52e2a7ee921c2db9b6755f40cd17e,391.444444,9
40,819e9922a5842ccde287bbd9413dd3592a3f4d7893aa9fda3ba0e6b50f50ea9e,302.444444,9
40,abfba1f6b4d3b9182f1501362a21ba6e3a010c764ca0f328c2ecbab0c65a64bd,437.111111,9
40,928d13bf84ab15cdb9c483aab3827b19ea9827dd4c61d0a7eef7a8b98b5ea266,415.444444,9
40,dad583dbb32f1c8362d01d5a513a84380f91bb9059220772c431844987efd9e2,401.222222,9
40,0d998a03122ba5b8c9bc3f9ee2ad9fab88266c12c2e6a61c88598fe5dff56287,397.222222,9
40,d92d455d5396d0f420bdb6f6a4c5e6f73d4863f485da165f78581b19f8fbc9db,461.000000,9
40,b1857ce701e9566775b0416371d390b5e9c65bad230e0968936856e7b110f739,337.777778,9
40,b66844990a242f9706172409cd7e3f5d7f1a2bca0f85186abda1826da5c9f02a,289.444444,9
40,4ea5d1f301846f246922d7f11b82d72a7c2bcdb320d68bdfe32563989c44c9d4,391.111111,9
40,f3d813376dd8914086c8f70dbd438926b0d77d6cb44bd2b3e0404fd3b6cb7158,364.888889,9
40,6bfdd2f478a357bfb7f2a422f25a64b91701dc41bc879f707aadc5726bfb385d,316.666667,9
40,10ec59aef158d815149543cb96f0d030e8e92da8f580bd9af514d6b485a108cc,278.777778,9
40,10afbc40abd5d741ce7a39a8a69bb00a33967b98f3d4eb064a101276dfa0eb5d,471.444444,9
40,384ab8774ddf83782af07bcd97b6bd4d7f95b496e0fd56c70f34fb061eff15db,514.777778,9
40,c8425617554e0c14258290c922efbefdbf8a2c91a01f9bb74c561532743d956b,365.222222,9
40,68301d7bfdbcce2e123adaa6dd57503972bd6e2346046ba677d0787bdd2c9ed4,420.777778,9
40,f0c63bf8ba22288cc5c6cd798f1aa23669672cba51c57b7340b8d23536da029d,323.444444,9
40,a8d29da841c67b55ab8caf063364294a207ed8bdc910e17ae08d90afb3a423e2,353.666667,9
40,de84a5704145e0fea3ae708a67878200ea4daf27b6349b018673f62e4309782a,444.000000,9
40,ab32b48ee280f9b4b9329ab0cb4d7d646cf1143a91ee71e68ad61e24b78b5b06,276.777778,9
40,45299186754798231a2cd23271e110cc87eaf5b9982473447ad31668eccae115,429.000000,9
40,389483b31cd93abc3bc8bb8efc0b46d58c1403518b657b6c941268353ff7dc24,368.111111,9
40,d388dc9c1c9b0c1e326e22a380843367d97a8a424ec6612a3e8a138740e282bb,361.555556,9
40,b3eb872c34b19f39a64ec951e330eba23293c3828d02e38b216f852cfbfde52e,410.888889,9
40,de71290bd7c308ab4604802f64704e95339f210e10284809bd6fa326c0ff0f25,321.222222,9
40,45adf57cb0e9ec8c8559ce5e6e0b8d4aa7ae511aa448d3b3eb6fe297a859f8ea,382.888889,9
40,f55cc11f9da2da6b823ca5bc45320c23285c47fe943f6979fa0bfcad4d439c1a,500.000000,9
40,518d4179e741c2f8463ca9e02d6d9e44274762a384fe1339a40e02cc87bdf459,1085.888889,9
40,95dd4bbd87df388e8205507b7757b470016051bfafe57d47ebbcfb5263702086,947.888889,9
40,46117d88c6ee8cd8139eea9d79c7865d10942591067455f896073f4a64a0f6ba,670.333333,9
40,c3a74536d28f1a3907e4de89294f44a355d1497fd8a6b582398d19092c34db9b,502.000000,9
40,745af0be5412ddc328023d931d5ccb14fdb0032602a481c2995a949fc4f393f1,463.000000,9
40,6f94c2acd0404a5b16d822ae05be9c689ae731d0162f46d07e1c90e50624be42,406.111111,9
40,030dafe704d64ffe489068e960db7815dcac613edb616d52088d0af718c63298,354.888889,9
40,0be99d1a8ddcfb1f32ab750dbacff64e48a7f08ee9eb5e2b6abd1a75d79b91c5,438.444444,9
40,c87dcad5b64d4905c665cb6d7f11d679bfabaa9c36aa8962893f38daa57d4e25,275.777778,9
40,52ca7cbcd3360e49c9e4fd8367fbe6eba22dd0835d8525ae3898bd9b8f52230d,365.777778,9
40,ad9804f3404b2e52516cbd65c4f80acd3a8a377f5e3be76789bd0df70773be5f,287.444444,9
40,125a9268803d79ac4daf2e19e8d6caa89770af5375bdde3a91bff724f669284f,327.777778,9
40,0804207c1d9c0a3ece915157dc218061d999ddcd7e793733911a8340553c9564,292.777778,9
40,8b2c2e9eb9eca5ad092a65abbe3a58bfa252353d853d418d770662a325af8c6a,422.000000,9
40,4164624ce43623388c097d573c96ba90e48bdfad928534be3f61cc4f88e3f958,429.222222,9
40,23bbe9c6c119d2e96068b01c696a38c8c16d32bf5f5678adfff46b9cb02739c2,434.888889,9
40,0144ef4422d936eeccc477ba3ee77299e477d8b21906e31836ffa3b5510ff535,264.888889,9
40,f8a192a90911dfef31c441ed323a8e779de1d1154414031b2233a56fee2ec535,360.666667,9
40,f6b74adc38e4aef2105e5a7ffef80395b2d03d7ab5e0d7d5abbe2d44d3152850,290.888889,9
40,93b858b7bba4bf42e307c98e2fc784fe11b149c6cc5eeb6935ded165a2eb82a0,347.888889,9
40,992c5090ec4a89c024ce6d79ec78698549b16412e2bc426d3cb62f8f1603c520,343.666667,9
40,65cb237080a62b574fe98144810087aa0abf054deabcb6bda4839ddae5f86eda,369.555556,9
40,893a0e51ffa5ae4327a7098eed5cb9c60af5bac5fae71123bf15ad5cb0de2204,332.777778,9
40,066ba1fb4aef435bcce09dd33eac5121ab136e27df7556fef4748faaa2def099,363.777778,9
40,4533d92f095ca7fd29efa56f30cfb7935dea01f398adbaf25276ee8f7e282130,375.777778,9
40,66b698d4a4fb801f3a6d2ca86cfb58ca89206001d11364ff651699e81e11a62d,472.777778,9
40,142cef95a6b886979ca46fb74f5a597dc16cd4bfdcb234e5edc516dce5126545,320.444444,9
40,92463f16610cd20936ab79a4257c50340f9126107b07549067137d74f71548f7,372.555556,9
40,c89926d73ed7ac70ecec0dc181de5190004b36722bd26b1913e99bb9a81233de,258.555556,9
40,7da92ac2ff25401c3c016b7a19367f5f64d5d49cfa1dfce911dbb65595639008,524.666667,9
40,74c90ad76b9229881cbc9b2117d9396a685221465018f4c13ed8f08f95e7fcc3,387.000000,9
40,826ab5b67898cca427409369d5d04e62638386860b417319ec3ce0e56fce44fe,326.333333,9
40,484b6f879b0e81cc2f542ddd3aab65293c684edaeffc6601a01f885181b07b09,311.888889,9
40,0524152345dd3472af316d56d7e6615b7776d399ef73a269ff4ce100e15fe059,381.000000,9
40,8e38a91e6bf225a48202af8c50aa12696d96008400f58d8ef6f69804ac9a4616,384.444444,9
40,e7b2daa33067755fa0e0af621bc47069bba2dbff179121df4d2416a8c24a6213,305.666667,9
40,011c9f3e2b45af97b5b429f3abc7698a0ebf1a14522db68c49496e1519e3038c,339.777778,9
40,71c54570c70e16dc73fabd726a78c3e06ab8b6c1bc9c1def196ce4ace081c498,303.777778,9
40,f75ba171a88156d9ca489449cd95f52e0ea76457c1f492d2e3802311db7795a2,322.666667,9
40,ee47a402316539f6b9587784bf2ef9069d96776306b5cc21fbb94a458e21d96f,320.777778,9
40,da551c4d417860fd92393596f60ec90bbc30bfcfb2e9745e3c3e567a43d81aba,253.666667,9
40,2c35bd750772bbee7e4d43d4733d34f2317153337063147bf636787436d06cc2,326.777778,9
40,765d31407dedeed0866e496f1980239a61d7509c36fc04f30e002a4aa0a104fa,381.222222,9
40,ff8daee41690a16dcfe5c7db5a0be1d9037d1980285622b66835b42200f521da,428.000000,9
40,3f758c2d7fbe7638b9b5d453a379644e43fe6077426ce7e8ee7a37b472c0cdb0,416.666667,9
40,f8fe9bba593f59c20b39c9bad63425b898c9e8685b980359bf6d171261b907e2,316.000000,9
40,893c9e2ea3bf1984612302f9d383a2af1056abb0a374972d5b37f9a05db648a6,396.333333,9
40,9dfb87b374adba8832b9606b42a8958bf0c886747af0107c3b596b083e258bcd,323.222222,9
40,971352ffaec799605f325d7ddeed291774e2e4765f96cefa37cf19689c23aeed,374.111111,9
40,d67a749fb3fc3bc0e02ad0ebce08d171074d85fa218f0faaf8cc18a879733fac,427.000000,9
40,30fa46dff24f4022805f892be6efddae702198e7cc261809aac660681fbc58f9,303.000000,9
40,adafc75ee3edd1c1b7c23727fa8319b9e3e83e52b7a8b59dc31623c6beab4c80,297.222222,9
40,f084126e7a66ff53fccb0d89abe0f61c561f76067461a98bc561d10d875acb0a,304.222222,9
40,64448389eb34ebe77125ea4850c9b8ca26a04f9fa732a76dd60fecf12494e4a0,375.777778,9
40,18a75e85d80a7860a8bea840e5ca31a59603b278333d5fdfa32e749bce97767a,491.666667,9
40,ce2616aa7fdb3f007dd2d7bd531b62fcc6307ad87867e26ed870f1cadf9be06d,363.111111,9
40,54e72bad09554b73fc9bec13435cb95545eb1c964c897c729acf0147a530e727,264.666667,9
40,614299aec4faab90c800f1fa63f66d5ea996b9bfb7d9f7a792730b043528267d,369.777778,9
40,c44f9f0c9f5028fdfe37cbd6904fcd26f289e343e776636c29a4878f6f262c82,296.111111,9
40,220b548288966b512faf7fad1c6422594768a75af6e6ef50ce17375eb8444868,381.555556,9
40,324c2112b1a33e4e6cd522c90cf3f3dd2cb224761a8e470e442bcf01426963fe,406.000000,9
40,fd9d6835c2c00ec4eb3a573912520188b0560792bec3b0b5afa14b33702a8cf0,404.333333,9
40,2f15adf65b9f3a457d867a1695bf9ae615e32befcef5a0b27683b3735e716ca0,354.444444,9
40,cf01008ff52c66988a2b7cf4542a766d596c924cfb7a01830520a3e4c44e37dc,358.111111,9
40,bfbaf9988e2f2e00da32ba68f2662099941a98d63397166489441147402ba562,483.444444,9
40,f2d2b700d3864c3a492a1d7a3915d225eb65d5841922a80930e735dd854d21dc,377.888889,9
40,ad97d4edf6d84bfdce9930484f28e81615aaaf802a93410dd459d2fa704d38a4,357.888889,9
40,c6a540a2a44b5d4b88ae127818680216f39c6ce78dd57f9a99110ec6d005cb2e,432.111111,9
40,b9a22ec14e1fed2683cbab65497a0e64aad59e0017bd27fcf762bb9c0b7e063e,449.444444,9
40,04550575ea5c1d9a08b4a1ac72fff9bb222b0b15c878085d3ef4391128872a3e,360.888889,9
40,34afb73b8027e305ddf7f2c5430d98539ad3a39a6f3bb48f9d05d9d245543186,276.666667,9
40,590711e64f695ee2817ac626af317a483a1004d3d8848ae5d3aae3f84116be1c,429.333333,9
40,713736f8ef014439aa3fac96b8a5e19f5538e2b5544d5e1bf1fd39db3d788cc6,359.333333,9
40,8ba065b6baa88b78778edefe71a348bed919fbde0c9d0b6a9466e98d54a79fe5,282.000000,9
40,7c5e009556122004ab210a547b8e4491502f860cc44a015c05d137475b1aa2da,356.000000,9
40,b692a6a6dbecea4b173e4501682f953fa903b65c9c30925c0acb928fe21a1f7c,268.000000,9
40,b37561f9369c173eb2f441fa0d926062be9c7d3c9304db506d710b15e577e77c,288.888889,9
49,3cae54d28c066ed3720cdc7a6a29d6431b323c17ac2ada4041802e87b0de01bd,213.750000,8
49,e2b50c5b636c5cbcb8d9f9f7c78b6c524a9b005958f5783eaea8dcffc4682d1c,306.750000,8
49,9dff6c6724b4c1101854171e0e3f40aad3c0d0df85a74298a30f06c86747fdb8,449.500000,8
49,6a018186349670b02c95081e4c3055b5b2cd87849be6869fd2d5eab964dd136e,396.875000,8
49,aae32cfd78cf2e72288556be284fcf43e59649b5ade0bb2015921c55c7468e08,289.375000,8
49,0b549cdb87a911c19a037d5f68047e91e3eb592edce6e1c6720d12fa5e83d0ef,281.250000,8
49,dcd9eec8eb35bccf5e7b3f4d2558fe948519f839534f51b11146d25dc8822fa6,380.750000,8
49,27887c1f959c028fe80ee7dfe5e1a385d9b16bdc0998e6ee0449b5a288731ea9,291.000000,8
49,3dab54a17b846fe2d5f6e09d5e98d42864c6eb8eb336b0f6cbf3e40fbf5bffdb,254.125000,8
49,89f7f9b6aa0f3e9c5bad1a5e02287a40c0d02cf72df67fc10a32ca93c8eed95d,367.750000,8
49,c09962398a3c840e2a9f10ac8b44c6a270fb7054fef9a510b686be0f0aa7a459,383.500000,8
49,d618431e083902f90252a35021258512c250a63375b9087f7c26314f9542e3a4,376.125000,8
49,92bd3ce7a254977678d05adbbbe28eb52ee00cc2e382490ed422eee387fa5591,351.000000,8
49,16d694c8b4e9c819c436ffb85e9e041da26a3da2bc7a5e9e8a642e6cb48b659e,371.125000,8
49,19569834d8c21f85d24027590f9aa00fedad70937917960b2c079fd6e6f55163,431.625000,8
49,75eee4b8a874884cb62ad3aff020e0db97df8e69372b4ad9b2976d605fe5b262,417.000000,8
49,cbf7eaf6ae3084c938bf55b6941a4df1f9625fffa7fb66a2dccc88d034dbcbd5,362.000000,8
49,08f4a82aee4992873f25e228a706596b3b3edfa18a55d990bf71754dbedd9131,237.625000,8
49,b5bee431cccc0bda1e4b4e76f4d7632547e62e0c6e9d264ae48e89b37facbddf,468.625000,8
49,9d04984cf35c0db80d0588ba075636f2fbfa6b874cf3c6cc29a30c68a6914cdb,277.500000,8
49,53f78e3dd405285da6b760eb17b1edd6986dfc8d22378c2abd0d7783916e9408,359.375000,8
49,61adbd07628f6886c4460b969976ee1b2d3e71ddfca12325380c20c96eb2b972,284.250000,8
49,4a0de4d8fa2a62ee618743e51d6cedfb35b8f9a8edfa432f894fcc2f9a44597c,422.375000,8
49,b9c0301a7ad334f91127bc28e1ab644db9ec4fff72e24a6d85dd5e883e527cce,479.375000,8
49,21d7ca50270571358e87381bdd0990f8b555cd012ed779c3bcfabca56ee77362,256.000000,8
49,dc5996cb9e634467142bda775c8ad6f9a26f4f8cf41916479ccc68011b4ebec9,523.625000,8
49,82928c9076f1f43f9f99fc8234c3ef914825d80c1c5d8d579f49c7501af2ffbf,354.000000,8
49,bc9f5ee6771f82fbd97c06fa58b666ea96c2c48af6744f842e05cc510d6ee5f6,305.125000,8
49,39a2445fc9d84d595c18d12cc47435ea57dba2548ff7b61ba0358e7d8908f904,228.375000,8
49,5548c6a480c182d97f4dc673d7bb537d5b07cbb0c6228fb20a57fc3da036d675,401.875000,8
49,9651a5c13559d1abc3f0a33003f69f1daac3d2d71ac5468455345e6eea1d7b3a,377.375000,8
49,e7ec26515343eaaab8a48bd582fbb6136f9ae83141b3c5b0b5bd792e866d5415,241.375000,8
49,c63192e116f19947ddf0102355d80dabf82333b4ab77d704ca240d6a2c05ca03,372.250000,8
49,628a80f80cfaddd9ba36d21108432d10d4d92a99ab4424dd853239c30e257e6a,480.500000,8
49,438ca8933d9c3f99dfe056386afe38dc4df0c07957e8ff2941f102bb3c04283b,615.375000,8
49,d2c8c438600640d6fc95f5481b0038053fc66ce454f9c9128f5d54b32a9d6ac9,449.875000,8
49,02a7dfb4e3723b8a28a7e71092e155a8ce33cc50c14daa6f76dc740ce4fcff33,370.000000,8
49,b34dda78bd4a22e98349ae6e3fa1dad69459462fb3b28427a47eceababddb84c,306.250000,8
49,c6dd9cb031fb90e4990db00487f4044f9adaa2b054180f1a9cc2d1df303f09f8,460.375000,8
49,17c4a03b58d0a3740bfd4fdd82edf42a504e1bdf4e5eb4febd7b470fe1bbe755,349.750000,8
49,afda0a38e30c17ed037105b83524c9e77a18ec66507265a150d1c828fa078b5d,322.500000,8
49,40ee08ebfc09af863f343d3cc82bd0dd1cfefd4f73e57f754948a8cd8eccbb9e,318.125000,8
49,ca65b3235bb92092a8f9d53cb9fbe0d7fd10a056d9affbc5eb319992c3fded41,446.125000,8
49,8b6c63c36e80838ceeef082fa205043ec41b23f13747882e111dca0ea52d2183,283.250000,8
49,61145d32a3cdc86bd22e1e3a6783b7964d6c5eedf45c91c9ae20ee6b3e22288d,311.250000,8
49,f74b1aba2c1b70df86ab60873c771a39f97896f1976d9fb98ce434530dce76c4,359.250000,8
49,4f7329116fc10eff87527df05e7b243debc5d3d6fc843f0f429f5d8dbf31a652,366.375000,8
49,1b2229b345946126ecd463c4ae698c3643d501ffb0e3f0d4c43d01618c2a6520,472.125000,8
49,5c626e9aec6fda0a47f26bdc239c8c304a0d02fd4dec8e7ad8500358e9128d83,227.125000,8
49,adee25fd7d2c4ae277bd6fb9e554a5b5d5fc5dd31e347ac3a5f608bd92009962,374.375000,8
49,ab17eb0c2e81a685e9fe2d6460e4aedb22f0ab1148dca195eddbd00759fbc541,316.625000,8
49,b02e1af56cdd91c40588285212ca45c6098ed014d09bff2dd90eb4ceeccf18d3,277.125000,8
49,771366974a00b26c5137f34bea90840923aec11a328694a75b6057aa06b74536,344.500000,8
49,655e933b413a3ac0ad88ce01093bbec1efc26a2994e28a9e59ebed0920ca4cf2,339.250000,8
49,9b5500add9701b8ae931793a3588623eeea4fa38fa6245b34dae2cb2cf14a218,270.000000,8
49,d61d885bd549bd259cd710bfa1247f496b9d0e8646bed5e307322de024fe6de1,332.000000,8
49,37e82e07ec43ab39e1c7b0e6a2a5e901c4f1b1103c1e867baab4b585acd80415,564.375000,8
49,750cd76c877831a58b9c9888f85e37486a0181ef0870aae1a557a48decdfd3f9,397.875000,8
49,a22f9b6f4190203344416ba278cf2d44df680d78b3209fe81236d7b6c0168ff6,440.000000,8
49,8f77e957bbfcbc78a31ba32d82bbfc75eb0d64134954db0e749d7ac2064da988,429.625000,8
49,0af763536fa2d812fe0161eb972931e1cfaf6c712a8452d68a78df6d268dec8d,489.625000,8
49,963122edca83a837c4b89c18a0ad1662b19aa5d969775abe78ceedd0b18f89ad,274.250000,8
49,dc19f3cade95bb6a04d60f48d2c7256d15cb5b3ad6f0a34b20f0f8d158f63ab4,283.500000,8
49,d2e1333f68bc036d9a21cec5bff910865a51c5e097dafc066c7cb7ebd02f0517,488.500000,8
49,99577565f9e8f6f4a93b2fd5eaf03b8d17e62ff9e5726549d60822e511f8b444,322.375000,8
49,ef91313310809f003d86b5cfc09124a2ac5f610cc339ee74314953b6be9a3ce8,357.000000,8
49,b16a149ccfa67b630d667ea1ff1bb89e5fb15e0e6df943c331c1d28b8bad4656,311.250000,8
49,7cb5249789911f669ca741420fee5f8341293283917afe258de6229d8eb4b836,363.125000,8
49,028eadfc92ec148838945bb58ba957b130ca6dfd22650f779eae76c8676376fc,380.750000,8
49,1e2e1514b0a47006b839dadff426f711014a84dc95d0a7693578d34f54d6e2c1,225.750000,8
49,6a523c9db2b322b8a5da9542cb6668bcc7f0d9170e86bce1cb3d2d7366f0050c,352.875000,8
49,9e644cee1e7b1e76e4129653c18127d0b18eba8e4ed518370d85810e52473050,486.250000,8
49,834161d92e6861b87fc424371e023c895a7d3921e5015b20e290b1becc171f42,704.750000,8
49,d2ddbc48c06b9aec2cbe2256991a52bcf784f0c35a9db6747bb4c7cfcdc72c38,501.625000,8
49,703e31998cdb8ca48dfda80cd69121f164c177ca60afb0058cdace2368c0f297,356.375000,8
49,9eeab81f9772e6bc12b7b091812b704a6813170e97ce5177595317feb33ff889,268.750000,8
49,1d2181c0482efe6e41d7eb56eeefefff2d03231032addbc931f20ab1be447b19,444.000000,8
49,5d37b4b65fc02b1192bf9fad5bb4db58ba9adfe4706aaab4e1d9c2aafde13748,493.500000,8
49,5238f2da5b266f1ce55eecfc401c2ab4d5133599ca8bb768d3e205088a6a42dd,347.500000,8
49,fde9d0d35dd38e87f5d41b5f97b57fdf9fbb73b992421209a2e8f3121ce8b232,291.000000,8
49,c4004261cb4dfa27d30df4db0f46b5dc52402e84d4553d273659bb19da5e9018,455.375000,8
49,1208aace72a3183779b72bf4041f78d4e8118080288537a2fdfe14e2f69728f5,198.625000,8
49,6896b48b20aa246e37982ed85b82e342dc998f4dd5e853148b4652d856d17947,286.625000,8
49,1789e77178bf12b13cda64d48ae8684ef14b25b6b9d2ce4e04b19a8ff16173fd,613.250000,8
49,3edfff4128cda99a93b608d7337deddd6d54a93bc2d2f86277e291aea0173df1,456.625000,8
49,3c8c004188792349a368c6f28f6ffa4926b9f561f4156172be0d3ece3ada0c66,245.500000,8
49,3f965baad9dfaa516ee015ad7f6e3519374a1a907b95d0dfcfc5b1df05ab0dce,274.375000,8
49,82e6d2399ca4f2abbf680e5e784ab0408176e736f05275bf12b1fded180bfba1,289.000000,8
49,34e2ca4910729b6466beade2eb854c5462f2239439e98725feef53b67defeb95,383.250000,8
49,6c374f06f867cfc28af76c41c261ac4efc37f4638ce80544d13ee38c1584399c,500.500000,8
49,11dfcb0e49a7dab2898ee2a4492b095829bf28a3795b3da4af3811d6947f7dec,370.625000,8
49,4689136f72982a26670a363f557f68ddc50800c74db3b6f9b0c34124435ffc45,276.500000,8
49,165a6ff12819d79e1ca15f04058d0fff8398ec10a64422470b2d3e4fd21405b0,489.875000,8
49,ad4d0660dfe14200c2bd069d19e9250ecf936675b260b93ac89da05837e37292,366.375000,8
49,deb1b79b17d2f340e7f81ee25834a87d6b5846a38e6135f7c73aa3b81894a575,435.375000,8
49,96c21301694a09a96b3ac906449151b03ef56488aa196c98cd9a87a5e3c62f66,373.250000,8
49,0a9e9d140e27f5b3d7523a4660ede8a2137b6957e8ae0371209532ce75c9d308,344.625000,8
49,27b85d51e4121b66cf264d12d2cbfab2d0cf454291176f113629a854eea29f24,277.125000,8
49,70ad4fcb5640cc7c98f4042c8c03922e4ab81defb122e7ada8f8c41a7eeca6e8,368.250000,8
49,cddd8ffc8b8b8e3dafeec149255d1a8086c14d205a6d454db69709e06b88cb3f,441.500000,8
49,3b3418818c65c595a254ff6c24ccd20628eee8fa4ed7051ad4ad246e1049e746,329.125000,8
49,ff53dda72d8c1c3ddbf241139c148dc7258ba3ef6df0dfe8ce5bd0540c49cb3c,254.875000,8
49,51630ec62e41f5ce99e070c5c9c536de48d30c38d9836db2e530c25f62ee300d,316.000000,8
49,89c58a1768a56390b2a75a3b18d12c472ecf76ea67919305c189df6356db65d6,324.250000,8
49,a2c0905b1d2ad52e8cf92c6aaf39fb0579f8cdf47565a3a412769ea2c4ed63d2,426.875000,8
49,6076e787da89e2ce9b5f5bd78c737dfaf559065a8fcb42ed6cf6f93b5e1cef89,520.500000,8
49,b2f8d7a3a029827744ebf9cafc821117456a2a03b9a773a09ec44ae32928db63,498.500000,8
49,6defe3542be73523eb26fc7e5ecd375dbaf0a8b322a1f2804826c3122470364d,310.875000,8
49,968e0532d149f7437030cd1d3f50640e608ce626b7705f98bd67aaf70d8c9c22,336.875000,8
49,cfae4cd86a498472614065f997ea6001bd16273bdbb96f99a613d81fd77ef692,471.750000,8
49,6d637153a1b32a144bdcbd47c0b534d842c4a85ba6672ba61a3472fa83874e49,336.125000,8
49,a3d8ca77e6fe9ec4fcec832f2d33d19de9ea058e689bf821ae551fa71f36b108,1074.625000,8
49,fff6a73c5d7a72a56bb50444b644468a12e8874876431261fb7362cb701290d4,683.750000,8
49,17755f725432be6c4018279f5bd7e2fd2c0e88d2b21d5a97caabd1a97ce7142a,560.375000,8
49,bcca9ec74a32832d4b67c9cf03056af257167bbae0fc635067888fc2880902da,381.500000,8
49,0b1c7f24778b6423826484d072ccb5d1c1fb50ce037d1d744ac5ab99890ecfcc,296.000000,8
49,7245af6a10d8ae893b864159f1b84e37179980aa0895d484cfc51a410859816e,275.625000,8
49,f8f6997b5f36cd4973f8fd97ed1a1461ece3c75bab25e223bbb8d7b5a5d0b1e6,403.875000,8
49,34bfa3659bf70be0213cb3c23e5fad176d6b572573bd09f31e5ce11c0a9b35b0,266.000000,8
49,efe8b354652377e39bf9a15553c0282ddd8c39be1ff9b267467b75df9d991532,418.375000,8
49,49c52f0cba94a942a6945bd188a68d544e2b5d403bc1b597be424486fe6cca1d,394.750000,8
49,7239334be036511884e85887886c3faa217ed046dc34aa6f438f027127b80a23,266.000000,8
49,3fecdf6894c96243fdd0e21fe955a9d1e5407ccd68b788040d1c62a6b05aa445,467.375000,8
49,6be8b197ece5a4f0a6f4b9f3b48f2da00b221848eea6874aedf88f9536d94ed8,452.000000,8
49,9341a37365598ba5f1f4e150596297d988d2e7de98c875e00ee7538806f70f38,258.250000,8
49,a9e1dd4f57ce2a76d857a0f9072d01208790da5cce077ffc68535d2795ad31a5,386.375000,8
49,42c96788ceba6c7163a05a722f83980a0a457673f96e3d4101a684c126f66f1d,418.375000,8
49,44400c9d17c5b7d94e2741ca8e489cebbeb2ee85ce49df13b5d49945355d3390,285.500000,8
49,db4a0a3c71dad8680431041fcda448ed17b80c18131ec94ee6b7af5b30520a1c,377.250000,8
49,a2fe0ba27e97687e003f23d5bd12f334a23d90a85a41345dc278be42a9bd2066,252.000000,8
49,99d3e1e30b318f384ebb6978458fd7f5dc54357c2cc8fd515fd72a191dc1641a,318.000000,8
49,1603958de8762fbe8d5139e33e0bcf56eb9b0e3d5eeccaa00ae406a66d60512b,355.250000,8
49,fdde821e9bbebe4cb5b979daa572627dce90ed3cd3acb1103cfb29d1adddfecd,272.000000,8
49,db4fd4e00e6a24939708faa52227d36c8ab71e42b7d46cac8b027224cdc44ea2,463.375000,8
49,52692530fec7af35b0b08c9ae3edb0c3b7d82864a64caa443a924e6a100f4fa9,403.250000,8
49,599e5721eac83346160e590bad52d8c44be7ca350e98f6a749d14255d428382d,282.500000,8
49,df8c9778600f0c78eab17cd8c99f9efb1a45cd7e253601aee801ead84ad72316,498.375000,8
49,25ebe7539eb90f84d33b589fda9515e2ad886368ae31c50e70b258bc969a4d69,226.250000,8
49,3adbf7953bbb4bc16247720bb0a3c1e12de38a85ba54c1af5ff27e0f5fa2676f,328.500000,8
49,ca6e280582a3a09bbf3752717460dedada3baae6aeadbf012375635d5ee64698,347.500000,8
49,6437462c979c73059d991d929922a7f2068770962ab4ee51f7f9eb0c00ac5f3c,379.250000,8
49,a5b11545cc4fb9713029fa4901e332872993e08d0f5b1cbd8e3227a4149bd91e,278.125000,8
49,dc2fd6890a6b9aff976942a6b4c43b6b56d21c90fadaf9fa7d98b071c29900b5,229.125000,8
49,5f271ea261b6729f097dac6e7636b4d5415a98117dc81c903caae56f97e43ccb,230.875000,8
49,b4e12cf2c164fb36d232d85b54d047768e618691a6098be12f4b888b8f7f4755,365.750000,8
49,e90bdd8c2f316352c8024f7925fb0d0cb2594c5131305abe70885c6df20db8a2,492.375000,8
49,e93289dcbbad3c274c79136c867e237f2324dba6713a84efbfafb4440246ba7a,428.125000,8
49,ae1891147cee78197ac0236fa74fe587553650a3589f793f92a19983dd999ec0,310.125000,8
49,c2b25123c13e0c01c06936dfb7f108bac8a370e181fd7effe0eb2d81b6e53ce4,337.000000,8
49,71798f55dc53b4c6bfee7bb7bc85629fa85e83acefe5f0092a219c0c96b83adc,452.875000,8
49,bec64df6b29ff2f1d7a1414866e40be17db094129f8b877d30c8935bffcb92b0,405.125000,8
49,d8638a83ad694230b06cf626276afd1f35580e292dae8f9195f7167152c1ea08,328.375000,8
49,bf7d341bd1a636f6863ffb0af7c3fd9a304970c907e75a54ec203c672d4dbd6d,288.125000,8
49,62d7f8be7c9816e387d1ff52fe4d16577815ef5cd2c1d2509141742c0c4a1da2,266.000000,8
49,d322b17fb7238b24652a05c0fcc2f6af348557532efdcff9d78697854d7724bd,359.625000,8
49,3bf618054122958cd88665ffbcd9b5b7d59c04a5be1c1d4876994fb7ced8fd06,358.250000,8
49,8c2ef2fb4dc1209f562f2163c04fda03173082d29627c46694fc451e63de17b1,555.500000,8
49,157df7e21abd351ed087fe00ecbc2787668b882cbddd695e37b18e23cdb49df3,392.625000,8
49,8f7478294e1a8eb88057ad00582db5130fd53b0a7c82c3f2d234692f163be13d,273.625000,8
49,95adc8f9f657b12c01e95d884ff0b71d6b7eefe1be19d121bbdfad0317e7d022,326.625000,8
49,60abffd69bdeedf34332a7b310da51bac412a1bdc7ed70a8fcfcd1762d549f13,388.250000,8
49,bfcd8c96a14edd6d02ead42d686ef835c258e48ec56458982549ebcc5b29c8b8,294.875000,8
49,63ba06a29af98ee93c9d921cf699cb6c12b1ec956a10acaee3688de5b3f8e565,388.750000,8
49,907c2238fbdaf85b924d73cd7341e5c9b89c5d9e1932b16cbd77829765be0242,428.750000,8
49,f1227d339f915dd68e986dafa82e8746debba0e2ddcf5bd315c6cdd40e9b3b63,588.625000,8
49,b46aa9e6163f0a4b49464558a3761283b5cbd5b905c543376d04eedb0c146239,465.750000,8
49,5340acc808c902a2c443c9fa32a72b41db98ab3e8c583ac011b504c15d227e28,452.125000,8
49,004b9f74d8f7e8294950a23526736bbf6ebf49d7273f2ee7a5fd28e96e421ede,316.750000,8
49,ed8bb15b35d04c2e1db9afed784ac9878cfc7a4945fc644e8d179434ee13c40d,609.500000,8
49,75572bdb65750d11a1654c9727151433a13360f4bbc6905eb58b0dae0389f2f0,487.500000,8
49,d0179c9d4749cb722efa274c77936736e25672dca74b2249adef625eac13233b,315.250000,8
49,76bd432c4aa3b99ba887e79ab11970f8ceb47ff900b6fa3282c745e32409afae,354.875000,8
49,d28e47f78f04c6c74ef5386bf114e41cefc8efce9ee3f7496ee31ff9d779401b,343.250000,8
49,121b671deb725507c51983b01b1c97dad4fb560cd3a3cdbd2436325ac6e609f7,299.000000,8
49,1551bce14b07e2afd4f114bfef545b8864d16a0da99c3b8e1341915f650c56d9,396.625000,8
49,cf9c5559cecbf20dcf99c36e5e9a191cab4f598c7fc802f570822c40aaae0b55,405.375000,8
49,34c2e873efb76d0abb9b0db02c94f08948f07b539693fa68b99b2f4232b35871,364.375000,8
49,3636c2a7f5778068743325a63c572eb4738d5c500a5b6e38835c8a8e7abefbca,295.875000,8
49,de60d2552c939b9e6018431bc8663395d9da42463361c7bd048e154508d94fc2,386.000000,8
49,0e2ee48dafcf14d5b1059a4b81268ba1a15a6164d6260d25b4b3f831493b3c89,260.750000,8
49,84cde3981eab12fca58ab0a196aea94408fcd3661a32377618a32a7c8cf195d5,328.750000,8
49,c68ef937530722cc05d5ae648677c4b32a7cb7c3f1e6da95ba7d6517b9ea1a05,487.375000,8
49,f626cf4a652381ba9248e9d0d2e1aff0b4475fffd3bf06c0261c49aa4818c754,300.125000,8
49,d31b6e46d28540d9abf3aa1d8ee094f8883af1a526e8934e795bf01a4ab079e4,332.250000,8
49,0223b250f1a12c886305c48c07f3c2b4881e26624a59013d2d1a7df36da34b15,559.750000,8
49,8d6395b5f3c241061f2a5dee10c09f899af6c16c2990ff6c671f8fa34273852e,283.375000,8
49,71eb47ce54e4863fb9b1674199a2770bc936652dbf4dc0cd1993d05ef53322fc,409.750000,8
49,6f1f1992f97efd8d8ececb43de91024c84ddb40b9e210024e8a4e2b7b539cb11,272.625000,8
49,17fe8930b0d2fcce82965423d59e9f88010722a3218b1964e8e37f0a3eca7554,236.125000,8
49,bb581ed8a99206eca7b1cbabc626966612d423ab24f707aff0ecdd392dcce907,389.625000,8
49,b51574dc43f40bd29163a936f96c1eaac76d8420ab7a36b071b795f735f13654,357.125000,8
49,2132713f2caee2b98c71c1f1d58b280a3499a103f28ee3fedf95d2e2d0f2c53c,296.625000,8
49,d4d37bf77f0fc7ef66b888e6a2ffa22dbb0893e61e7ac8c87a97f149f7a49346,493.750000,8
49,d1b2c502b141b0cee7085eb28368006611daecbb1a4c0e0d03be7693d1882a5b,514.500000,8
49,1ef2a4c97ae6a371289e4326f3d6664a2d0104ffffd8a460f1d4e63366d9cff1,307.250000,8
49,9c7184473c85a72ef3f27ef7321279c540cf6c0627b8fb6403a5efda43d6b0da,314.000000,8
49,45110900f30921cd05d13b54274d48abaff12595294584c043206ce2ad7d00ea,330.000000,8
49,fdf14f3222096afc0cb7691fd1fba9521138ab5fc6bbb5fab42e55ed34ed5635,439.875000,8
49,fb39a00543c8cc27a6e516b9aa864a80a2a3a2c00b0872e37c036b893e0f0f75,373.375000,8
49,6ddab6d99ce08dd5d2efcab7d9ccaa251216a4cee4c7f9e33c87425118421adc,406.250000,8
49,da87f77d41e40e0c100b68523c7d1707a995a353088f7dcf9f2f3cb3ff16c61a,484.625000,8
49,de7d42b4c3dcb54bf381b15683490456b56b44994484213694367183b1dfe789,354.125000,8
49,a75d632ffef177917c8cab22ac6d8dbbab4f5cf9a8c252765ba2d461fa3553f9,414.125000,8
49,1d48ce2a3bed1a7e3177872ad3efcefdab5be0cc8e3078277800f43e502b03f2,292.375000,8
49,1d293f1b5cc61a66bb4c970eb239d5c998cec00bd50a9bd6dda2bbd62d3be0f4,385.375000,8
49,79e882b3fd9bf07accc9a7f08eb41230d82781cf45684f5aa8212fae9e1b4a29,401.000000,8
49,8fca7fbc069ac5343d8d87869c9da4bfea7d70ea089dbe36889c1f68b9c2e05f,414.250000,8
49,347b03f324653e7493adf7d3f05735c438cff567a6c69cc576470810ea36adf4,384.875000,8
49,654f69e3d06df2a8017868a7d7e7f64d4cb08771a094a1cc325025ef3fd1c2bb,520.125000,8
49,6f54fa85f0692b569a1cf40656e3fe7d221432f0dc2a118f044a8fc38600dbd4,498.500000,8
49,323dd394457a8812aa6d3dec2d7036fd47a334bd00bf60e5dddeaf5ef675b347,414.875000,8
49,565506c15e5818278d76fed58856f6465a9a10c1236c70a7df44eb62faf64882,255.625000,8
49,a1a823a9063bec446189eb932e554e72ed3e593f0e5d953238fdaef62d42fe5d,433.750000,8
49,0f49767f78cdbe4d3fd892f08306bb4f120a5c1636851558295441eb8f1d524e,338.000000,8
49,dfe08242e85e23a83f5b98483e35e76d9d45a1879f5697542c06d952955ab0ea,198.250000,8
49,8a31cf687a25c4f83cdccea36911b54e16c9375a1654d559853d503c08489135,510.625000,8
49,7cb7a60c5b22c74c139c7f3a943ccd584372adb2f8228e1e7ef92d57f7541dc2,296.250000,8
49,a60d6c7c00467191e675b1b5f8bd0c2f30d22bd18e297cd6320720b978d50856,233.500000,8
49,6f7ff5e6e9b88525fac1a429a07d7a86cda962d35510b2c494008f5e70d115a4,443.875000,8
49,dc00c2ffbe03756bc387d5ca33236535c2577d9edf9c133f43fedf793f79fcaf,477.750000,8
49,c7d133bd8e6325c597b78da5e7fcde609710751838d367dde186502cbd28bc70,335.125000,8
49,e7eedd13b792b58627e312d88ce483bfeac8de17976a43b4ef6388fa7fffedbc,370.750000,8
49,4aecd9f703da8e1c94795d74d55b9a7df8aa7f89aba2d8b0e28f2370fbd74113,437.125000,8
49,71f2453830cd8511fb4f87082548a81ae432a891c241562ff3cd5580c60b8300,328.000000,8
49,77a258bf77e501ed04e1b25f1b10893138896c444aeef3f2a27f4d9d50ad9663,374.125000,8
49,f301db501203573d35d35b66b2b69b304fd719231a596cc3678a8ac2465848a4,400.000000,8
49,38dddab103ae13831e549d4be8bc636d95a46068870ea37c18128c06a5545970,414.000000,8
49,2412a94ce9f77c409d2654bf2fdfe7e8eeb8cfb0af19d5c876cfb2c54e799886,304.000000,8
49,432a4cb33f99cbe9a65d6a94066fb9691da506ab5f24043b941669ec48b2af67,331.000000,8
49,82442f20eb0cf04deec61c2597363a584bb2d7c287ff7dff46933a86b1a0f133,300.125000,8
49,ba9d5bf0997dedab84882d87318e959d3b89a72c3614be9b0d1eded4fe65a9fc,412.000000,8
49,6d43a24aac74e511485bfd8ff84a1baa524e4e444563a9af1a8b5df90fea8c8f,350.875000,8
49,d731df5a66b07cd05e4e2c75b351305123d06ae0de66ac3f580cf710ad67d8ab,367.500000,8
49,3c352b9ffab755e032b959e375025758d47840be91fcd9a88e0874e2e4158718,323.750000,8
49,dd4b66a30ca57befdb631061b66701e7446ac421980005d0985e2b0956da9d59,394.625000,8
49,ec4b19a8b1073f2af339afe3e039236bd509e77d5e009a617eb4ec62f08e1ba0,669.625000,8
49,7583935da2fa63991be8a2723f94d3c3d0cb5f08bae06fa065d250483def9c2e,600.375000,8
49,762364d47e2cee017ff1f3b7e0c0e071eafb7d835d148041df5e6e46d7888c3b,483.250000,8
49,c4b318c2e952f8756b3a239f5a644d68b950d2952d3d9eb04d8fd9b4aba9b985,618.875000,8
49,290cb1e2fb0c57ae8caa0215eacf773c2f3ce575a6da3e678a3eee212ff637c8,496.500000,8
49,2cc3134471d04bb5629c9eded2692116c639a7214bba98c9ca05d8974e651efe,350.000000,8
49,bdd389b4af784e14877b2161dcd665fd1d621e414a672b1a9d03adf872d519d3,255.125000,8
49,5dbefb0eaa2e633c05f92333d130c4051e608990f40b5ef71c2d447c0f72a22e,438.375000,8
49,4235cd2b0e1510a638288fa9f202f7201db207c72ad2a979f76862b327a0051b,223.875000,8
49,f1b890964bf02f9d1fc765c3eaac70b7c3ddd854a925dbaa0fa9200b8b09b9ba,372.625000,8
49,f3a3b57be60aa1d3e06151976b18ce1d277aaf82f99e7fcef4b883be900448ca,294.875000,8
49,a64d2374009888ccc1808bb63c451b96ff691d60ce1e64afa184b51f21a1d577,442.875000,8
49,6eceab319051f5061152625fb74b70e833eecf5413dc32a1b9ef066a33b66a52,367.500000,8
49,ee707a743afdc7ed03987a20830696c7d88b2aee2b435f0073d890826477b4da,335.500000,8
49,226928262ca3c2d9e8fb3043b71f096bbf03aec655876c6ccc50bd35e3126ec9,349.000000,8
49,30964fa6a215939574ddacc00a2ef74d6cae06e58e274df904a1323fe70f8bbe,228.375000,8
49,562f3b19c3eeb0acc6db2de009aad6f5ceee5c6b04b02e57857ad67e35be1ed0,274.375000,8
49,34ecb055128db7ab355b07462d255ca7d1d07c4fed3eea11f6f9a329999c8d2f,293.500000,8
49,5f08b60f136a80bdca83122de77f9b5b24b63a81f07333ca57f9a30e5baa0ec4,479.750000,8
49,6a28167d9f7f50ef2e5025377b3194b5856c14b7ca7c0272cf0625fcc84b6919,311.625000,8
49,8e8b57ee6cf8f5cec1b044e1279316e8a4d66071eea0504fa9e4745cbf56830f,246.000000,8
49,3afc33a2cd7de58ce99f4ddf129b45e2dee5a04207abd5661e4c4bd6eb9f81d5,388.625000,8
49,867ba2ae4154dfe581db608871c5073697d894ffb195bf0a62048649b389bdfc,326.250000,8
49,2725fb9ba4718bee6df7ddd3b24569e033257deacfd998e800e52abf9cc98759,523.250000,8
49,140171946a7a4f0576065c8a7166efb8a4bc714526c1af5a283211b23204b113,252.250000,8
49,877dc7c6a4a4baa25f96dd6148d6f1494ea8dcbb88f0194284ae1c92bd5c9185,304.625000,8
49,f9fb438b6e6af54fe00ba7ea52b619efb748cc072a80534cb82c5534d5d9abc2,336.375000,8
49,b03e8b7a897d5a20cb96d01cb119f049505ac2edad33d15a0890fc59caa33354,282.125000,8
49,ab4079cef339bcc7d3a444c3898ab6a3c3bb64aa2772678c8ab148798634efa2,215.125000,8
49,3e7e4672ac561879545e0710d7c75a32176fa40aa5a8a12fc7e2f4cfb2cfd50c,392.500000,8
49,5d2f0356dbad8359422a8ec1895c6cba149a0ea95bf377bcb754e22a01c00f84,264.750000,8
49,f8ccf63732cc2b9af0aff2421e22292bfe434b9e2b95de1ee45f95a3847ad7d2,279.625000,8
49,b13cea17b07334c1cf92d8a481c0be76684ccc88f16e5ca20070b0eb16c57b3e,412.625000,8
49,074d6656d5c26c088f7033c3f8f181078c53c1e1a8966ee966a40686283cb80c,315.625000,8
49,4b55cc411f9f2e5a14ba13e6634c59f66e4d3d0731e752fb7e338db7ebd6a698,353.500000,8
49,e469894dc46d938e656d543332b66d6c5eac40f5895993c750bb7adf321fbed7,375.875000,8
49,2467f589d40f0e69add9304a28a28f4244d0819ef85778539c529a530b68b7a7,353.250000,8
49,72842350b17a563562bf6871f74698268503c2767eb7a2daece633efe30cb27b,239.750000,8
49,18e3e8fe44d375d23b6b5bee120ddf81de73045a27b716b25fdf1df45c860b93,403.500000,8
49,3eddac75a2eabff13474495769eecf573f0b9db4e84c2c44a37ce745b3b9adc7,247.625000,8
49,2c30cd4c51a3ab97d4455738644885e6cbb8840845a5ce9904890651bb4efc52,421.125000,8
49,5490a149fcafb8222e6655334058ac3140ddd1ce05a6b8f90286ae934a62fb0d,314.125000,8
49,8f7d9cadc7dfab936b404475134c5630f58ae3b458d5f0e754784c5ec28a5a7e,327.375000,8
49,525429f96a5a590f1359ad113d1fdd2d9e128bc6db8fe97c352661248f72caf2,346.000000,8
49,c47229602b01cc478eff5b984afcf053d980a30730f34f8baeb0a429682ddc4f,356.500000,8
49,85338a5731f8ca71e9b99175b8709cd1eb83fd1c20e0a3d6a2e8447c00bd1e12,409.750000,8
49,05abe4748934a06d276cb1fc98a5babdd17f2d43a716ae051cbd2c6f20e355f4,341.625000,8
49,0d61846ce49bb8fadeb2204cfa58efcfaebed2c3100496590a1ba7dd5ce63d14,302.625000,8
49,efcc934fabe710ded5fb93dc79d0df10bf2ef34975d7695004eab7a8fe8a2178,483.500000,8
49,328e38e9e72b03c28af207dff9d50c29d9686c3335685b8b72e9eba59d688f90,491.500000,8
49,9c9f29870736b4b01603c49cd88dd46de66e8cd85e3d952d0e3b610881cfb29b,392.875000,8
49,401ce3a2c9af2fa71b22201c62bcb7151f74f797f87b00ed8beb4a44da048d85,395.625000,8
49,fbe9b87034ac460c5c4ed5b10d955a786a62eef45d436f0870f6ae639cdd1875,403.375000,8
49,408c0deb259f8c4c7aa5ee8df9f09a6d57062b907bd3044ae0f257a1a595976b,385.625000,8
49,a0eeb269e792e8a978da24589af14511374ffd743990ebb65fbd2180f8c59e3c,316.625000,8
49,92d08e7ef90a5f34bb3fcee6c3aa1a955b04a272798029be6c22a01ec6dbcb4e,291.000000,8
49,cf7b4a3cb8c7ab515f260253f1c1617150eb49bed5590075e44c3796f31f907f,244.750000,8
49,488d9df4d0144c08ab589e14669dd28105ca7132debd97666649dbcf79630493,293.625000,8
49,3762ef8bfbddacc4d29a9fb1003190b9f73267c5b7d066f8af6ec5c7ba018749,386.625000,8
49,7d7883421ad7ce9adb1a16904a51de4daa3b089220ea32666a5a78d57bf841c8,355.000000,8
49,630f6d9041022df2636f8ee0a41841d4ac346b85295ea01cd22a3c6bb448d5e4,297.875000,8
49,3a807d6bc6f692673f7a97d4757a9ff5252986eda569b4ad11f5f3db95bbe134,430.625000,8
49,6f1f22647b5a25027fdcc0df1da7208ab560dded2c5edf2d32259bbe37631468,301.625000,8
49,48970373bc7eda2c8b9ecaa2e5b06739fd36ab63d135cfe5a06c97a331250151,452.750000,8
49,6e8cd8eb6f3f81ee5417241148608acc44943fa9ddc788b9013938920d22edd2,405.375000,8
49,5a078c8bcca3fa1c99cc53b9532b6e7c8b7b524926b185ce9309664b60014097,354.375000,8
49,68bd3971cfee6af39d4342957aa8fe76a1d37b009b95f3cb91bc52d321c96e16,259.125000,8
49,c676203eeda257dd12546c938cdba6c6b8f04287b53192d49631984a82db866f,441.750000,8
49,a1ed07f6ec0ec14a85802e9459c61f0ef0beacdc57687975a0e96c1df695764a,321.500000,8
49,2ab13642e615ae2e0a2ba776d636c16d53e6356beb952070af4486d91c32f748,352.625000,8
49,30240a4b0b20e3b6541e5b8880fac28536a0b7ffddb24310a24d4d28c0ead0f5,471.250000,8
49,6356e3447cd3d8aaf3705d037fd7f1424f28fc717ac3199b8951a7747c5ab3f9,261.000000,8
49,d0fe9db3f253842cb9b0bce63c0f345235b9e2754bd8e22ed1d8c650ca1899f6,257.625000,8
49,5352091f7b20f85ea29e98cea085b61c654c871432b99092519e90149e5c78ae,574.625000,8
49,642de7e274d8736e0f79e67b83f3577010441efe837f995536ad1854dbf65cb9,444.250000,8
49,b876f58f9222ec52f67e213e1cb7e4b301e7dd40dd911d2a51932ff82ab17459,574.125000,8
49,e1028fa5bc8e546e1797b97ccb03fac95e0c3854988dc5f2ab77e2389fc855a1,482.750000,8
49,d0c2c1732483c5dea5d5547321ffd8143e0d80543f92df377068e2e4efcdf44e,538.125000,8
49,c864b5307f28d329532e997b2582f9fcc01fdd510b0538ac70e50d8b9867acaf,552.750000,8
49,ded4ad7e937b20eb7d7ba0122a26e64a679514205d231a5e4deb008b9c3978e0,339.000000,8
49,47afe8744f29c6d924f927c5131bf125a0ec35497d63ca7f0b185dca83cd4685,584.375000,8
49,0145265de65b56b815e35c6591769a2a55bdfecca9aadee7e5df4ba70b8a7fc0,464.750000,8
49,1a448e6470835bdd222ca3bba50a5aba45842c4ce7cf8bf2e8040d2f2b638f98,505.500000,8
49,783665641257f68d933f1b6fbcd083dc9375af40712d64b59e7b3deefc1748e1,547.500000,8
49,06f120f94e58ee7698423fe933646f904401b16d18f5aa90dcbc7815e05805ec,356.750000,8
49,6cfce66e2daebef3bebcc52ca56073ea7d682b32a36dcf71b07ef0213babbf45,513.875000,8
49,e35e85bd1e12c0e21e49bd3a7bdb989247aee57ad078d7b22ef2cb6666b32474,353.875000,8
49,f976ec00112ea5626ce118659c4abb01f6971a7aecb7d6bc1eda2bb1f04fdfbc,420.625000,8
49,2cd4cf5ee7be74dc125bf465466a32bcdf36466729f5fe04acea280c4cce7cb2,301.500000,8
49,6b3a3c64eb83884a9f8b956a56e1ba7d8a256e0973dfa6583789fe5236e89db6,470.250000,8
49,7def4bceb8bcb1400bd1b3300f29635a150fe93aad4b70957ef4b94279935dcb,271.375000,8
49,bc3fa9cb9dd02647133d960d05b2dc1669ebea1d240d169a41a85948d9860a95,269.875000,8
49,35738ecc481aab6feee2014246cd024e8692a61c2c167c51713ac7296b66a001,393.000000,8
49,21f85cc5d044835c7174904ca9884bf7600f45cd4096f6abf3001c268d877686,334.625000,8
49,79f8a10aa9410bf67a2c8512bd1d1f0b5b60eb2f60926156bf2c3cce5f0baa25,259.750000,8
49,a94a258de70e75cb0857d5596fa4828403020a07bf4f093ff598c692bc5748ab,476.875000,8
49,144d5faacd5c73e1ec4417b2b5e07dea95be6420116cc00bb2435eb96b639570,310.250000,8
49,91b47c030e10a890161f10662676d482088c390bffeaa3fa724ef49aeda62727,317.250000,8
49,cde1bcbd43de183f921308b8e580279095ffbf34c123256082d81acc93bd84ae,412.500000,8
49,926f1469d1c5477956dc52cc9b98ae28091e141a5bb69a27de83b7bd2cd9ad1e,466.875000,8
49,85188046403660cb197b113e5e0b81f4a6ee44442e7b651590a2801b4a98cfbf,482.250000,8
49,4344ae2d1d97e1073fa57bd3621755bda0fe2b99ac3a45841bfe64e2ebf33e13,389.750000,8
49,bb8102cfac6db27931472dab29a8f1c2c3145461d9b83d0e7b7d756d573eb887,370.625000,8
49,08a414915edde0fa12cc2922a586a5e28e27f98df87840ea833f9308d82ebb86,500.125000,8
49,b0c1db1d4c134dea95116c82f2d2f11d89f5c7603824c9d326cd7d9f72f1388c,408.000000,8
49,07f3c4a77f2106f9fea17152d20259eaf404b194764dda833f2a4bf1c9a178e5,241.625000,8
49,e69e929611e16e3aa0990d5d21a0930f94a4e790645a8fb1e60cbabda20c856c,418.125000,8
49,359a4b22d321a8c2f9b4384c0ab8eece63c462b50d779d7780854ceedfa28740,402.250000,8
49,df861f82508edd6c097ba68585784b2b57f789570a90c67f3a8a6a2b7235f03c,243.875000,8
49,9c7cf587a0c8cb2299f47db0f39ff0903d368fcce11aafe24858daad16ed18e0,483.750000,8
49,fa31e19884ae5c7eae88d1d1a75df4d818712602c986574f2789822a4df7c12a,320.250000,8
49,58778521472fcdf1a69ced888e2801f2655eca2f59ea29724dc4265927d2552e,341.250000,8
49,084a0faaf5669e325f48c567b7008afdfff81915ffa1b5148077db3c34b9baff,417.250000,8
49,665c181a5e515e366ab306f2a734c3496df63bf25dcc8a5a54378080d8146972,305.625000,8
49,41cc73d4c4a7380fb9871bddb342a1bf0778f315c062fb50f8b67b7bbd91a0d2,245.125000,8
49,2013093c7e94b87b6dc8a90744c7f9b630c846f0f429fcd143fb2c581c9030f2,253.500000,8
49,b6f3bac8e400ee3f321ad7a782cadd6382c8067d620a0bbd8617b99b160852a5,234.125000,8
49,07cbdcef544129f0654c98a961ba49870b88e8776de9bde295ca96db591c0479,388.625000,8
49,14f89b3e2581fb28ac01925c1d86ad4e75fb1b92af0f901b580f5f4ca28714fe,413.625000,8
49,0610e16ab7dd5c334a92d6dc528b4542d2486138c47a63439aeb3177340c6a84,547.750000,8
49,c95ef9085507cf557de6df651f7e51bfae52404340a65f59b7b97e3819cd7bd1,284.875000,8
49,8b4ac95d0a02b65d6332b30da373ffc446c3317362af35d2c4f27383b8dc28d6,340.875000,8
49,5fe74b48c837d2fb0abeb989a59d88dfdbb1a9ba4dcce5b37e88450797b86fab,307.750000,8
49,c6cf080bfd2d1a36a4df05c06af2d3b255c5f626dababfc6c4ff2baf1242c074,253.250000,8
49,830fb8b982b66238eb47472c91287e690909b48d8f8d1cae9fcffbcb0327e05f,527.875000,8
49,14d12298c399b83557a301b98ae9e7ab7c639f275a616a9513e3b40b4f1dbc2f,365.125000,8
49,e442078d821c4b1d6a3254859d3d3e5f8a8ed9861ff51b75e1a38a81cea90f49,288.500000,8
49,ce487bf08714abdf5552d9bf1832c99f3f681e7aec6f1c711ac5a4569f6fe0d9,349.250000,8
49,0799c0000e86b1bbb47bb7550cad11269ec371d4c89e734397da0d383e6df59d,296.625000,8
49,5d20efad3e99fe844855420667d0c3d7e2f932f193802f3bba72a49d1b512042,322.750000,8
49,bbbb028e30548027e52baf2f10b23f09456b558258a92fb97f70d159bf6e8117,404.625000,8
49,bf6055c72e184798d4543837e1b6a5465c6b5806b1dd892d8227d2e25949d5cb,346.500000,8
49,7257463874b571e637b5a0a4301ab3fc5a9933979a17823e994a2d248ce92c31,437.000000,8
49,1bbf7cb3a7933eec3a350b76c7524503bf3d835072338950a317d2634f20fb23,451.875000,8
49,9e16d28552c2caf62762f5301444630dc52caa07defccb6b1b2056ecc55394a8,381.250000,8
49,f8cfc446a67c0f933423cd16541d19718108d93cb02384f54ee153d961986c3f,273.000000,8
49,5289d174ba2669345642c60f79c2acc0ef4f4bf334b725461bc24504d3343cb9,400.875000,8
49,07dfa494535f597a4ef3573a3ed89873e3d960c9c2f8155118f71408c198bc21,505.125000,8
49,490a886237634b6414286c21d9921f772acf36e4fa0fc012412f59e128f738d4,278.250000,8
49,5d60d836c1845ed2e07300088ec7b28b9287301a5bc8c078a4d7b6f41ffa3b48,404.875000,8
49,b9bde2bd98c902975c2b4d4efd91af09edcefdc3844043531b1794c98b9d5fcf,370.750000,8
49,0aa48aa81222ffb7e7a1cfcfde3566f59ff3f67ba1df67af5953e25bb09ff145,395.750000,8
49,27fed95e698a68f9b73dd0436dcec09b46a1339460258f9609c0ac9250334822,422.250000,8
49,38b9722546f4ac4bb92b535e5e20f69ddb13c9aa67a2268d4cd8ab87e54544f7,438.875000,8
49,7a992afb1d76623642c5d0fb1c87250aca4e513a2568e3afb31fcaea41b4e81e,472.250000,8
49,8f6e546487b16b4dadcdd07895ce6591ba838cecc3a64d4f2e3908beb6b14098,344.625000,8
49,f0d286465ca7a36fcbdbf2a2e5d6f3184d29faa0f653ca3961258ce9cc4858a8,385.625000,8
49,955f7ba18512b077fd52c3a5f6b1af90d4db5ba73ba2b7a54ed3a68539ec0af6,342.375000,8
49,59056c8b57c65ba8127a9a17b1fc22bb7162b324962dc069837e908c68afb4d9,271.125000,8
49,f9a8784626fa5edbb23b19d4825c7bc51ea5d99e1d00fac55036626a33dd7486,263.375000,8
49,62c4ceecdb3408c0eeb09e68bad7a42d21e529ed89d40f4622aa1475a5fe15f6,330.375000,8
49,76c6a4c5020a8ef8066c49977d666f1eb22bc7009bcd2538a7e79ff92519f523,316.000000,8
49,93dc136977e9268a7ee78274f7326d864a6ee4f529b78e7adfaa5229b05ac0f5,275.125000,8
49,7cadcda0c905ced300c205df67fca4d19043d6511689691bae3459a63942929d,432.750000,8
49,af61ccb8e2c448c05213fc93d30b395cf39501d4a41eb914710389a230820c4f,253.500000,8
49,ac864ae4409375324102caa3fcc7920b0093da1d7bbc3f508f825c6f9ec00120,384.000000,8
49,756f9f3e4a9875399aa544eab21ebbdf392485d83d94acc46c35bf167b0cfd52,374.250000,8
49,e61529e3c5c4e7868c19f57d26a1aa64ee265bcc71b6a63eac81ac00385fdbfb,269.750000,8
49,d1e7d75aab51e53430a3d2d08fecf1e70e54425b44bf4baf241ed08f90bde740,379.500000,8
49,fd8d416d2aa9e91227cc1fd046a12f0913778798840376e15c391552f51a250e,487.750000,8
49,33c323a3cc43f652721dbe3605d934db2454b6c93f35c223e1868c220ff5580b,431.375000,8
49,bf221b8c0416d86d3c173a8f5f332fbe4a5e9ca605306f066f2e91899323068d,377.125000,8
49,d1a27a482e93b807310e253da252ecaf6f8fccd867b1efacd794d75f9b471a2f,354.625000,8
49,d77e78d7bf98a352c2cdcebde5588005664f461a6ecc453850649f3aa52c0a65,336.000000,8
49,64973c82dcf3061caf9ec828b6e3d5cf4576ac2f7ca77a15ffc81abdc20f3165,395.125000,8
49,8cfbe4fc4a366a14117c19b8cdff83381d8920d07a717933ee4749a383825c30,362.125000,8
49,6cb828be82f5219c68bf2306c3be56f60a278b38862507c3c60fb0172057d16e,390.625000,8
49,e7769c38c3044bb6ef60319850b1675a620c2636d33aece34e583e7c67addf09,401.750000,8
49,78de6572340a9770fd7d467ff7ec65dd998dbd6546092e424a4d67bc9a109dc8,361.375000,8
49,0b7f7c85883bdc31e82c3d9869b6be8942206a375b4c0e0b28b56d0b6a6dccc1,494.000000,8
49,fe12ee6ac40f91ea01b3c02aa3c4f8fdb93a41c4641045af7ffbaa1c7e3a4ce8,351.875000,8
49,1f510a24130b366df14575859872d4b3919ccfaf1446b7a95a557cbcb4d6c12b,390.875000,8
49,747c073d4ef1b5df841d8773931fd833bd189ddd6f392f6b92fd6c2cd0f77050,273.750000,8
49,8f827a89d64ae85872c12cfaa0aa545a72481a35d048e532d95f1592bb2397ed,241.000000,8
49,e998eacb73e7dd73d6e364c2ae1e0c8123930054770c433fb7563fc4e1ff84fd,477.000000,8
49,04c4aad2ad3215066d8e567f75b27f42b0b810056622b3430bac9adbe7c43ebb,289.500000,8
49,8135a7fa700ede8e47ecacb6aba8113bdc124509503b52dbab437c0f14cb4abb,302.500000,8
49,02886f34dcc89bf1f1fc88f4d27337e8bcafa48bd52a7b3e39654113cccfffb4,370.500000,8
49,dbd66821b178b21b844ad5fd9a3aa3ace224743d17be6085253650eb6ddf901f,328.750000,8
49,ab860eb98afcb4f82a739467e9cec99482ecb191f2b8fe6582440859cc389d92,263.750000,8
49,915969af10571dfbee0eb80b1b75ab5c523016a2ed2ca68423853e5f8497abe9,379.125000,8
49,3c546f0495b8ab0fb35c39772a89acea4e8a2546f4d80a40f63cfef0ee657bbc,411.500000,8
49,82ba0a06f3b2a4d81b792e21f679c6fc5b84385a99f6e2b14c6bc0b33027d4db,455.000000,8
49,41dea082469865365e89ac1b7bf2125a3dc3d01119ead534f9f16ef3fde10b64,395.500000,8
49,2e4b73e43fef86f9e13f3d518c9762c8cdcdceaac0ed4e07f1f6885b42f08368,346.750000,8
49,a247d538c0b6e6c4871a85c59f6e09f7f62a3602298c1bcea51b66f9932c1ea2,472.250000,8
49,c3bba9c53846aaf8b74e30566dfe9d2bde8d408c02b333cdce2cdd2b455383fa,274.375000,8
49,dc00083065187b09a57f63dcbb10f9a00f2bdea52dbcab5563a0185e165ed099,281.500000,8
49,947caf7fde8a1714df8ef4bfbd36cc7396418ccce3acce05f0f307ddc050f01a,393.125000,8
49,e30e1e92af30c3b4a412cedec8caa34efa70ade268dac70f0fbb5ba8f05e2c4e,247.500000,8
49,e39c6cce391a6888ce91b17dbd2de7400e818e98565ca82e2247071e85b5e22c,376.250000,8
49,2a7817faab9b768c325f0beda4f2e7afe25408dfe83674b8210e6685f4939679,303.375000,8
49,e331338f057b9b4018e205a7abb8748e18b1992ec425998ba2d792f13fcaeefd,379.000000,8
49,07b48248bc92cb16fc8ab6a12f240c698864687f9dd47518e407cefb6eb1afc7,341.000000,8
49,2b023a9a567a85ebcfff73cb83949f99d71d92e381d64aeb7985ac26bdb595b0,442.875000,8
49,4b3f9f7ff3bb30f2d7ad13874b80386d4aac9521195ec924a1740a275eb0b64c,400.500000,8
49,0f354af11e036f42491016088bb28ee3593a78f4f5ae25d2cf386fde193d29c4,252.625000,8
49,6188dc5318a2bb73ab9d6fbbd405855cd46a5666030f9fb7645b610059d5cae5,284.250000,8
49,09580b284f1f22c9dbb446a044cfb1f5ade351ca90aeeefaac16d3844be41506,366.000000,8
49,8d524aa160996be0db0ed92c4554e2e69fe000c4855275c9244ae22a47d6c4da,504.375000,8
49,28460884bea2bee4c427b2c044d018d8641f084f9749052076bf5f0400535699,295.750000,8
49,22d0b08e33df7d39a02cbef695146380be4217beb00055755ab3830984d29bbb,435.125000,8
49,c0ca37bc2f0bf58fa53a9e43a9e634ebba335f58dad98f9c20d520720024245b,389.875000,8
49,ba7e01d108360ad7538e4b6521f5b00cfede2e270c552161417073ab9c1f9be2,401.000000,8
49,5a4e6e19e1db0c0cb337905cceea38eb559c566136503a4dbc43af63c8ef8f59,409.500000,8
49,f0b3e332279fe31a917f217faf87a0342655c3828b8c1337bbf1982a95d8af0f,419.375000,8
49,0168e4189d86f8147baeaf03571b7ed27f4b2ac6590ee322e5b696e65960a9d1,274.000000,8
49,9d7f9ae6961713db5608fb364a77ff983b4d392058fef161c72ed932eaac7131,489.000000,8
49,9cf4a71e10508dbc62fbc951116a54cce4c1f6786758689ec7f0b09e34f171a7,491.875000,8
49,6e49650c2fcfd3e74c1d8c4fc18cb61c0230d4219a09dc1fcbb5aa273a83d1d4,410.500000,8
49,d374c344dcd2c2fbdc2cd82cbca68449498ef51d00597af55b2f5daf71f85fe6,248.375000,8
49,3c2ea7d0798e247c4928587f8cd5537b3d299e437fe6ec227ae191aa42abb42d,312.125000,8
49,3b2a637ec512f98d7e4cb4d8fadcf16268f6546cb867a18e0f943652581d856e,259.875000,8
49,de6c2d43e133f8de24d6f4a020d55b9c485ede3978be86176d181cda13ea46ee,317.125000,8
49,98f76f0278eeaa3e44e0764bc614a3b6905aa97991a220cc33b91d17a15eede2,272.125000,8
49,e661c3a9233c7843ee62970250876b9307dca9d1275396ce13913aa8864adce4,397.500000,8
49,a08dc824dacfe488b9b006012a6972c3830446b6b9e5023c2d29404e4ecb1402,199.000000,8
49,d518aa4f352367107f03e835acc85ab061b17bcf9ecb231f67b43d2fd4ff72cf,377.000000,8
49,2e57ddcfe91a9f7359af621f899fd11e507599c5576ef811fd313112bf7697f1,323.125000,8
49,f3cfc7837ed6afc062cb9bc980962d50fad2c70bde408f2a6aed5705e543bb0e,396.125000,8
49,2b6c74017b93d72cd170fc6320d5de0aff33418fce8642492a5a6707d8379338,359.500000,8
49,ff4e573cb173c42cc1bf6a2bce540703d8d3962025851479fb6b8298a32cdbc9,212.750000,8
49,7a69d6884031ba31d3abbf70259c955a6f868b1eb44975f6bae6a9d40d25e07a,337.625000,8
49,9f6059345f87fec1d092433752cf0c7dba16f4defa66fcba8e1066d45aa5a05b,367.750000,8
49,04c99b4a541a17c6416334b4177cd0f354124cf7b932954883b3f9e83ad8152d,517.125000,8
49,347643f8512a9214a0356a8857609d7e9c3ae2ea380f906435794180fedbb8f7,352.000000,8
49,ae1965594704bc716305631e6f3564ea30cc793daf7f9708e4261d1a232793be,279.500000,8
49,8bb951374b6201288e05a44f7ac7d95ac0e0d94c62b19e024ced9c8c5b1d90ae,339.500000,8
49,34faaf259a18b2f0efad85254419daab3360925a5c3a6f687a4f07dd2f5853c5,255.875000,8
49,dcbe99e001b0bbeda8fd04f310cd5d4a13e37aa86f716b2eea4a628f4d5ca381,276.375000,8
49,b4eb79bbafbc7e60a74f9ce44dedaabc5b14c8562d2f4e9b3bf9c93a21bc7c0e,449.000000,8
49,90d6f1d5657a573dd0b2422c42ee7575ac17faf2ee062fb82b079d9d65880af7,404.375000,8
49,e7f8fec1e0abbad943584b31f8d5fd4c0f97ceb264288a72d77973892731021c,308.375000,8
49,67f7d736360f72f263af1f594cbaf9c3677a0330a846d783ea3631cc7713ba8d,343.750000,8
49,b23719434826d2288ad32c23ac6d0c78ab90bf2bebc212b9454dbcd4d4aac578,308.375000,8
49,467841f84e17c25b7bd265ced2c7286a302cdb7847a443b9760baf7a66ec8152,253.875000,8
49,6694c05465f02356d51d12c417748dcd8300b1a59bd6350ccecd9b723d5e1bf2,220.875000,8
49,55ba6b3d70825011ef262e9ef6326f059bd755f663767d20b1a3504e2eb6b5e5,436.500000,8
49,b70b29b89c4fc01254126d18976c59eb4d02eda17b0f8a806431eae7df5a1fdb,375.750000,8
49,15064242a7d948c58468cd286be5a1b8db14290b77c2fbd43187246156188e4e,384.375000,8
49,1f121cfa19a68736fa8314e3cedb8ee24942434ab5a9aeff5dd40bf83441e557,287.125000,8
49,21ae2a3c7a9629a6da9bfe4da259709c8765cb76f4eee0bab4f2cc976ff1ea6e,352.875000,8
49,939b70fbe888e222286f44fc15661ac6c2d0e118543437ad2fa8c68404718198,460.375000,8
49,3117b882865d2b3401a9bec3e67ebc0634759588557911ce5c00945415f73c5e,381.375000,8
49,4629ac332e2aaf4f9fbc207f1316310a36d2a7ad2ded8191286a6e5676ce7757,304.750000,8
49,736c83ec39806e6e6485093573a27034f743b3e1c57d4ba67d177f7d51fae544,271.125000,8
49,793ae8d170b16a1f6ec2556f057854a3668c9a56b69da122427c8472f1b7b1f6,258.500000,8
49,3ff58201b1987365f8e1dedb77b3a305542f66f0ce82694adab9f7b9d2e971a7,280.500000,8
49,cb7de1a19320d9e980407959a7452952b6e8d74000fb9a9780e8c8b3d4541a72,431.625000,8
49,19f270781c7b5dff7f4326be40d3984e516bf49183890c59d9b7503527b74ab7,253.000000,8
49,3176abd97b8ea959b1565f641753b5b4de76666f3e4b4a4ebe3e82d112190baf,326.625000,8
49,9384d2985bc5873175bef9f3bab655dd34092e501893d9be54692d180785a9cf,285.875000,8
49,68ff5f72191a71806df85a84e7d1f95de8f922a138ad7f7d9dd97b58a0402a9b,416.250000,8
49,484b1126c68d30ff9bf90718c8e1ba4746067b04beacbaabe06233f1f16b33ff,413.125000,8
49,755d89e49696241ff7d7dee541eb609e3ef2670ba8127da173c2256902d31fa3,324.125000,8
49,0aba53909a76875cee03d400e2995dfec67e1f72dd8c9c82f8cf2b581574de6d,452.125000,8
49,bdb4aa38a9739d39f539e8b5cc2f497535acf453ac9056f722fa297da7a9121d,584.875000,8
49,5430deded06b14c92d5a1605ada8dd43e1401c4084873872abaee97bec697b34,442.250000,8
49,496322169f459d558e65e8b5783ec8e59c0e0f8323b8833fd66199f21b34f6ac,253.500000,8
49,a0f621676b3e283fccb4377adfe9334f2fe4dd8045195e41e10c7f4da7c74c25,270.500000,8
49,b77af9cf6c37b454bfc0a77a4e8ae7bbf7baef64d81155c159e830a827156cbc,395.625000,8
49,1f4e275ad5b4e644e8a6c320988c674bb3a812ccba022027e89be78cec8395dc,336.250000,8
49,63bc9af39f93a61e7c19ab281221718e43076d6e097c3387a2a840c83430bde4,302.250000,8
49,28616bb3b44ceee3ec9d52d8edbc1268078cfe2b2a3f249e149783f4c233fc06,236.250000,8
49,07ac9f9335377a121bd8185e6323faf89a900374b5a1d9d7e96d32481a65b854,511.875000,8
49,1b0a56cced793e56cc89692f21de5d295d2cf1036c9ddb8b45939603d3f97ab3,346.875000,8
49,d3ce0cabcdb9ef3d5f66ccf534d119b2655703b3d47b731f2ef1ac68b90a3166,297.375000,8
49,dd94216d90d818a5288dd68d479ab607829f2127442bae753936e23c75ec55a1,320.375000,8
49,e9b0c193dfce6dd98558fdd2d1f408bf9da7eb84a9343800a705b36a735be87c,414.000000,8
49,cbae7c99d74d520194300b52a765eb67e56288086e11ba3e05b1bb9f4fea966b,286.000000,8
49,9af9c2d274d456dd36d19b2ce78d4a5e45b744d34cbc1f0a3b1d54e80f53fad5,406.750000,8
49,0ec87f60844e791f187e7bb7bd5d88c0ccc4ea37c742a47982acd17271d1073c,230.375000,8
49,71a2bec8008ed06c87c72bee719deec09d8d6428bab56957b975106655895052,429.000000,8
49,51fec6bb14100f8a51af1a3f4c96bf96b0df22d52db9105393448cfdf6905ac3,346.500000,8
49,b22f32c408c04c1c8aa40f19472a92991249b39db864d93b12fbb5b7e92903ac,362.375000,8
49,d97c1793905e19df81b3958a93619a5e6fe3417d7d984c1f2af74ba4caecb49d,314.375000,8
49,53f4c515d1b20c3a724aae41fa9cf3ea6ffdfdae422099f21097861828864bb1,355.500000,8
49,6e1b2505d4f2b0516d55f9e45cf6b75b63a6d1899b20993e07b07b3c48c7b063,437.000000,8
49,246b44e363ac2f06d7489d21d326d4fb9534ffc3d25be921be358b27c6a3be99,374.375000,8
49,5ebeebf8b19a5fcfd512883c5e957595ba6be457dfdb8fa71c2928298b4d288f,367.250000,8
49,6b8266d49beda19609b5f61f01a617b43b479ebc75e2983b53b69effc78a935d,436.500000,8
49,1170b4516e21cf182ce389045d03407c62f5ae73f651bfedf10f9f0c9a95ae69,440.875000,8
49,50ce1e480229124affec0509f20de5fc3bbac206f035b35a1c522c922df137e2,403.875000,8
49,83a0c2ad09c8961667b87427e089c8e7e326aa1773c3dae895ed1d3eac436253,332.000000,8
49,48241e6cea2796f75120da478ddda5d372747353c41ca3330e0f93fd5967967a,423.750000,8
49,9fe431921c32c1ccdb00909163e6a10ba1e8843ae3a15dbb51d06b9537972b13,367.500000,8
49,5002e2ed9637a8b2253579aef486ca4a82916f1f66cb557e5ffffd99d842cc16,363.625000,8
49,7f81eb13d7aca6fd8463a3fd4a2260c6073fd103de78bd7b04f50a777933365d,290.250000,8
49,5adf4c50d8ded9d04a1a190c6d0671809cdbad3579c8a2f432fdff9fe7a36367,454.875000,8
49,745df186b0ed19076577ca5d3299e5b55c09264fd0295d9148d4873fd871b9a4,291.125000,8
49,a494192e617a73f77582813111584d970dbb1f7f4b121d64de8eb16bcc99ed9b,413.750000,8
49,d20a14ed0fa791729c86549dfb2afe47c80319b9172f10cd63f0647ea03e7dab,438.875000,8
49,d9b16c43b04a19f212ac438cd114d907dec3f322470449a5d71bd521a611131a,264.375000,8
49,6780a43fa6bbca23e45b4c74d6e7212975f95b46c9a665075137edcdb896f643,515.625000,8
49,00bacd502a0370a4db36bb1fc17cbabff878d4d44870544e4df8ef73622ec62a,353.125000,8
49,82fab8dec68219c3f92b9a9f1897eab95a6eaa5b1e567cbf916324d33b69076d,272.625000,8
49,6996bfadd760ff33826df480151fe7f633163b4d558484a19f3b27438f5fd558,339.250000,8
49,bcc571f60faa1de97ccf9766bf1f17e6ff9710d86c676bb72933f42ecca79154,453.500000,8
49,264b568b247eda5a93a0e1b287cc6eb9f812a3713f59aea92a2e568ab58a9827,309.875000,8
49,008ab60b4fc2b6a43dcf7d6c27b6b27779641d68aa6060f4e1af994dda7ec62a,323.875000,8
49,5fac8573bd3ce88d13b544589d873a32257a918ad1abbb0629f26d4a0cb49940,345.875000,8
49,baa4deb3df11f55ad316d6dfa7ad24b948ebac4e41cc6763d8d3548be2d2861b,314.875000,8
49,effa97142c0af3a3be8ce4c453de392578a8d1f335a8aa52e447c42af811f4ce,525.000000,8
49,0c44abf2d71f3774fd58d538b201bc7a2b1fa4a9da218ef965a48294cbdd5ed4,395.125000,8
49,dc34d6abca48af663d8def0806e2454a5e942ab468d80754301ddbaedceace9c,261.750000,8
49,2db4479faad1fbe8cc0a679cf4f2a9ad45b36efac7c0bd1b110455b5f63ec8b5,317.000000,8
49,0f287b0d8fa6214e010378d16303895a32b58b063d7560f1b0b6d2da6f310653,254.125000,8
49,c4667e56f356cedd3b02ec7a80e103e7dccf308de9e808aa82057ee209af8d14,336.625000,8
49,374676acf4ee6e12746dce26bf3fd61f72c505ec69759602c5c52d302d0b5f2b,346.375000,8
49,8bb577cf9dfecb042a772129c403cdbf376cc54b16ce4d1b23f77bd68b38d3e0,326.000000,8
49,4e0f96706a777d7dd748e594cc5d91a8a12853b372b5355b8d7529fb662c0e0d,420.625000,8
49,15b0b76d5410c7b7383fe80890d445bf98b56c634ceffaab7ed880e27d2eec38,322.125000,8
49,0af8bf6d5e448fd156918a0fa181db4a02987a1d39cac13fdac2e40d976fc319,297.250000,8
49,161de8c37216756c0e9de5aa3c48c8f03cc81e65b049dbfb602c8264c044c9b1,418.625000,8
49,2bba22b1deacaf8efe2587be16cac14c26526d695595a21df1ea6960f059ac73,483.000000,8
49,3c3b4657e80528b624738210c787cb8dcb53e0c3f24a53724d800a2f4f608027,546.125000,8
49,816e44f8d3f605aa23aee84a4d16df5ec94e8b2bca7b29253dd3d09c365c2308,596.875000,8
49,33f602e1a352fc028b0ab641a28e4eea3aeda12b01d177066754604caf838fe8,383.875000,8
49,2a437f7bd53c5c4af30631e40bbf5c92e3acb744d181734de3ea0f588118856b,301.000000,8
49,0988fbad4ce1ddabb30de49808200136c7f99dafd41137ebcb950b33f82b8e30,392.750000,8
49,b093c14d053f201d8d7877be4f71f42a5206bc88e420b51cfe61b457065ceab8,359.000000,8
49,2d790d6f067dea0d98937258c4a85323e4b289ccac59da29ea4c8eec057bb58e,385.500000,8
49,b2723a51d81a942ecbc420986bfde1412e7594bd0cc94bf35a405c44a1cb0b4c,343.875000,8
49,bbaf2d2e45893c30a94763ef4455ab37bc42de72a4b90768dc57077ee6d5c1ce,507.000000,8
49,c7b7720a7bfcfe90891a916eab0bc4d65a62e64276c084309bf618aad031f0a7,274.000000,8
49,b51962f406a44d879411cf7c0fc24bc5c301aa2eadb1c59c19ab03a04c43e73c,564.875000,8
49,2976c54c6d296304ce791aef7a345467f22023de50fb7cdbc44f0591fcfa3065,279.875000,8
49,9a7c15a53552ebb6b1a500ccd119aa4c982b18759bd25c319c11cc3ec1a1f17a,485.875000,8
49,955cd785ee65df081315c34861ca8ac5b88e5b46c671ae55111ebae5d5570d7b,291.500000,8
49,c12d670c691aa9218cbe43fea59d226560040d11f7b8a8faa07fa600bd20fa82,323.500000,8
49,4af01e1e425864b1e0aaf7c9166fb29b618e31d9cbc11bf7e123aaea1b441ddb,440.250000,8
49,c1a64061391171b06b7231a8909dfc95934793bff3c1de3125c5823efb74dc29,428.125000,8
49,cc6b0d96969a00b5c6ed48444f7869f44833aaac17f7d52de78d0fd5d8fcd32a,378.500000,8
49,59ff59e8b1c9effec183a86e2d56a37c7f59dc537dba7a9b5408a18ac344ae13,263.625000,8
49,5e40486c0eb811b90a373b770cc12e879b5b57a6958b93e79d19691ea6af1173,247.875000,8
49,e865b89177dc74cf26ec7c5e0d031b9e94b41568e78cd390dab76eb37244ec39,360.500000,8
49,56e797983768df08a1e8b4add6820a5c8e90f0f58394be66354ead59ca35cde5,412.000000,8
49,23f86af4e00dfe1f9ab4db00c928482dc94406f9cf8217136edd86686739a8d3,324.000000,8
49,776f0f8873f9dbe61aeff6e5d6d4ce51b6aae9e64f5a39865cbf26f88762ea61,430.000000,8
49,1760ccc1037ca0c5a0971b286e015cf2dd3fc9cf04d9629524aac04b9cdc0b36,354.125000,8
49,1c1c1e1e01e22bc3de2c78a420787d317a9bd6ecdbcdb4d48114eb3638d9a742,390.125000,8
49,be2dedac22813c4ea28d336e01291cb895c28ae24d5b2cf206ddfc4f8cb7dc81,494.375000,8
49,3d044073c0dc85ae604669062d8257579938f958f4ac6d5565bfd318befca442,239.625000,8
49,f7d4ddd6c797196234de6a69271723ba1f9bbc09c7842316bd7ab50972175b51,294.875000,8
49,b06eec39db6d1168efbfb0df1184e0a87c8b0258fb10418c08c24e26149c924a,340.125000,8
49,3f9a33ea6a5752aa8f35eb4398893481f7e87e0fa6e9a563c319e9289afd9efa,432.625000,8
49,8290ff88c8f236bdb70d0f6b9a65d81e5ca53790604deb0a360b12f91e8b96d2,367.750000,8
49,62f6ad15bc47e84e0aebd3ecb8ec053ae146d4e312d41a78fe8fa3361716e8d7,288.500000,8
49,dce251bac24dceb43f643ddafcfc9bbd0a9caf8110fefb52695fd44e5c1afae7,316.375000,8
49,f677765c99f948ceecac3950917538fc7b1bcc091ee59c70721725271d2b428a,365.000000,8
49,c190b083c0f8cbfdd4804ec74445274c5709bb6d59582d509f5fe64231719506,317.875000,8
49,9210e6f0533ab61cbb0245c47cc57dc11d7fb710ca88b8a0c9f7a18b3e707641,474.875000,8
49,83a06cb5d72b5dacd195b00dc5cd9b03a6667bcf46f2f415a1f08fd4ecf97a33,274.125000,8
49,b5a38b287fa135fb924dae7e94f548e78f433b1ef7bc4bf81fde30c5e7a67bae,395.125000,8
49,71bf611d37929b49aa938c38e46e88470c92be9a172d542b956873a0c430a98f,385.000000,8
49,b1cec7fa2ad16fb95488ce61b47b6955a7411a4605a142d54b9fa5751df105f5,325.750000,8
49,f3512ff632652bc3b90ff01fabc601b4b987a577d13da2bb6926c0ae3b15d552,334.375000,8
49,9958e7f065a855cc08f03f6b06c9f6e4063df68e9465c84da27791ecd2cb2f2a,336.625000,8
49,81602f127105a6dbde1e5463083ef65a9f757ec0db1d2c572b29a07e586bd274,264.625000,8
49,69925e954dd92235aeb3ba8bac962fb2402a6462438b31d3c2b1c19f3d3a5b68,422.000000,8
49,49047d339d283c7017e6d20abd60111c3cebcc52fd78442d0fff44bc2a57381e,417.875000,8
49,412ff3fa5eddcc8d390adb76bb913beddb82f66e2f5b5e9663aa6b1ee04c6bd5,454.250000,8
49,9cd45bb2811fa7cda141c1c721347b671faacb0f63ee09f5d57121dff21d3c14,324.000000,8
49,dc8bbc127f9ca81f789f0cef1d0e3242639c5eb70fef0a92be0e9a7e0c7efca1,366.500000,8
49,b6b8f27bbf780cd60726654010d13a9bc87ba63f443c03ce22966b93c352df6f,393.000000,8
49,50935befd0cb30c8a417955e7f4358ca69add95e64ee92add84b688dc3772596,508.750000,8
49,088bf0aaef65a0443bb0da01113cbee4b40d0ee9952cd149ee834b70276d8f6e,360.375000,8
49,a2adc859991250c15697de9f14af7cc8225d9e7b68f3541cfff0fb51eae8f786,343.625000,8
49,be34f8bebe470d96c350824c2dae11517fa3f9ecc7c843bd30a3ef56830b408b,448.375000,8
49,f1f297f85ef0652e8470bcf77769035c31d3fb69ae72f4a4b7f849b753ef0415,305.000000,8
49,157166d3bd2baa16827d513edb11835ae6cfa82cbc02566c804da4237668c121,379.250000,8
49,da4c85f37a910c7f7206bd376c4a0b88685fd94e0c4a822247494d3eda84d4c4,238.250000,8
49,9b03f072990167ac2206b74d092dc98f788afe5a8508321fb87141b8d9e8761e,250.250000,8
49,e02e209f9d89318a3eeeba33a5d593f5a5e3ec097999fe0c581777e749f5504c,503.625000,8
49,9f4b1047053c819c7fc9932c88d500fb3591b4fb3e3b1a4f52d0c89bdb9015b0,345.875000,8
49,6f2b1329b67a27a29a4a13b89af4f97081ce59bfe18aa0829eb9f65fe878ccfd,393.125000,8
49,290aa5142ab0808b19566c16839774e1bfe0db4f6d1ada752fb030a3454ce812,444.250000,8
49,3144d620f980e8f99f7e79de266b9cdb263a62f7a179e6381b5d4a0c10ae9771,380.000000,8
49,a29d859b894778815cb9751267ee2c71d5f9ac5169feb3143d37fc566e7e9720,279.250000,8
49,c5b4d453eb793f2191a9c793573bdbb96ebacb2ea1833b84aa5b8eff1f0b4e0e,259.375000,8
49,ebc724d25eaedfb89419fd307ef522455d32cb17f8270c40aa5ca5c1fbbbbced,429.250000,8
49,2476ad0510f8825e9951f5b6b31a8c65088a35dbd50a3a349373c1140379a74e,345.500000,8
49,12d5566f4cc9bbe33aa6827eb061a86f6c89b426a120a4dd9419be009857ca70,359.375000,8
49,9c4f6ad71ea3171aef7abcdfa40d7b0a4360788f03a652a75438f0ec6b3231bb,392.750000,8
49,dd035df58112321ac9bc663e8f9b91daf1ac5c26b070f5c3f0ad2d6aba72c498,284.750000,8
49,fc7f24c14deaf93ea3121647a68ca7ee37fc375eda2040658e473118ebd3dcf8,422.125000,8
49,073567ead5a5b7cb178962002dde440c2915a011ac176be71da57896e4e50464,285.625000,8
49,45e4bfff52440aea45b2c07a24a0ce1f439ac9e80a807feab078b9ec6a64c106,421.500000,8
49,8fed63dd012d63e3cfc005618e9f6632851bd24e0737fc79bfdfc8e8df2b869a,362.000000,8
49,d916e6bf9017f1ac2528d85ec3fe623321580a0564d0073adf99144663ffd42d,446.125000,8
49,0e956321de94713f7652d282e2088dc21db2acd47933e69d3085f8f721d439f7,334.625000,8
49,d3f4992c33195cbc9e7a0d736a73cc01999443dd6dd06269f76a3f1dc2ae2d46,415.125000,8
49,93928fe3d92f0c0839e3f8a80f9708133927f088c6badc183ad0ec4566dbc6b9,317.000000,8
49,1c34eb52cc9aaca9a79cb921b3d4de69d30f0df7d6ac73d1a3bdff0223655f69,388.750000,8
49,6584e2142f5e65d858b34846e4d498f573be92a25e0d3fab424b7a890662b235,586.625000,8
49,f65b32e20e3f0600de702336913301befe7e890d37817cf377282ddc41e7433d,622.125000,8
49,758543f0b93cb9939c388b2fcb9cb460dc400481937328e8b99585c214dfe915,261.875000,8
49,e766702e9e396690c7d896897e128cf9bf4b4a5f675f815416bb1f270bdb151f,316.875000,8
49,98cf73ddc9979be26ec5ebc21103bddcb4b9e6e172f76f5fe2232664689c366d,371.875000,8
49,9d5cebe4aafa6aa7d7ff83925636424ba9a1347e552b8f7b2b92ddfcfa89dac0,347.000000,8
49,4f137d2bf2366d779dbde0345a0399e3508149a0ee3e667019bf84b80fcb27e4,405.375000,8
49,0d3d71c14a6f78e1a025af602de3bc3088e54ed96be901232713ba7bc815e5d2,346.375000,8
49,542f18589d2f9b737a434d0502555e15df39179adbb4bd5c5c8d76e9cc5d77c1,264.625000,8
49,94160800126e66e462947446113c212ea9b76561d886ff0288404f5b33b8f56a,266.250000,8
49,db290e3f064b986183350a979e5168a14b608f0ec2a6300c792ff2aabd7fda50,408.375000,8
49,ea9d287a5ee513f4e07d7d9e3c6ab252c722dc6199a63a2df3e9f56c1298eeea,510.125000,8
49,8cd7d1babc7f8ed7b8bfad045c85025917180068b60ce3ffa53a0d0d46966ea8,443.250000,8
49,71b20bff872ac69ea0d9b18bc0da93c247a41f3a02f56a3a45a899d978a818b1,472.250000,8
49,d16cdb64628ae5fed4ab745776522fdabd7ed31ee523d92aa24dedde8c7994b4,241.375000,8
49,5aa8cde5ceba583a4c155d2965a45468e1f0c751f2a080a8074de5dd7e739977,277.125000,8
49,a665f6b35bb98fd2577e348296cce6e1c7f4c479029085a69b807bc6b00894bd,263.750000,8
49,986589366d9db92d760e1a232b170fdafbc0c1256c5fde0cd161b43c612077ca,339.000000,8
49,57a876f5f249ad80b599ed811658a24244a43731c1c5879d2bacc1a1acf211da,434.750000,8
49,f04c0e995d4ecfcbd2d3dc07df5852ea22bf88aaa70f4776f9d886eccf6e921f,409.250000,8
49,373c33168f2ffa22abff74b42e95405ca5c60530d10e3bc86b48e4125d5dee4f,351.250000,8
49,3cd1ed3b8b367b59ebe387026b46a4b54d83e33d2d50e1a9d045503caa587aea,318.000000,8
49,e0e49a527e2b1902449bc999af94b4195fe7a083fa6a4dc4d1cea76ea190b305,369.250000,8
49,d64a5e7418c8690b8ea39cfad5e32bc70313eb1e4c053da990844ae14d2286c0,404.375000,8
49,098036c82860d8e7e96e00fb0f1d6a603cc4f57d3e225d1cd9c40838c8518a58,356.500000,8
49,a724a1f01c1c82addd89197ca2be8713ec870850330fd15b9b860b2d3f07af1f,435.750000,8
49,cd750f3f5adeade11643f67a3208e39b35250f52e78ea94b9ee326781816bd48,500.250000,8
49,a5bc4f7baee6ec812ac0f3dfe681cf10666d766582d68a569918ab19227848ae,504.250000,8
49,37051b14e9e72eea12c93d7b4a5cab793a79f666c68fb225f65e46f5ad414cd8,785.875000,8
49,b3d81a128ebd4ae90e933a7d8dfc8c01b5d32ff372c1965fe5dfcc16d0248a17,433.125000,8
49,9298f719039195abedab3b39472ca1378b3b39ee20a34a60d6801df3d63e17b0,551.625000,8
49,ed2c534013033fcf56174319f14eaecedf24400c63ff971fd9b93d7a2151cbe9,322.250000,8
49,b134fbedc776138f16f524d8817bdfc5c2ad92399354d095edc17636c6422691,337.625000,8
49,5f42c9bcb49ce0323afeabdda2882fb7ac252526c6c8cd09392f4af6d408112d,322.125000,8
49,d83c8333b5d67139003745e3093c0dc03a22af63b73f97ffd67fdf7c7595791c,381.750000,8
49,8b1b1957ac98b7a7aa868d27cb70ea846b2bd493d6f72b89b4331f561b347b36,496.500000,8
49,e1c3b9c7afe3bbe6f608d236f26c6a49f8e153186b8b6231a128fcefde0c836a,362.625000,8
49,05f95b5305e46f7f4eab3896e4db98c798bbba904253dbd8a9d8f9a1ca9c2cb3,298.375000,8
49,3e0da8e0c6338e212d3e05c6e95793b6eb4e1c809b7a6aa8a6df3d6fd10863bd,532.000000,8
49,6c83937bdce26c5612c34659892a790b3f0abcee047e13647122d4f4f3f81a35,292.875000,8
49,a480b739c296afca1df507eea0876052e2421fbc043523c453b86bb247cd1152,329.500000,8
49,1de4209dd14fbe9f414675baa16733535151a7086a6d2ba1bbbbfa9d3bb10867,447.500000,8
49,78de780dd8b170b6fea90ceef2ae1d1cc68b2e4bf7da95271f26e200f91c1123,320.500000,8
49,1638c4a8d27e0631091bb4c301b7a1a603560283d79c043a485ea3e7c1f54cad,228.625000,8
49,4c1cdf67dbf3b41896263d1e830ac66cae163c2dd63a0a66c3d3130f1b949df0,339.875000,8
49,5fa12bf65de71b57946c27c394be59f970e217e9a57d1cfd3ab541ed5a7dd246,404.500000,8
49,48e2c2f4831757c4a9d9d7c8761c193b22cdf2f5d5bf8f3cb8cba3f9953f1f83,427.375000,8
49,32876854e982e30ce447034e6da7f5ffff2550aa8cf96b26767f6ba5affa43b8,341.750000,8
49,a6efcceaf47c4b39e9011648fcc3bfbec2582089e31c4cf74f9a01e08ab04a40,289.750000,8
49,70c9e83449c1d1845ec588ac1e803c09df2ad6701a6ca2eb5d55f9d3b5e0c9d9,297.750000,8
49,9ce2962ffe51b8c1dc9cb37c7275fc9069d4c0bca0d098bec1f7b0aa2f4ac5d1,384.375000,8
49,1827e2d6fe7534a3c924c40bec1414f3a5e21cf3c96d78c032059cb2d2355713,254.750000,8
49,eddbb1666ffefc477f1abde93fa9602838a92e56abdac06bba7e6df84635b47b,379.750000,8
49,dbbff98eb20ceca3ceb79d5284fcb75e6edc95120d5659816c195313e7f3fe48,376.375000,8
49,967f9cec910c747163322d53341ab4d5a3fa17b4e2cfa4b5b4130e49b560080c,422.500000,8
49,39289d922ae0aa791090e00878feb8fa30da31de6dc81c8c058b1776e1f44dc6,471.875000,8
49,6715490b6370d360d797173be39068323bed4e00459d9fe8677e694509bf4b21,263.250000,8
49,ede99ee08f3bae3a0bdf2afe301c49128fed769218ce401ae290126ad146f49d,303.625000,8
49,bac533fa810bf5e146027793c7227072d0bf905e49a25b3352a5c7b7c3932307,402.375000,8
49,b53c62e6e7364f3898b5c83f47a078e7b0d14b2e09fe7e9a83bcf1ef67395563,253.625000,8
49,18f4269d454e599b47cd881384669125b03074670fe78e5d9ca668b38cbf354e,355.428571,7
49,dd2b0a66bdb01bc0e33d4304fccf9d46d3e62231ef1345de113dd97e4b8470ed,367.000000,7
49,a530fcaf8170d2af120543228f828cbbd2c1fff8d1c0e13959ea5b142314cac0,393.166667,6
50,5b767825e5cc2e89ccb77cf8b1cccb6fe1bfa4a41d1ae87f7902ad236f8a5f9a,277.600000,10
50,a9e69b0bf4e6cf76fed353d97564d2eca32f6e0d258b3fc9a12e9bdc814fc0c4,200.300000,10
50,b98dcc275cfe91c3f44d290961e98d5dbd9b7a1be7fd5bb28c6ba59091e21074,370.200000,10
50,e83b5d2b02e0ae800c2e69b59234a9c5f08bff1b594751bfff6d76ad4f972a60,433.400000,10
50,079ba8517de4747559c45293ca788036ae0f268c1de1e1d5b754a26614eac8b5,401.700000,10
50,5f42a5958608ca6218e9ce265f754621d6b0667c3df1bc8db216820632850bc1,283.700000,10
50,1ec99c4b4dc32aa71812d0649a364bbe80248f9d37db309e0ffbcda9656bd21b,334.800000,10
50,2bf9b3f179b6ed54d6238a544a69e8dff39150687e363ad560c994936c0dfb65,287.100000,10
50,484cd728122d775b64a0742bd9804032d280e13bce0ce6af3f2c860d8dd88368,323.700000,10
50,8e11c0051a8433e35b4c7f46c4a4bcb5950742048c32c5038893d07484eef13d,333.700000,10
50,0175ab22eaf91253a1d065e662a320b35391fb98d50426098c178bb5d0aafdc8,426.800000,10
50,413e638cbe8bdde846aa0d195c662065a4f5c44f5231e51475307d64c31552f5,453.400000,10
50,b5906c158afb7640628aba649651db80a3c5ea2bafd5caf6140f7b2c1232fe33,588.500000,10
50,526bc8e4efe3063fa1bcacc156a790b850311ff651a03096b3ca01a0a82bef9d,470.000000,10
50,d94fa6789c82c2609d293e5af80cebc5b202dfe8175ed15f7c9dcd0c252c7a6f,475.500000,10
50,d7def137ddec64f0634e67659e00d4731339ba90cc35c9ad2ed6ac790f0fd443,487.400000,10
50,d80315c8535772f4627f1782b93f4cb13faf1aa265147912328abb3e621e845e,270.500000,10
50,c59583ccf993e46b479e7e426cf957414f86b4d97a6506b6888b897e9b56a982,436.800000,10
50,789445e225516a991c0e0d425fc7edac8ed9b810a9bb545c6c058bb79819c372,298.300000,10
50,987c1175f25f6696753d23acf9c9932de32386cf50ac85e871535102910829fc,290.300000,10
50,3eb5a90a6232e1deadd84d26b8c566fde34a66dc8f9a2ccb9f6627d9a364d0be,355.800000,10
50,6d05554a632c515278179a56faadf6dda770fde4bd3cd2a69d85317c9642f5b1,272.800000,10
50,61b1f6e1b4408dcac7354504ccf7e97b532ef6f71bbe0a0683fb394fdc59b099,281.500000,10
50,e97fb49dd87ca219c272d134d65b996615567703408ceff2468a3ed0b4ec0200,472.900000,10
50,2a0fa502b6968efdef1bbddc57a1e1acad737e25811e9fb3bb2d2a330d94c577,383.500000,10
50,6709295aefb6490a64f49453bdf70ed92be49b8f5d595ffa94ea71f4831ca77e,379.100000,10
50,15cb4c3354fa0c396b73bef0a68791349c3209ada8c049cb6c78537165dddc7e,308.800000,10
50,b22ddd467430fc229ee91f9e27193a02edf1c9634d9927c4b502c22f32ea2ac4,370.600000,10
50,e86aab985eddcaf4612df61300ae310132a1cf4ba65cb6b1a8ecaf4b8bbc5744,333.300000,10
50,4cd06d724bbb8053e5f786e49594c42426574c42b64053fd8b38d262a7d30fc6,316.400000,10
50,c81d9c24477cf4df3a504b8634542435e6798b373ddfafe53adb6b16b428cb2c,317.100000,10
50,c67cdc7bad2d2fee49d8798b315556e95c4c1389258c215ae258b7f018dd8cc7,322.900000,10
50,2532460e11041e924a12c7be39d200cc2b627eb6f57d476f20f721b06d0116f2,365.000000,10
50,f36570e0d26510ad9e81547b7f8b59b3b2fbd67b79c7f03d2e53d3a755c1edcf,423.600000,10
50,15345b9c57e5823945d36e7b1a92edd42a4c1fc037e251666635bd6bb2b5612d,224.200000,10
50,2f4f179ad566517fcafa13ea6a25a10470737cc83c156ad02f79af7026482eda,438.600000,10
50,b7b4dad7437b80c0bc973252cb4498f448be80df854282a9426b17f40f873282,218.300000,10
50,460f0551c40e31291ab2ad9c4f5acd2a0b45c436b89287efd771b3bfe597a81b,325.800000,10
50,325187e200254674f4f04636c2cce2edd47917e7b0062c758d9461cb6b4d359d,308.600000,10
50,d54e7ebb4e90941fae4234613f35ee475ad3e124dd2bfb86600fc21b4b259a1e,492.200000,10
50,e54dce6c5c4cd3dbd354e94c89ac746f268e90446e2d0354b59e491ec93227a8,370.400000,10
50,cf827b52a808b34690d07428bf7c7bda98bd51d66d6399ad3d1cc3f6e9169890,314.100000,10
50,43ee54bcb79cc89dd8e40a195ba730c80b24f82614b400e0e603a8ff60563b98,272.800000,10
50,e70e7437071f24f08441b31fc5214e3da69cea87ec8edaf38cbddc8e121219c5,237.700000,10
50,2e4ea0f405dbc81c4c218700d5b66a1c2b624150714d2e4e3aad211d36d8a4bc,246.400000,10
50,c6d1645677ddd24004950081cea9207fbefac912c37e1888662b2ead4159db48,423.400000,10
50,8e427d78245e1d238b5a26004ed71618189d3dc64e7ac373171e0ddfe86655d4,271.400000,10
50,83d453384a31603885149d2b4cae112912c747e2599e59f8b56eaee53d5d28ac,340.800000,10
50,40eeaa8e8004dc27497a11b39a981ce65294c08d2a6d8aa58f373cbd34f26f3d,264.100000,10
50,f62e584cb2a29ae41332e7fe79eb05c62485ea21c028fb49782b25c96969d551,462.800000,10
50,b31503d2e81cec55067482a0bd773279b77a6f45aec5fd5d04dbce416ffddea0,346.200000,10
50,f2132762f7918eaf3695d32bb5095a51ccee8f3aad9f22402842bfb2ba93931e,361.200000,10
50,3880f38297e138fd6a3d7cbb6125338d966316836bbdb012412ece72d1dbf284,330.300000,10
50,0d25a0e284a6dc254ae4ba2e36971d79d33dac42ad3bc241d28eaffa4d09510a,244.300000,10
50,c1bab3ea9b222a13bdb7fe45ab6e8b597d2753b8da3370f6c159481f9c820c3e,370.000000,10
50,4b9aaabad063f9608e7573730aa224260a25a47eca736e7cd655f8b2b80fb5e8,361.100000,10
50,e534e370bf34b37c4c5e38f1139ab251344cfaacd984f9286ed56c25380a1286,486.800000,10
50,36cdc5f769d33067d84c330068cbe57fd2d25ca782a71a636d8224788f195603,299.400000,10
50,3dba3dadd37d9d99a28ee17e1c5a66c59210431bd7b4ee5c73f34d16a1f1ec48,474.400000,10
50,33f92e9bf7a7d2eefa7c684e6a3be4f5507736f1c74cbd8c87040ff7b1e7de0a,464.000000,10
50,193405827c6076c5722052f392db38a8936b86ff5fbae9d3af3e9a118e845866,276.500000,10
50,7bb7914e639aaacf87fd0390f8b267444b0e32cc6120ddaa2e1611f5bb01f86e,285.200000,10
50,a29c1eaef6d265fb1daaf6fbe70770fc8b1f7c2157af01c768d1156b9d99d53d,357.500000,10
50,4b833d8615f580e49c6cab2c7b58e20ba3bae11acc34cf1a722e5e435e4129d8,299.500000,10
50,a4458af88b9892f52cc4f3a73ab5176febc88c0c4d7cbc58b9760f16f8902024,419.300000,10
50,fa7ce5a74068c432ba47d600f42ee42a77e9426c3abc3eb4f078adf2fde8bbd0,476.400000,10
50,dd2f69672378c2ed1fbebb68499e84dac2f88a31f5eb360878a05d2d2114af68,306.000000,10
50,ca10f6178e9a0f5a5f3b032d7984430ef0318681d2511ba9cdca9bb072e179a9,417.000000,10
50,42ae42da7a1a8ba06edca500cb0f9673601445ab26aa38f2cf1eaca7538d2367,248.800000,10
50,505581703119f4fa578d02939a279136706c7a238a380ce293c5c241118f621d,421.700000,10
50,a3b2c48ab73f72acae61120ec5c0e7d9fcb1c74ff775c24e18a5efab15775c1b,497.600000,10
50,8d82a75bca8855d47aae52357574bd283e62f7c8aa11db70dc14479e89bae435,370.600000,10
50,c5c31dcc6210e2bc1aca047c73cca550547721dda1a527be90fee5bc7ca3d576,302.000000,10
50,5ebf5f6e6d48804a43130b990d2746d8c2f3554d5dafa4b0a46f6064cb7ec72d,369.800000,10
50,c3ed1280e876aa39ef65588a747d3177aef1751a888b02c8bb97dd7c661f1608,397.400000,10
50,3cdf62687326872711f239b65db8ae15f206bf980a44d762f9e8022c4fea4ffd,265.200000,10
50,fd50e2b48c59c01d20313a0b1373ba1a13a92d8df80d931d159673fcaf7a7343,291.200000,10
50,ab39f119f477ff6777e3136a9718ea918cc79254105bb5a5f2e2b72e4a0020aa,405.200000,10
50,d3ba6e1e75a5acbd6dc8a30801695e252643c6454632c79af7c0d97702cf8ec1,343.800000,10
50,2fc93ed50827828d0440a4a2a6a6da95db1af64ac2eb358063d1c0149d21e475,322.800000,10
50,fdfce0671787e42ded97f97b9b424d542700abc4b92c635da6d64dcfa20fa54f,291.300000,10
50,e9b2512544ac90e238da4cb77c5280a3c4d8ece1b78646249c6001189975c6f3,313.300000,10
50,7af6b6b924e18c1530677f7b0a8ce37bff2acdf2df4d9e19d36b62ddeb35c1ab,294.000000,10
50,99e067754a615dfc307fe30685983929ae26116739864370cb350c8ca24726dd,376.500000,10
50,7dc7bf69d5969b40e9a7bc5b4d364529ab1940a8c590a0f2b4082b51139aa26f,394.700000,10
50,23570989b29e47071d2b826e9aa1c4eb075bb52d4117cfa74415efc84257e5b6,255.200000,10
50,4476318204ffbd1ebc6a27c29a90d9b1b27a2250f344eaa1d27e75d2dc26f179,411.600000,10
50,46c45465a68cae12a5aef0b3bc878c68226655e6d4102aa42e4a12e49e54fa23,297.300000,10
50,b82b297f8e39aa78dc40a6a1910c061cba1fa9c033d65f16bb3df8cdaa8063cb,272.700000,10
50,57450680444b54679c9cd5d2e3e7bbefac634a9ff1ea2aa2c15500435fb6b5a5,339.200000,10
50,b772715ed8bbfad4d880caf4c8d9a942e388271bb4ffc3627f8171a1b80b8e18,350.200000,10
50,ff0b17c35f96bd0189722715ead6fb51941681e8e69923a9bfc17cbd645433a9,291.900000,10
50,c2dce729e7b6d31dfbac628d6500c28e2131b2779aa63bb26e016421b1ead34c,410.100000,10
50,9e99b461765fa835ceefebd8fdca0452d04cde2e1fab509128693962ec853ad6,442.600000,10
50,5d4977791a50179af99a57a93064160898ab7d95d8be197fe95bfcc916ebdbec,444.100000,10
50,da26f2b512cff956cfdc2356c73e37efbc41739d73febaf7feb9b3a3cd0e790f,434.500000,10
50,633ca2c1959f9a00c38e1fcf9b517531e21244dfe8b9197f1c4edbc5505e66b0,351.500000,10
50,2f4bbbe5bf0d22a91a1e75cd281cd5e97967ca1eb88c1186a46da2912932ad59,470.900000,10
50,1820f90534bda1746fecdd4a1003c44c36a3f83925dce7f35025bb864058439a,341.500000,10
50,b04a40418f965a5e70eb59361587a57be1174f44f4707b83028847ea16c167c1,271.600000,10
50,887234d8f2ba7351983c4905280ba5493bd0d2089a958edb0640cf3fa3894eca,308.900000,10
50,2c9ef4534274579c50cb127c1b18774149bfdbd647839a423b4625934b4d6e35,380.700000,10
50,1d3f95131a8810949ee7a23f061552f61fa74479d5f2d4dcb4a033b69b27aafe,262.700000,10
50,9a978b9ad1433969a0a90902daf559bdca9348b02b95bfaa3db9e3b574d7965b,331.600000,10
50,268007e8820f0ec5453eb08f24deddc78ec2244498d9613bef26986c7a62b6ad,312.300000,10
50,538070131e9c0a4a70af67790f4f5bb973e8d713b576733a4d4aec56df40acfb,377.600000,10
50,ea6f9c1a24551609a0ac9bef1108b3bdabc5028a9708d4b713bce60a71d43024,304.600000,10
50,5318e3464e2d1d3b19a6aeec02291265b07c45f0237674c89f3d5eb4ed0aa1ff,363.800000,10
50,dd773d4b554db230ad250561edb4b64b6eb9d86c1e50d3caa1af8a28e7b6da84,265.700000,10
50,380d0c7a3c0dd63b972f60fec22bb2c1371b7ba4a9909f9a5df9790b34572dce,306.600000,10
50,08d597bb5ead25e2f1026a3b232855d7928bde4273edb651597eaa158e923d3e,286.000000,10
50,e25831a5bc3393d195fc3ad5bd1de2e838c139984186e399e1309fe8979ad194,339.400000,10
50,52ee6650f5a8cff95bc47d24f4e4db932c541f9f1e35d4a89f8b391bfe29d3d4,339.500000,10
50,62013dd7b9c1be0525700b9f6bf21c1aaeea780b751ad15f4047fb5d42d61be0,300.000000,10
50,77e32c45ab58ccfb58cda37f32565ba73fc20375d6c002a8164beb37766f245a,346.600000,10
50,55f433a30c5944cae23fdd6080c70d19f7759403bd9d65c0149f3f64b6ab3eb4,316.400000,10
50,eb9031f8030dca66d9e8d51209d85859a59941b2d4c98c0e8417fd9328526ea3,277.600000,10
50,4cd73836d5c760afec844baa199137e1eb2c2b0a2173083e57ef25f230176947,301.700000,10
50,01be8061d9e9984e71f5f0b3f5324057bbf691d24e8cf63c93cb8c6e633bed95,456.900000,10
50,d2b8437c2520d924900cec9bfddb8890b039b748b830133d260829c8e76b70a2,425.100000,10
50,20fac5a00d8a85f61695c13185277f41abade85342befc63c9e82019975bcf60,378.100000,10
50,27c2668fdbe7b2a7082c5b6f5530e5025edce730d5d7be98c8840230ae19e168,316.500000,10
50,cdf631a92dbf1daeafc25eb0a8eb42b69174f9b0611381f78d1560b90c036d96,464.000000,10
50,c1bb1a64b629ef52fddcbcce7bc607d9ee0de7d4126d420fb5610da22e764e89,488.900000,10
50,c1917377cd42373fa7068ccee42938e5f443cfe421db49bd78e7c6bcd7ae1a89,463.500000,10
50,d340cd2b093c1abc85a326bac73486fa366bfbe8f19f326bfd49c31a0f985e4e,475.200000,10
50,fecbdc1d2b261932f6dcab432f5aa4589c15924ab417f7c1fd55764acef1f6cb,331.300000,10
50,1fadd0a39da3ff834973011f399d547b0d3a55b224fb55cdca6a19c192b43f42,460.700000,10
50,27b21574206c60496f331a6069baa55edb5bc975562fa0c576cc327dd1c6f336,323.000000,10
50,87ea851ab37dcba80c33e60f06cb021318a55ef62dd44c15c1a1096d6a6fc41a,301.200000,10
50,72b2c315f92c2f3dfd679c743d6ce435004efbe3e511e72601b1693bff850169,367.900000,10
50,5462d55ee12833593bbd6d36af546055b36c4557685d1793540ec1b40fd6094f,385.600000,10
50,cdf9139c0aa2d3fe0c70b90a774b48d6469a883253d1d7c6c9d6b0bec431b46a,350.600000,10
50,da4bb0b3410a921344ed1b8e08a30da756f0c7608761273ae5bce0678b5d59ab,371.200000,10
50,b789efd7d4d710c54b52ccb4dff50d1c8b7d1c0a45f1b1bf43efcf5e3c2862fb,304.600000,10
50,b81b1788b4a4182348ba08bd8811ec2d27b2b34c133a156c713c1cef6900360d,257.500000,10
50,325b77ccbba84e16f91367afcc39b7a010ba82c4878e184cbbd2733d9eb04e66,428.900000,10
50,8b3b5f214ce281f2bb37b1518ad8f91091aa7c0847c565092bf2daa31e52f137,250.500000,10
50,a6301d2ba8e8c8dcf40a4d0cc5cad80ed521fcfb578060ea70b66c9189c754a1,348.700000,10
50,49127df0017e0b5e24148caa19dec032d0bdc4b256a3e4f81667cfefe7d93ddc,400.400000,10
50,7e726ec342bc03d6e68be258750e35cb4552296597409efa8a1019d55c36509e,249.200000,10
50,bf9c144b957bfc4ac68da63be22b3632fd1d711c183213dfa353738b7ba05c95,346.900000,10
50,57a7ceee08b6d8d48806edf5e145dbd2a09a5358a7378e74621b27767e3714c2,335.600000,10
50,d1bbcd6f0bed75c436bf5088d5affadfa147a150f682ac139ef56ab3eea23939,253.800000,10
50,1120e61a84d13da9166e9420731b90bf31bbe08255033c0c311b7dd1043abc98,216.600000,10
50,062c90cce849c3b6711bf1e5a189cce5782dda15a0b362720723493ebcb77367,311.600000,10
50,b6468256f8dacee756157af4cf11adb02393bd4d45bb8d26c429d16818970f31,335.400000,10
50,8987b777a6fd29e75fa2a967a61efb8054744eebe6b0a8f1aac12e22b63b48d1,477.700000,10
50,3829d9f6d207bf22f6883bd9e76e8fa40259428114bbea420e985a719cdbd649,459.300000,10
50,cf1079aaaa8d18cbe00b33564e47c4947742bf133bdbd8af61ec0acba842936a,355.800000,10
50,b09d3c5d63bdc63d66776eab58e5904586f6e03d9a806c460d16455eceedfde4,317.500000,10
50,f5db3fce21d12841d7d6c79ff610b10651af950135e22e5111ce84da7c5c3eb0,450.700000,10
50,37a5983f6a2df1883de1923e39ad3e0674f8588e8413e7d0794fddf9dafee093,385.500000,10
50,6c5f25f552fcebc876263706a8ebb18795b0541d47506055fbc86e742a10474b,314.100000,10
50,c8519c22a4daeefd58159c9b6b2011b6902df3a7fa60c53a5575511ad8ec8d64,276.500000,10
50,4a2bbaf12b02adcf05d196bcbd111577cfdae280c15818df62e75098bb9ae3ca,333.800000,10
50,ae3cdbd53ae122b2296a60a865c5ddd7f98860dabed14c78ab2c957ad02c5354,289.500000,10
50,36b872f5cd48478731bae7a8e0a8e4a24ddc55b85107e02bb8d893ab076b7256,260.500000,10
50,d0be6b2beda664b6b737c3b6a0dbb4dd36230cc68da6816e4f865c0deb6b093c,408.600000,10
50,00222cd0e7aac100108e85b81f361113ef9ebddd976ed5da2f72e1793fded29b,349.800000,10
50,1c3751507fc8360bb48c475aca5662d02ed83536eaaf48315abef665fca8b22b,268.400000,10
50,a04600f993c7985565599ad4415f51df9c93cba3134122388df44e0575215ac3,459.900000,10
50,bdf5606d9e8dc8fe4de3d319e720fa341750345b780bda4eba1b571689d62176,379.000000,10
50,2115c3eeb03471fe051ef846802ba30495af7bb89597357af2849ba9df44c288,340.000000,10
50,70c4866e28b6f3306bf5dc5969bc69e5f262ff83be0fa3964e11d1dfa039ea83,349.800000,10
50,40bc7a1401b2a859c5b3571a75e82f6f69ce990758f8da52341c0dff3e41d8c3,336.100000,10
50,82a5275a13e82998bd1cefde3de420fb869535850ad1cf5d12075c975e71b054,302.700000,10
50,1e0fbe61135976fcf9d30b952dac6b94d07dad0bdb577c2b13d4dc919a9b53ad,301.700000,10
50,70c1b91f629daaa4f2e5c79ada1e248286417fd4caaf273f8d2220197be782ef,330.700000,10
50,53118ac2de2f71ffde1d88e46f25f1c20c4d62a02b0d32bd4563e22969b8b263,392.600000,10
50,d041289c4373bced0245d96c0053f00d589c245cef9bf63d64f5931c934103cd,357.200000,10
50,d9690286d0dd6032a79aaa49672b5f77a17eca5bdab831863c160f24c65c1d68,449.000000,10
50,741666d45488be89e8524979ed33cffb0b498691d7c533a4b4c82cf8cca2c6b1,395.500000,10
50,eb9cb242d3f5c7feab258b3fe67d5725ab93828faa4482128e21ae32beab4430,310.600000,10
50,8e3b50bea1a7fc80469874f07a1aa6e7519ebe670b0204c774a98cd81f9ef2e3,300.500000,10
50,aaaa5a6841402148085e91ebac3a1e5e29f04cd6f0cec32be9d02e033b18f73f,289.700000,10
50,4f1605e54d38dfbae9d7feb0c2955004a9ed497edc53da85807c3d5077a6d6b4,323.200000,10
50,2787485684592fef99f03e08e0bd82dea6d9ec6902b026c7a8016ffa2c86c703,358.200000,10
50,06e8380ebe1e222b2e66982809c0db7f880725d1690d5f5a8298e95677217c0f,286.600000,10
50,99085564b01711b73e08f96b677ca97ca6eb6cdc2107f4807e46fea5f3381f94,344.000000,10
50,0a98816884a04712330197e64fe1f659dde5acecffddbb6a9cd18052b7293c5f,416.500000,10
50,286afcd9f24113e4513ea99fdb1a21d5ab4b7287e3265a935573ff4d47fea2c0,335.700000,10
50,c2327fd2211a948608c5a1a3cc3fc4dcd89c8f63fb69450ab6c6830aa106ee7e,363.100000,10
50,adce36ebb93022fc65982a2fefffc487d36cfcc8dbe78a672be39ba968f9e484,284.900000,10
50,71ca060a8ac7a6d1e30ff954b63c45a126612cfeb7a9f8e1ccd5d8e4d2209851,275.900000,10
50,2e15c40ac6242cd34f091206655995ffbfa57d6f4d4b85b8724942d1b4ed9974,287.400000,10
50,9a1b574523fd4ab82d445c1c6f6af6523c7628c13f432d0af52c872e5cf1f2c4,452.500000,10
50,faebe2788e81b4f0510d4756917a8f53842ccadc6fbb4a6f547b3739a6e20a4e,479.300000,10
50,1cdcd85f6e46127163500cab71c7c348b9c486e409fd17f97ff3ce1ea04e99f8,366.100000,10
50,369ef26f62e8e81a7a26eb1bc0e8f47ba14806ec9ab1fd4d760c3363a30ce93b,397.500000,10
50,cc36291c7e1cea0b8d76a3c761abfc25fc2e9db9ec63041099abfd819a95cae9,348.000000,10
50,b58afe72ebdeebdacaa31de9d21aa3955a5ba832fa87834e9858073f6f287393,401.900000,10
50,0362b02901e9ec8db7e6977830ff54b66959c47f44c7ca1393f75b5ccb6af24d,321.700000,10
50,0efb9c9fa810b7d198fae3df6bbf8f0481be385b470c3c74762711a0e1556923,395.100000,10
50,2939170b025d529b1a0f7a651dc82a1206fd7b016b299954780808160ca6afe2,220.600000,10
50,f0adaa7838b8f080ad173e2521086b298a01a97e95e61c5af2509822f63b867d,408.300000,10
50,fc95fdaf276ff8ab890045f1d984fc67ddb472453f8291b976c703201454dc4f,366.700000,10
50,5abab7fda3eb58573753b10e37cd6deee6a74dae7dc32a26c2425e77a3ab616a,475.600000,10
50,e1b5bb3d030ab5232159d4a454e78b18ee6622c50479db9b762e7f4252d46c8c,379.400000,10
50,ae6d57d45c83e0b1926b1553b8d61da28fd731566d3f6ef5018c80a9fdfdce2a,381.900000,10
50,3894f097c5cea9f377cd8d68b491ac5e3d206a9b7444f27e0fa11218e8c23a79,442.900000,10
50,105945ac170d01a1424c6fbd3e115e913b668568fc8dd49c606e6f5d2bb52055,493.200000,10
50,da20c62d7f0c49f471d8ce7dc0d890f6b1fcf51621460bf87c2847efd63c728b,511.200000,10
50,7923d143facc93413e8815ebb08a7cb5d7ded0ddc47f5d09e9752d6d695ba993,461.800000,10
50,366f40f2a77a9e668dc5d20f1b2c480caae0dd9f0a0ea6e21f24cee09c2bf914,370.700000,10
50,620b3a99935a4c41a5009aea14d16ca33f500975b4692270736b84629a963228,276.100000,10
50,879ac447b4146882cc4ed8eed50e723404c43f481dbbf21d70cf9e5555c33235,499.300000,10
50,1162bfd0c845dd0f53d09a732af39aef290df3bd721b626098fd81c83edded2a,384.900000,10
50,c47a66993930c2acbe738574c8177142effb7fa98e27a6be3547dfbe3f99bd68,450.200000,10
50,c64118e4b7497f127ed9769e10404d13081d5bfac3761b15eb4304276bf225e7,426.000000,10
50,dc95ef89683cd0a15daeb6ef637b3b62691926bb4327d2aefb2060557278d92d,261.000000,10
50,cf794ef5b152c9c7860a5137294338a3a37adbbffae5ba8365fb24cd6ccfbd80,440.400000,10
50,6f779a4324cc910a40c02030d8c7b392580cf527d99038ee551c780cbd2b5eee,321.400000,10
50,6683951c1e3671a8fcd4b337d5c2f25dc4d5ea504754d4f4acedd358c5f08990,401.400000,10
50,cc3808a4d0434c9370c324490588fc5cdf91fde1f7f90f4d3b240596f6ea9438,408.500000,10
50,12f8abb47299cb1b12dce7ebddf3d561401038755a025a303908712189b65ceb,315.600000,10
50,4d08c5eacc44d327c57983ac37cf8ab3219bd1a1c6faecc49f5638a91f8b413e,224.200000,10
50,b9dae035622b0a08428b62e00e640cb135ed9be48d07bb7ea1a5ba28fabe7439,363.500000,10
50,d08b23c4b36fce382ab0358432e6a040d8518a02d61cc469c0a13184fa0e4a55,320.200000,10
50,4e3bfe1312728b8f7166688f9f130477a166a3741ca260b5abd43e7ab2946b5b,290.500000,10
50,03fdbc07f1b7bb415ec4a09478ad03ecf3250f5c422728467216a39f5c71f6fb,500.500000,10
50,2dc1927140f3061114a9a35379e7c941803b6cbf3e0fcb39ea80c17d4bd70dc9,383.500000,10
50,7169017dc9ea71f6b4ede23911cc365913d1fedbc721d7594832b11ba6e5af24,424.600000,10
50,0dba88993d12af7e07701c372d7e4dd3980bc772ac9831817bf9c1b5bfab706e,378.900000,10
50,57e7b7f9bcdfb95620d9d06e45753dda5c0d682d8dc7298c78830b00581bd56a,287.900000,10
50,1e9ac79664f53c0c67f2db89716004852cc52ce9a89b6dc5fa415767d085afcb,275.100000,10
50,6c29afb512b89df5e7b87c71fb9d782b6ce7b3f1685a1abd6038e506c9c12afb,339.400000,10
50,2fbd444e627d1bbf1f50f043559e469395fbb2c11dd02d767e78ce8e18c60968,405.200000,10
50,e63508d7f412afac5ecf2612ed0872256e46e496a99bf4df268e740a28724764,437.400000,10
50,5534afd0f023405d04960ac27ff6dca84803fe3c7cf48ce953a2c10680d9f22b,363.500000,10
50,3bfcc07bc469d804e356a8f1349c21069dfe14b8e3fc18af7060a453e7504716,424.400000,10
50,fb85503131f87e77a9f8529906edb2d3fa1a9d65d479df53d78315c70527e204,308.500000,10
50,639f1863da5d52d66b18e2c350130aea8a07ee4d47aa5d369ba2a0237d911e3e,282.900000,10
50,e010bc6ca3f4fb7159d38f83916e13a15e6c6e64534e725e4ca12b796bc55b32,316.900000,10
50,f303bcebec5b4df53e09b3cdad3a8eb693fb0108a27265a586466c22819b4d29,306.200000,10
50,173ebf1d1ad422b0e24a8b18ab00d51cec552b79c7a208f6b3595a1c30bfa5d3,490.200000,10
50,d4bc47100179983bcbaf11b92bd55bd5a77199b425b7f5ae2d2c9c2a43f8a0c8,316.200000,10
50,b140534d53947a8fd1e41fe4a5f7b787ef02c8fbc0310ba97dea1b2849440ad0,415.800000,10
50,6ec225da7ffa758a70ed40824332fe279667b75ee49ed5b79a337a0badaf2249,307.300000,10
50,6396e7814ec470017abbca0a3f31b286b82dde839b3eb101fe1bede3c34de2dc,331.300000,10
50,cf031ecbf4bebe100e9136b71143525e6300ff9f71f00a050f6fec9b9a238c66,284.400000,10
50,fb627e7a82842f47bde46199b8ec30aa1093f83d5908179f79a2bb9673e945e2,437.800000,10
50,80df4f4fd3b8a17f55b4e43d9bcf7f7966fd53c26d494953b3486bb839c13ca8,428.800000,10
50,e058a0273124803c590f2d695c3357e7c9b1a6a462fb1ca336c1dfbdbd31f5f2,427.500000,10
50,c31338b11c80f8b6a980f277ade42209c05ff1d4ccb5527f01ecd5a45ece6a72,232.500000,10
50,abd1e6da4cac5825c7f140d650ca77b0b4832f6af538482c1f70f6eca93641ba,328.500000,10
50,28c042961670e83620957dd270c76f2e417dc1f979dd3520fe61ccf0b1f91bb0,420.500000,10
50,ec87fe8ff9ab091d37a586c7cc4dd56c237b216a1efa49ab83687f580e842dee,356.600000,10
50,1344fde3a5a52fc42b29de3174f9c52f915dd080ce6043f2aaee5c55bb9d1e2f,274.900000,10
50,bd3f5aa389960e0c51f592bdbcd2c2acc34d2a9689881c0cba16b32b303e6a11,296.900000,10
50,1a0abaace623d11a592ca13a071d8293da8f5545e1f0bde6112108b82d1de1c7,326.000000,10
50,2fde464d83c23081e54315aaea751c9aba1fe4b492b123fb43a63711f115eb77,436.500000,10
50,aea72149a07eaf591a2d3c656ac523e6c423ece8c6317687294c02e918cfb5d0,323.700000,10
50,6ffe1c7c769c9c0d38e8e8a10211a8771951bde971d6b7e9a8a6ac1b64f89a32,295.700000,10
50,328da4755968fb0ac6bf998712e6a20a97b77f6ec7b5a209085deda730c0c72b,439.400000,10
50,ad9d82e556ca01a18a561758c73acaed691cb4e090e80bc579afaab5c6b4d533,316.300000,10
50,9c616c47f09fe77642d7b2c1e40106391f22c341da8f26db416efc89d5098aa6,364.700000,10
50,cb9a7293b14f1645eec9a0c7eb0e06487a6f3d9c348a748df28a50fedc4cb7a0,259.300000,10
50,f90dd70518d3af9dbd2ca5532a367c11d883536ccf006f125fa6df79fb05837d,274.600000,10
50,328cc2b836562782291171d80b6515c0916390cb5e7ce66501fa9aeccc554a8d,273.500000,10
50,c3942222952b222db6dcfee7f014cff5b68f598a047f76b0e91760590cb2b081,321.600000,10
50,9eb47da893a4df2741c75adfd406e2625f6c7a19e0ef6d80cb831143321afe85,422.600000,10
50,bb9fe344775e60bc6c29510492369113b14ce1fd0d7db54cb7b46bacce7cd6db,543.300000,10
50,2573a3e93167f30066ac7e1aab586e9331bca305b4bf34720771de4957300db5,455.200000,10
50,052c90dc6a8a6bbee913ac9a55f5dc448c44701d493f993d7e83560d16e27a65,598.800000,10
50,54a311ccbd0d8a516183d10057cdbf04301efab079976883dc3531b0358211fa,453.800000,10
50,cdd3e972c7f3fe951e930f7d8de850d9f046f5beb06855bb83cc8f86f98a6891,294.700000,10
50,6b29e23bdc1f1590bb9e2f9adaf5a011d316b2eb0c7e0397154c43cc4108bf9d,341.500000,10
50,a281f92ff1f362bb47c6fea024aaaccec34f77519f3c6f70c068f69368e83689,287.100000,10
50,3d423f064b34950e95771a668049bfdd7d1692db0a4fa930d148b257508ec795,393.000000,10
50,ed4c32b75862a7c79bdf0ba296e1df91a27b3831e9ce94c422bf79de8e42de64,323.100000,10
50,1512982a9862684ffdc1841bc57c925e03b935fbb3ac8c6ee4e2990c7b17ce22,411.600000,10
50,312cc0bedfb524d3299b63e931f0c8b11c9bf182d293a93c969e2ca1cc02ceb7,387.800000,10
50,3db218e1643638b17bd3efc00a0754a40e4decd4734e898a4c34b4d1c0588ba0,309.000000,10
50,3c0e9fab71a15bd47121bbf84f206f8e63acec2fbb6bf0d5efc5f57ffa5b3f76,300.700000,10
50,b9561a017eeed6f086951ac397efc0526e28e6733652a7447347bc48d0f3d39c,410.200000,10
50,a4c00e5bd39ceb228c7b2f342028a1f4a6236968b5d40ebc79e32b55452b9c20,451.300000,10
50,7da3f67be4ee656f328a2acd971eaf53f488e2001e35edb9c53d1d1b8148e77f,322.300000,10
50,0995356c7a6e8d5205459ec001012f6b2def9fac21b188022cf6940449419836,270.200000,10
50,8e021e55472e6f40245c13913ab0f8ef0c967650213259b6df0aff563b282263,328.900000,10
50,ee531ccf830528680a31a21023c541f969a6fceb8e50338b41fc69d12d955a03,299.300000,10
50,53cfad59baf6ec725e2c5a61dbdd28a576044f2fdcd14eb2d5eef6f3a99e7ba0,267.800000,10
50,031cb82b3994fd592920b8a837c625ce58644802fe1273ef6d64eb7a3f0dd99a,313.800000,10
50,a84611aca5ed2a9863f1a12ac036fd5b1672aa2942dbbff97e12617770ecb092,358.100000,10
50,28f7008680427a4141b33ed4579e3dd84f79542d6329522e693cd21bbf46e6d8,441.100000,10
50,fe30f335ad022538a14e3e1124c316e0ff5cabfe20f99035faf20645421a0b98,319.600000,10
50,f804ed89f0cf6baf38bd1e304f38bfa4bbf594d6d6d41d5474ccfbe88398b839,305.100000,10
50,fdb8a9bd8a9ae09a545cb72f76e74feb9565eda3c707734728cfc29654f95a6e,352.700000,10
50,a8ac5c77403577d6b88ddd47e501707a3d1b324ce355c93cae05c961eb28beec,559.200000,10
50,91288d06c2a9c650e1272a99d3a5ddf7c2ed19b40d93265a153907ecff13c618,423.200000,10
50,664a27aa63ae3e384c8cd8bdf3b0e061888d6832196d07464b1b913388d2fb71,308.500000,10
50,55b61423905f510580cf42c2d3f7c60ef4e08498f270fe86db106c1dfe7f34fc,372.100000,10
50,aee5dd119d85b04f1ab51eb85b5fc3cee93a872cac7f9e01c07d4a7d820cf469,470.200000,10
50,8841ee9191c8e50c0e2162386b7a2bb7d87737d0aed48a513b03f7952dc9dd55,235.900000,10
50,54bde3b4ea505673f00b1d003c5b4562ad1c9c96440f3c745b90564680a13115,390.100000,10
50,55826bd92d65ceecf53866fcd6ece9af9a330d8d9cd9f66fb13cb5975a0054f1,269.700000,10
50,703991d29a05426056068feea3cc2b2f01d546d4ca40e94722da773177b9fb9d,354.600000,10
50,bb5a726a5e80f44f95d36cf23c475b24106b4184cf2a23e017113776f7ef2ad2,274.500000,10
50,a36d7c90a6bb5dcd5efbcf10847a8f742f5e5cb4e3570cb6c34d52de8ee3ff31,422.800000,10
50,5b11a76fe6b2a2b09809198f6f38c02dc9914bf4da80849751e550ed5cd9455f,312.400000,10
50,d7686281708852e65be9e161154559b4b0aa83c716cf7d1fb08b069040b5b427,238.400000,10
50,9f99b0c69e7b9022d5d3180b10a7bbd4af285b441554de47421e10c930d71528,344.200000,10
50,d5c37bd6895bd9304c44186ec899ba510ecbfdd79b5f74af16a733001ee5035a,307.000000,10
50,54725cad0334bfca527fa1fb7ee89a0795dcffd3e8ff5a8fe95a99b49ec94a4a,310.300000,10
50,d7c0b0c58ff4f2f58c43777526a63d650d9e9951db136871afcd53dabc283032,442.900000,10
50,baed449fa651dc1e0b1b4a60bbe500e7ec1ed4ef3fbd283a0c8cff9f8b88f20b,324.300000,10
50,5ec02a68d886d854ae8b161813262d1f06a48211685b91357ec98c587459b2b6,421.000000,10
50,e3c2e44934d90f23f28bfa46d90d123fe78cea9517f8c8d4ba00561be3b854c7,381.600000,10
50,55b7474da038339723e9000821b12f2018d263b3c62eb464d95e00254998ee23,404.600000,10
50,72903954a5848d09091b0ad834eb49e974668b053e76552293e0bd9d4b100ab8,454.900000,10
50,2298b74a49ac544e288f6b2e693446f48674600aeac9a601992c05fb81b859f5,344.700000,10
50,87630679c30097e1c30820d2836e44f4788c3d6b3fbdd96da3798f17b7be6636,358.700000,10
50,e010d88f8e213084f2014f50e8b34c8feb18a9af378757380a884610facabd02,290.300000,10
50,074f2c3111d41a3605ad733a35dfabf5d15bd94fda3232f9b888e3cf46c070f7,469.200000,10
50,543f9dbe0602ee275f501b0a7da2729e1978ee528fdcd0981fece7cda8602948,436.200000,10
50,e2bcfadaf1de7326da9def8d193bc8cd2ae5a047520053617d2d125f1daf7365,436.600000,10
50,bc48849148ef5b9d5c2dea49137bb62caef7aac785de4373791ea251ee3bd81e,364.200000,10
50,07ea387ca422bf6b04f82dcae1ee9b344a4fb8da0bd2bf25ee56209022dd34d0,321.800000,10
50,0426f4f1e9538caa5dbe4e41e82f27393e9fa3391aea2cd788705b2aa5fc442e,275.900000,10
50,617a513d856e40577e37b06fcebcb75f3fb2a37ea35aa292ab5ef3bb981af1c8,319.700000,10
50,14d4dc1abdcda70deaaadaffd1607e0ece5b6e91dca6111845a29fabcd32d937,396.900000,10
50,adca85891e3fa66b179cec493a21ba127fe2ae600832335eb5e4a74b3dd10b61,305.100000,10
50,7b3d151c4c5982852060a83761246fab5ddea1dce75759bd4dbeb6ccd80edcac,268.000000,10
50,9724c51f840b5a6aa7814aad83aefd05a50b16f82291b32f7ff8dd641f288ebd,320.000000,10
50,fccff2a802a9d7c7005daa743658300effba64c5650729594ff230485051e219,329.600000,10
50,5819e41af7161d9a31323619383545249b263634a8fe68688a869a10add14f83,416.100000,10
50,4be97f72adb6626f098c55b42ce5d4d4a858b8a9b3dacf4e0d56b8e16205c026,355.300000,10
50,5979e6ad5e8b6f3bf963fb11952e2567dfcdc16f136cb1f8e39ea86251a91183,240.700000,10
50,de5351f836b586affce06dd409f1a94e25f1db28f856ad52e99b29df4dfc4e55,256.600000,10
50,da1ee57e47034d9a20934d28a85a747adcd9035f41c3e80fdda2100ff223fbdf,265.400000,10
50,35afbf1a0b6cf9e144bc78cf538a7b1a1a235425279ef519c39571f604e42f1e,364.300000,10
50,06b674175700d0c2315101ef7ca62e5dff640b432b6cf8e7b0fa40b7b0e203c9,325.600000,10
50,b629bca68fb39a897d3dc2f6e8685679a1b6764790e2d2dda076829daa7c291e,519.500000,10
50,71806dc4d820350c1995133639291befc9cfb40778a928661c7f68db8f133f70,391.900000,10
50,179fc41b50467a441237efcf8a42fe29d78081ee9edc5f7a56d136ef4f2f3c29,515.100000,10
50,46802368f947bc44398633bda9a24dbe45b4c070c136138ef5fd325cc4b0a180,416.800000,10
50,163a0907f8c6ac99786b8638f189580d44911d16d6112fcaca7520c7108575ca,302.700000,10
50,176ba43141eedecb9e545c43f629e75a7a9774e523c9c4cd12fca3b6c252f0a2,315.500000,10
50,0b4775b2b6853be868f8b930520736aac87eb7c8b9ab00ca1d4f6aaf584e2e5b,312.500000,10
50,2f4e63977ffd5c6a3cad2cc876c1dc1c35dc27e80584c1623c7d3544147fab91,386.700000,10
50,48e1f76aab0cdaa8439bd8c136716e7749b33e80d4df30f6d6c15598ebf92275,298.200000,10
50,ed922d646b54594adc0b5632d063b061b57572e3452ffb463c1c5dc91370d0f2,425.000000,10
50,f9b538d54a95fc85c48d456599e376204022b05aa5653fa4f969a6d789ce2117,362.700000,10
50,93763a84609f99a6b647903de0893a23c22cc9dcd8dba2a8c011455f0c4f484f,369.200000,10
50,35fd0a7c100254f7dae4d6ccb963aaa10e1672c37967789aa000b9a1cab93dd3,417.600000,10
50,8f2d71cee47b77c12131fa2b8b385ba16b222b067df41508aee0b099f769ad48,362.500000,10
50,bec5590bca8ad4adf18c683eada38c3a910de8f181c3c81c82941076782f450f,380.700000,10
50,23d793a96b713fc61f7c43b9491ea5ae3c3a6fa0f9536d888d28014109b0b2ec,298.800000,10
50,fdd5896a759845bcacd658f0bbd7912a667fcbe0598f11df92b36cc53e029334,366.500000,10
50,839cb053dc8e749f18f0634ab3d1c51c2874dd1eaf52a758d9a9dfddfc03f66d,222.200000,10
50,eae7ee51e68210563dba4e2c552b6a8795e83981b9780293c770cc9db39af54a,345.200000,10
50,27c0c610cdc74c1879055fbb22a93deab3a692c721f5d07f079b8da49ecf0fe1,325.200000,10
50,3945af3607f3bb7e225c27d1bb3f52ca5da96857e33f4bfde8b0d315b109db45,426.300000,10
50,3bc74c1cb560a52ffe2557efc87389a44b1e05d3ecbad76c72d8b1b585ffdf5d,330.300000,10
50,3316fc3b3e4fa3c8b78db1a8a78cc61a2d90ca3118508a48bf3ec39c54b7e10f,360.600000,10
50,eed04e4c83a6b1ba740ca020a92fd73032602f9e7c8eddd38c1dc4f02f2e8c6f,356.000000,10
50,14316b6479bac4743ffbfad37252e568a5226b8e756b541c82e167e4469d176c,299.600000,10
50,ad6d86dd1988bad6e1b6009a5e3e8066f3a3b8dbf8cafc4f8bc21f3f81c1223e,310.600000,10
50,b8419837bbdc8fa20431dfc5bcadc42650e3eb5faa116454edadca203e6aafe4,381.600000,10
50,13a9b9cbf34f30893d61f98b7a0df2f7f1b6b9b2d0f04432b65bfed954384dbd,434.400000,10
50,955192949b6949ab553a094224fb0daf250c091b8d4184d8c20d2c79855de214,368.600000,10
50,650f21a6103640228738237124124e738829ef87b2f017fb462d258044f2edf7,290.100000,10
50,4486e6d24544047ee3b4683ed119a42da4c360572a87981bf39ad33b7fb559e9,360.500000,10
50,3df7e9467f19006ae7b2582b2cd7f7ab27fe13304a3261fd36cbc1df4269d1bd,297.700000,10
50,475a4aac6e17b6a7b2923a5137fa54580934e1f8b9674d5b409d2f5c4cdfe4fc,342.600000,10
50,8948b48a725399d726028c2f83affdf2102466c11c2fa9cdcff5adbb76f4b914,357.000000,10
50,084a537322912cefb4cf29f4bf0a9d85ac76d78a61fec67f8d285c6f4a0ab0d4,219.900000,10
50,2399a69832ac801b749df06aa4353587edd55a6f46de862a1b80d44b9f7593ef,467.000000,10
50,fd2c9a14d32873a18901d9ad5cbee0d3532a6715623fc52b98c10cc0937154f0,305.700000,10
50,2b580419b62a3e8d9c968c8ec99ee49a266255d07994a7b1146000bc618116bb,496.000000,10
50,524ccf1bcde002ec7f2862614782ec1f978d407ceb828342740833bb088e2de7,454.000000,10
50,2730b1ec64566ee77c5d46d8259dee6021abdfc187bff89e8369f43b2af4f878,370.000000,10
50,0bf42f73b79f30c3fc8533c8ad70c9f43c56b4aef05aa7b63e2cc536f4ceb01a,420.000000,10
50,64a256a37280af80a78ade6b809e06f0891310de5562863d4bd9e0c9e7b44086,260.000000,10
50,d62b1dfcf29c673a54cc540fb9a4f45ec12ed2bfe8d3ea806c36cbebf1cebb56,272.600000,10
50,ba2426bb249ea23eb01132d8f9d39aa1f399e2dbbc5b7c979bc62beb7b596539,431.500000,10
50,cbeb453baa850e6feddf6c2df2fdefa4598cefa88548c2fce3daa295994198f5,477.100000,10
50,898303fed45cc64f4b465a3e46b0a9535d825d60b22ce0f6450265869908fd6b,334.000000,10
50,0d9bd4a1f7cf65719c557cc466687a3828eeeb37ee1d16bf07c56fd6b7119228,389.300000,10
50,72d6eb78c8919dad7322d67c5c3d6cf7ece5b9a65ca8b433d08b9663e5b6c88f,331.100000,10
50,b81596bd527b2584d4651f8b59508ef7ff936ad3c84085518a00cf0cd899f9e2,350.900000,10
50,d499ce7a6f60f2474eb3a81f6015f94fbc9dd10b2b452085b5f9483b7c6d082c,318.700000,10
50,6657b112881cfb409c6f92a5981e3cadf87ae136fd47c0460b243e28b4727aec,381.000000,10
50,c4e2f78eb65d70b505a5e7c561a42e6c94d9fe251eede514a24db6e8ac836bee,393.100000,10
50,56acf3aa4a21ddf17e031bb109a15407705831b3e1ef8bd56e551895a4cd3978,332.400000,10
50,0645f5171c43cec5e407310b86d6bb52ea5cfbfab429b8fc7860c3554c24021b,317.600000,10
50,88652b06b2e865279da3662f91c89b41e1e3c87d87368bb3efae62299c56c059,463.700000,10
50,a5f5f5f6cfb8ae1633db774eb8395c1cabea1293cb9e54a125827cdb08ec894a,244.000000,10
50,0663a0898dc600eddfaabf35ae0d619dd76cdc613961b42458c567a97e514f5e,345.700000,10
50,8786e194dd76c1860dbec9f5eaceeb8a6631a1d7eb288b3542bfc0a0c52f271c,394.100000,10
50,98fd54b77bd3c385e80b932f5f1d0b0cdcd4a4afca8bcedd869d604df2ab5f33,333.100000,10
50,1ca4af36da4d761a847552b771e1a87b936b0f9f4bc5c14f9bd358f67cd08274,439.600000,10
50,3a701a200434c2f05a08df79d1df6a4c2dc3d566318e395295ed6fc384e7001d,370.100000,10
50,f23a64f1b049f4cdf4f466c0847810272b3d56e86944f14c7ada79910fc8a368,274.800000,10
50,18ea94f26b8abb6de14408826c3f44a3574b41c48ce5182ec49607646a7879ef,565.200000,10
50,c3e789edc06e16001f031b309b1c3d1fc738965bcd81e9062e998c433f6d6397,364.400000,10
50,238cc47ab34532e639fd2e520eb779ef4781e11df070c5c9d2542725a4813c82,291.900000,10
50,df36d36eef7755d236fa45a619dfb902bd335fde46319b925fd248b8891e9db7,388.000000,10
50,633eca41446b7ce26c6f902060e55c5af6e21f6282ecd7056b3d4e6d8e0353f4,242.200000,10
50,612595744ae19162b26334cdf4b8737d4f80546a803b030850131d5fc9a3ad15,269.400000,10
50,2147fd68e6913f5bce252a05ca07f7504b8b61f782a147be29374ac875e3831e,451.100000,10
50,36b408f5c67beee0cbe0edd54a1877678f676acead6dbedd2f6135c43dfc3ba1,299.400000,10
50,cd20a5e013ab8e9d8dee5fc036d8e3f96247124b5ca91c151e9137b8991a3bbf,294.300000,10
50,c10a97c71f41d554741aa873189e2115964fbc39fcea9ee1af2441e4336b9249,238.300000,10
50,fa1dacf8b2b465a3ba6ddb85a43daffce2837e73d3b72f5c8e8cc91981310e03,314.900000,10
50,c5a75f95e21c2fca3c0bf2d651303a3c97c527aee6f2aed5153018023eb2015b,395.700000,10
50,c351245168520de1f28f618e1bc8097e3e07b56254b0efbefafccf78c8d40c59,389.500000,10
50,5bfd0d59cb8815f4358d804a3337994a5df0812046748e5bd7a63e4a97561a2b,520.000000,10
50,6ed6e430945375d9ab74e10a4672b6db0f0906f80a729386ae85b9200a3c4c20,532.100000,10
50,c662482c930b2bbf752427ebc3ae252f6d532d50ff0d68be76d4ae5be34a14aa,379.500000,10
50,c1fd01917c534efaab767b9e9e9a3e4d98ebee838498775f02c974324ef79b4f,252.500000,10
50,639f3faab2d2bd2b1b12572a0e9efa939dce95a80a81d49f88d6ffb2bcedc035,229.500000,10
50,1d9ad4d4998285370aee61a44e2124288aff757b2b9891390d0a07e0ba40480f,245.800000,10
50,4f7c8b322cddb4047831b1e4990ae924639188ee756917f6c9b5aed9774667f6,309.900000,10
50,e3ea56709e731e8fb58fd8e0fe496209a57821341980c133effea66d58c28b9f,374.700000,10
50,b320aa1f1720e629f3fa723b22ab508183afa232b473c95498f1b7cc91ba87cc,304.200000,10
50,0c2821fa69913f38ae0634bd98d60661eb8d8f053803565f50e90ee9dd043f2e,384.800000,10
50,b34e965b168f107b8935e89977fa984b82aea9485ad93ecf5f822277b5746205,241.100000,10
50,f4cb984195d85314548e79a380defef66933f5967fa18f7c8136ab4d0be561c1,276.300000,10
50,062a43e1adae73638638c1749dad0751cf5687d55d21e4b02b18a87bb6506bff,429.800000,10
50,7b351d280891dc10457d47f39295fac3407d3f975b0be766e270b0e06198eaed,274.100000,10
50,d3ed25ce00cae91f260d97af5c0602a1b510e6590e9912d7d2819209c1c2a3e7,308.300000,10
50,5b9ccee4d895bdd2697499691e7e82fa4ea5042f69cd03a7c13cbe6b11ab644a,331.400000,10
50,3c90af98c5d89ee58473c0a598687d9517d3f104274fed99ddc3c6d55443f399,488.500000,10
50,ca61810f6f791ee8c00104925e58a96673f9039fe8a7835b9c768b3c595e32a0,461.300000,10
50,3243f7a2b728fa4e99bd4bf275107483b45271247ef8980a96da8c0b0761ceb9,296.300000,10
50,6d2a9090da41229bbe1412804eeb90bc7e5d0df35008efced2a5c86b13321e1d,377.100000,10
50,db4fac7b0e9eb7439406a70077f46f90c7d0310967b63f18235189ee1b4cecc9,381.500000,10
50,2b19d3d770aa296f4891be86cf43d3985f6224953241e5895db18e9b75ba3551,257.100000,10
50,53dc48398eee0a9d6b059634d873961cd8a6cc1fc8fb9e1ad2f4993648720b85,275.500000,10
50,0962379aa75a94c6a524f94d61ee586151957a06a734bf7b4873156215618092,256.100000,10
50,d950bda73f0236deb1b45025c7514dfb2caea076f4e2a75cd41b01c4c9e4fddd,408.900000,10
50,000a677de0b885b55c535fbef9c37b55a885ffe11eebd838d2676330cb6f1e1f,290.100000,10
50,3989c5d6c0aa33df45c36818c0fd58372d7c5359a3ad8318abdcee032c3b736d,362.200000,10
50,c48b0e35a6310ba20f944c094a4a07f132f6ce393ab661655b3eba16ef1dc0e3,343.500000,10
50,2f306be421bd9818ccddc09200b321eeedac3c3da577d66dbd7156a2cec88f6f,435.200000,10
50,b3f99e4f725f55a3b3e9c4030d7f5e5a7e405ca44b388abb523b0ee7f6f94237,429.100000,10
50,1d2319a40cd689f0b008af68f03489e7501c6cd0003ddc152ad2cd83c60766f8,317.200000,10
50,8828422301fce7975b30c2002c160e71d71ae7c9d1b5652db4f732a58f5e9991,350.100000,10
50,7cddd3ec50fba87faf5a42a45792d3078a63d9c7c060162aa259b13c9b322d1a,304.700000,10
50,29ef4dbe21a0371031d1603ee96f25114731e57cc71110dbcc265e912a28dcb0,323.600000,10
50,3279503207b0a37fdcf1d35aa638a040a4bdf50f40ab1106ca097acdeb2ceffe,449.600000,10
50,da5d7166be2c1504a584c9429b6cb3e4b8551312acaf4fe9eabebce27cd13949,301.300000,10
50,51868fd2f94019088df8805aecef3d25afb47de7810ab6f97ebf7ac8e43a8348,385.900000,10
50,8f94e6f2450f6a3299f7c75e9d9932702c14bd2064d1afa0a5f4e71c4d948b7f,284.400000,10
50,e5dc097ad2d5d8e5d8e0064be20b2a3efc7b4d1ab2b59042e7454ed6f4ebd23e,558.900000,10
50,06064bb7361d05028d261ca6037d77be8df853995656f04f018071fe83082eb2,374.500000,10
50,008efed5c5d259d1e49884ad8e13d3832e381e0e9d079f7887c3fe4099dc1f1a,359.400000,10
50,788e130b41adc71439b0c03ea3158a66329dfd622898ca1d57958b3c6036983f,382.300000,10
50,180989276511c55be15e1894ae05d96dd3af3c6cc2767b9829921295da8d4227,261.000000,10
50,d1614b4789615d42688328c07b609e6476fb94c35f652d72d5115a41794da306,382.700000,10
50,bdca767f2eb03d59d779983a3817e9160709cb18651d6cbb50770b4cd571f751,277.900000,10
50,87f8b62bbe43c16341a3b82e03d5da1e25261c45821e9015bf89c24369045d76,402.900000,10
50,33bb2800a1a4007935b7b2a900b0277851cbe16ed86a11328514ed3e959fce39,381.300000,10
50,900942a52fe576aaace6d573478cdc72ad599933c6572b12568e7bd55d051cd9,418.400000,10
50,c2f2343db2faf31df29682edd8f56f66f1699973428001990c15c5dcaada055c,449.500000,10
50,3932b23ef6e8c6807d478e32e2d73cdc975e8666f30e6cf53fd905374cb9b918,313.000000,10
50,3f43da5ed6e7ce9a1c4b06a169ad7376c9048ab900f4fd72e32475610a0db594,349.300000,10
50,45e8146a078bc2257ebf7ef7d975a867f7706408fad4aebb59260a80c8caefaa,378.700000,10
50,1f20597371903a41f801ac3a4964a7421428694acd7466ece4fd2821a3338d5e,291.700000,10
50,e2a01a0b3d28ca56837b5a1bafc4705aebb7e73f2bad971e915934b624e9a4ea,241.600000,10
50,449a17dffe2515adbaef565b3cd24ebeb0eab1f9b1e278adf702dc17fd7fbbb4,382.700000,10
50,173c0aa1fd80fc2361e8506c4d227f2135b5dc4a0a5266a597e3b5f5f355f79b,354.100000,10
50,19d2d80160e4166c19f784d29c14ec637ee8a3e69ab6b59d69c6bead275c6d4d,383.300000,10
50,5afe5a1850456c3cf4ae424ceabefa2e8d6b2d5285367a63027547766e482820,536.900000,10
50,69a3a2e80b4cb9dab9598418a736cf9eaf6ef2a18644a557d222a29bd361f7d8,338.200000,10
50,17afd872c254d95f56d4246ee0515481df7eef4b2d371bbbb8f3725033153471,384.100000,10
50,ad25e4c95a32cb39d16ecdd4b43e3be0ad7ca06fd95f3d974e78576118627234,216.000000,10
50,2843c9dbfe88cc7f12c5e2ab9fbfc20ab2aa0896a6b07af3ffc554b93465d138,365.100000,10
50,5beb86a492344b938a3c121e5dde0d9b7838225bf6eea05f033b826661e57dcc,359.300000,10
50,fd2326fdfb07c001641946bb7084cce8b8236fb87efef27fc826209b39a3e1ba,337.000000,10
50,40d40ef7144c8ccd876ea504b6b8a2fb6d455f7f4176d1de0f2c2757acd51ce6,423.100000,10
50,4b1acc39bcba878e8a1e64ec5e1dd270b91ce6ed8e5e65efc09db0c1cd0fc66c,411.200000,10
50,4255f514d032c9792dc9f7a6f2c408e6e486ee02c7ea1c9a88bc4277ac610575,272.400000,10
50,75b768858d523c4fc88dd8e6940b87103c345afad6ae461481dcd3b98f892db1,446.100000,10
50,3315c705c6345c72e23cdd7d040affa9401225bb36c7518d4b860ebb66a74a57,325.200000,10
50,560db07a3ce7913a1b698e694b799653f47697bda57a7ae3edc259a0f16d92a8,291.900000,10
50,8ee79720c9f3dd7b52b5fa8685ff4c6bf8b6cc2dfd8cb02cecd4e1905df31325,364.700000,10
50,e9023631a033d81b263c9b7a2cae581b915452fac5f222274ea30871f301a8c4,257.900000,10
50,f92dbc7a610dc9b1c67a7580e88e48deaeda2627d396120935a0f04bdb6fa6a1,457.500000,10
50,20a440ca3bc423c194376d2e385eb54ceedd243ec09ee2f1af4ab4e304d0bedf,327.600000,10
50,04f6d8a4539867b1428eee24b8d7512f353c73d21e78cedb792c2356f606c009,298.000000,10
50,3877462df0ac9358d73c21868621c66c499bddef00a8776850cc7b5b4ba93af4,383.600000,10
50,f400500babac5bca00f2d9b3448be929420e46c2f7ef2b5aa7863555742674e8,480.100000,10
50,3ec0ec2af691b2f43a9cc2889ce24a2129ad169b18279f3eb014298bdcf1df0d,272.700000,10
50,177e38718eca223d42e5cca3ffb54875b4cf9f77e923ec5f74ec194cf843d244,432.900000,10
50,3fd4dd45c2039043fa75179c19f043194b474c3a2827268cebce59fee2c416b1,427.900000,10
50,40adf7aae9051d975c7f69887a19d86bbc836f7afa8738f083a0582a408c5599,337.700000,10
50,c398b66140314c99f4da4316181d27abba7d8df17c13789586e995149cf21988,377.200000,10
50,53e73369e871512517f666f15b97f3b469000047883b9ec9c2aafb0df81df78d,524.900000,10
50,e010afe4f14d60880d2c3f9425b9ea37ccf53ff27c6a636f9da0f843d24585f4,267.600000,10
50,fee0079cdd29be3050e23cd122635b498bc3ff23fc1b66513d6c3eee886a893c,334.400000,10
50,3b96f9e094dc0823243b082ff3e0dbdfc79781b2b8ecd103738f4112de0718b6,255.100000,10
50,c04f1a8d6b0766f8fffb34f953d4f68ba2ae64bda5da9efc6044fcc46b98a4b5,329.400000,10
50,5d9e78ebbc73cb26a63f59e85287179662069b80570eccb43a78a8ae69b94c90,312.700000,10
50,d707a187da1241bcbb51a760d1e3556981e6a754807d48ca2a8b996e36ba9981,261.100000,10
50,c33bcd48cfdf36e435607e6992cf1f8762a85127e2fbc9fedac2c3ff63cea878,270.700000,10
50,7e0c9f01182f70672c10b3bcf7369bf6b020fb48a83ca64c692b85ee21342d2d,416.400000,10
50,84d411e938085f65f12af6756b0542a90d97c4539d1e474ce2e339eb8c18bebd,418.800000,10
50,f183d2901fecd61f48cce3eb8467b90ffc04dfa1d7b4d18cbd0568e2f07a0af0,217.100000,10
50,30b3ff1d68d0c2d5e121b69f23c876cad1f48c25c52b8c3e707883ff779e796a,381.900000,10
50,56e3a6772107f22455626f153e0d2cf68b1afb3412833dde41825c08926f3861,360.200000,10
50,60caee4ec1c4086b5b36eca4f9411ea8495738afd659c1c7e67bf4efc7aa797e,451.200000,10
50,2f76171ddba57169a67dbacb3fe97b6515eb44af5bd4f1df8bf095a803b385da,295.600000,10
50,8fd18886f6a893f62da7cb60e19161cb4036f6dbc25617f2a09e85ae98937e8b,281.700000,10
50,1d50cf951236081307bad28800aae1f8f8392a6e1e85b54b1cf03cc08b61bd11,476.000000,10
50,8220e4abc99c03a327c29c94a0d7a4b9d66d5fb2ab8feb89eca34233263855e7,384.200000,10
50,b6a4feb80bf0ff80617f5e148de46efb746efd01d5752cc932e7b48d30ef9d0c,362.600000,10
50,45e780cec1c746fd324b7dc994e5822287b1a221fa8d639e92dae67d316a1a53,260.300000,10
50,a1f330663ceb007bcb120a37611095a93e97678fd586e6dda87d95f68b8a1925,326.500000,10
50,479babef981200168639743730542978caace7256cb663211ddb41a812756768,549.100000,10
50,da34000902fa07455d3d6805a954164448781ed77e70c7933af689708e3bdd81,375.000000,10
50,14c29792e157f57ad8197bd39a42659b3b8b64eb6404d745d90a98fca21d2628,376.800000,10
50,15529ce335e75f42058236e75eb85d51bc715ea400ef326534904aae73d3682b,286.500000,10
50,a695bf4dc62a83b63b618b86a09a2399e9419712b51df19c220b020430887308,238.300000,10
50,f42a0962d3ec1ec2df4c060a0b2522d896f490af63dcafa6ee2ad43ee12d2d99,382.200000,10
50,da03c78a2c6b02fc05bfbedb514e99f7b307b25102bc0e8e20df0579e7d8fe5f,365.600000,10
50,c0b6fa21f9fb5a86ba65336447643f5df0fc5c2e46b1a74db75a1c8d12f5796c,353.400000,10
50,a1beedfdf284d4be8b81cf82e4ad85263707fb208995c3aa1a7207f39ccecbda,397.800000,10
50,dba33f14217968fe6ab39a055d1b86c1e87f314ef1b48e3ba57d7d8ea9bf25ee,264.600000,10
50,fe3e88457102ea485e984d22a8c74b44a2621579187a5cd93f7aa5f7293b5f55,541.900000,10
50,6e27528d3ca429b371cb408395265d7ef534be59117ab87023c7acc7efeb2552,236.400000,10
50,b4bfc5f840f1698cf2b0fca8e87fb3804cf3858820fd24537362c0eac8f5c870,413.800000,10
50,741bb3b7769e09b4d384f95c26982a86809bd456865c4c18904c86e0a4690454,417.500000,10
50,31032a4078c413efd5bd7b6a6d77edfb8a66a7c11aa6d549d59340e333cbca3c,304.500000,10
50,daa1898452c3ad0674f7c18912a6fb0487a3c3d465db718e1b2038675dcf889f,460.100000,10
50,e7187509c25bad13cff70de918e3f5df8c249f4141a29c908e78ac292bf10f82,466.000000,10
50,963ae2242dfde42f1ffbf1db64618d9cc6722eb423475221e364e435395c3f00,252.100000,10
50,c6cc65f8788464f2e99b9f454e9bd22f4630c2713edb6c8958282f7e6a12f761,404.600000,10
50,17faa9b573234381064f31d67d2d6af6dc2a3389597fb556c69f9f0a71b559b7,301.900000,10
50,f61b66125cb7c99cac02a91d26b1ac590397add3423a8ee06d1a1dc80773741c,351.300000,10
50,ab9e40597cda85a7f124953d8803fae85f9bb59b571e70b005a4ef40d7d92028,409.400000,10
50,e2735ad9dbd57de0bcf63d7ff54d40a01f5390c1e742505a07ddfb65740d9b57,353.300000,10
50,dc312e2960d321c89683bf33951c53ee668978ecacd11bf502ddab1ffcca5270,283.300000,10
50,47b710bac4dec65900256ce8ae11d877a3d49be107e5508fc9713f7225a8f44f,288.900000,10
50,55cfbe04664a46ab5d6f20ca6faa80d496b75a0cc1768eb7c07c47a8151c3d3d,331.800000,10
50,c04bc1b040586ef921ba42536f057007047c22bee4bc5547dff22a4617ab562a,358.400000,10
50,c3d6c82a44b664119053a68bc6124ef322ce822da36d5c49670d49c06a3c9e47,530.200000,10
50,324377cfa293653dc57ddc69cbe7283168f276cc5ae3387635ba6c2c2c0a3255,369.900000,10
50,4e9065b10aaa1c0c1e89aa1a3a48aa06be688f6ec3309f0eaae12828a2208abd,329.400000,10
50,d51be4e974f32a014a4882a31896cf00f4e39f3ad3c867d52d0ba55dc504f0ab,340.500000,10
50,97f69d1b97707773c47b9a4995b2dbc25722d46f5cccc64f657f6a577e1cc537,338.000000,10
50,3f98a84c4dd42cf51fdc9875d73bb52b2f9dced564fe15e65213e2e5a9be8ba9,405.700000,10
50,6f43d6e3a56b1cb63508cb7e61016e6109c5da7cdd8ce4ea8555b76ac49b583b,333.900000,10
50,2d58b4b241f2492c125449a7a5b9d46ca17ba3f777311faf5c89cc4a178a8216,330.500000,10
50,3bbd61b0b51c55b61e6bfdde77ea318dfffc3c2d24c8e37236b991275cdd24a0,289.400000,10
50,b1b01e7f076d49a480d8298aae9152fc6d3f7e733531da2a892bb88874feb168,235.300000,10
50,6d3a17478a1b8fed7b7d261f5bc3be773e7e86024cc2bcc136632f8af287a35a,365.900000,10
50,7a0e956970cfdf8d54ad49c1172ba6507a0e96a1959c76abe07dec5d355192c5,425.300000,10
50,7093d5ace9acedcb655aa34a6b7950860e50556e9fcceb3cfd12c6b7f81a952a,344.400000,10
50,2acf09ff268ed6926567eb017bb70973959a15704b3c2605b3d4ee452cfe1771,268.000000,10
50,3d0446c32e8f507a46efe9bc6e608c8e4bff59c65cf9fc63e6dbac5a6172faa9,307.800000,10
50,299b9df61b2a428d0b846a1f41bae3e9533530e86c1e9d6bbd3518f641a7d348,294.600000,10
50,cb7c667e7631c5f24fde85656b7600bc24119a34c27d0dcf18f9cd1996901bcc,328.100000,10
50,5f1bd082d805d0e87156739194ecd45360ac64996847c37b88dc7e274de01692,341.000000,10
50,0218ebde22c3a74aa5b07834fdd59efdf324e876692fbdb779c788c58e7ccb49,363.900000,10
50,ba457fc89c39f9e2c74154593c7c2449a16427bbee10ad28b9b8e401a9d8b9bf,276.200000,10
50,c17faea2d7a00b6a3074078723671e1d031a99f1b2e599c9628955c0ceba6dd5,440.700000,10
50,b52324ebd2aec1b898c549b442241bcfc6277da9efb61c090f0a0396176c6814,303.500000,10
50,9fd20101c3f5b50ca3785bd1f8bc8bd0827d851314d098f4557cfac4634cfd03,351.900000,10
50,72197fbb8adac2772f9caa55241b74b4be1ed7b7300fd836fd1170cc040cdf9a,503.200000,10
50,427bc1480fc7a698329b78fbf10fca8a327d5d61948a07090d221ed0aea12798,478.000000,10
50,fd375bf04c67b3ddd292878a54a02947f1024e085a8e0acea080eb2ea331de4b,362.500000,10
50,cc987ef8b1711b3e4f8627799d8bafce5e9d71e78f75c1fa317ae6a779eca82c,366.400000,10
50,9d5a323b9049aada3825db21de9ab4ce2f0688a29a1490eb095eecb980d58f54,426.700000,10
50,f5624dfa6d28a99c5a004cf986e7198e3793b2e1d15b050f69ea77989a89624e,399.700000,10
50,b6b323b31cca7423b8febd22b4b254f1b04f887ab05a40605cabf244cf2730a4,462.400000,10
50,e1106397e1669dd4ba41e68f4f788246f4d13655fc960ab16830bec6c8a109cb,277.600000,10
50,6ae3b5660fa92b0de42883c50421e885e64bd0c00d092d2354aa6606f02896dd,351.800000,10
50,55bf6e81506c8ec63a78ad29a9047855f0135d44ab8cb1492bb80d83a9ce2632,263.000000,10
50,79de51ebd9a28ea40570cfe73b84d2f7119ceece22b6d2a5e778052d7b391460,380.000000,10
50,e9524dda42f2f518ac3c2733e9f5a572f7779ef185cc8b1be22b29dc04377140,390.400000,10
50,2437ee6fb12862564deb0d582d7643d3b7aebb8293d36c20a916f12d3df73da9,512.000000,10
50,1576db14dbdd82bc48311db42cc32efae621a054643274058ee2020e735d3245,313.800000,10
50,1d68f3d2aa20a41d7e5a69bb7e34499e3db04ac49868277134d05a8327f3ba3d,316.300000,10
50,9033472dc42cb2cd4d2044384e237d9e8f61e93d98dc124905b449c667c548e5,334.600000,10
50,71f451c6df6d478779fa92b84902bfd8850d885b80cab6b4ef93d0268d3a98d8,505.600000,10
50,c9ab7bd70a8b3f3b6782d84f52c27fad28cefe95b763b6f416faf4800362348c,446.900000,10
50,198ed6536b98f8bdede92ca464f3ad49f356177064c5ea6ea270a664cf9d9efe,425.800000,10
50,c7a7447e3bc96a46879ab24a6884065b0c0902d8034dcdca9b8f7aac690a6384,341.800000,10
50,f9fa6b1b793066aac33d139526949c71b61232458d06618c1de1a54e265c4bb8,280.600000,10
50,f4397bb8f358d042dc94f5a6a21bc8015d7ae9d6d9172374513f2a0fa5847472,524.000000,10
50,00e20f2a5fade9490ca7b58dd78964df92bc73272ae50eb5b638759b5704d60b,417.300000,10
50,fa753c82161776acd63bbe001d28933c09f8438fda6957a38c958f580b4e75f7,354.800000,10
50,c80f1b9aa200a8f1697119bc5196aaba7136490a4d23c5612d4f7f372ac225c3,342.700000,10
50,85ef22b044392c7fcfb8eef545627b0db015e17bea20836922959e19eb6d7461,448.200000,10
50,3d024a924f516c0cb6df292675b0fa3edfde912c82cfa88f14c3cee913c477b3,446.100000,10
50,d59462d5b36cd5d5c71377e7a9bdb3753fd9f533f116f4e33d598ed8a633f22a,472.000000,10
50,0f9c2761acced2f94d8ffc1feee75afcf5b9aee9ba1f39bf79416f68d89cfe3e,515.300000,10
50,397247f9e7e422f9a842f7a80f632786b44e5c77a680447a1c9a483f58f12f4d,497.200000,10
50,5ef62c57b0ca3a727b11af5cf93189f1fff4d81d774d771ac5f79b6a2b9fc952,401.100000,10
50,8654450486efca2c4895a8d5cf9380d05de554886eaa023096b57b3a0f961ac6,325.200000,10
50,d183b2f951e274a4a46396d6ab2d8beee079b5864002af9e1b6860ebc8f984de,294.200000,10
50,9c202b3822b72cb9f76167672d0b77edf3b7ebe2a1e283bd566cc91f5860c8ed,350.700000,10
50,5a2bc2af7deb90343651db7bfdeb8a64d97e1e21f7ca8e4414aac0ed9b7730ef,416.100000,10
50,d80964aedbec3ebfa2ce0a709ed3d489309da29c198a2d0208a653a2726a3950,229.600000,10
50,68e24ea28514e82f19c4f9ab8742cd04c480dcebd70a220770bcfc92e644f42c,407.500000,10
50,9117840b5f120351a5032e42e72d38a45c77f6c345397f9a15d845b675dfe833,464.600000,10
50,3046531a88e902036046e52df1cd8ed03f547dc89ef5db7cd0303ef4c099c491,323.600000,10
50,d9cd8ab300908f6c29b8a9c86f25b187e1722d8e4bcaa42347841a0ed12007d6,281.600000,10
50,c4219220b0b77433cad2430e5ebe2f874ea7d3f4343dd8fe160a16c0d46567e4,324.600000,10
50,fc045e961534615911853f760aeb0d9359eb7b7a5c5e0d8bfdda89f167700e93,435.800000,10
50,4a565d21cb3d3679b9fd19cda4908cb6c60c54f60308d2eefe808ddb6904ee4d,343.700000,10
50,f7414acfd4f36d5043377c004696d85009f68b8ff68133039a90e05fe0065fd5,387.700000,10
50,2bd1ca87c8193a160d7fc4891380598a161e87a45e9e361a1a4f49c22c5ef76e,312.200000,10
50,33a994bc6742016eeb0a67748c059b9948bc785f32a2d42a8d90ba9f8148d636,320.900000,10
50,ead7936118e363b5574566129fb6be75a1bc37315fae4fbd8fe842d058a796c4,416.000000,10
50,e4a1538ec5244afc3e0b8baf80243a0e81e819269cececa7f7b1aacb659c68b9,360.100000,10
50,309b51b9a4b6add98268a3846193004bd2a5b07fb3440087789c675be6fc2be4,336.800000,10
50,dca4152f421aac12bb4537b67ebbe2772d8196b7c56705f1b3a944f66d49cde0,259.700000,10
50,f5b13c55c33af0179adfff95415196f1a510e5e750107f0b30ff15da686192a0,262.300000,10
50,3382416723da60ab7c2ca0b777f72ed5116ecef721b2f799caee07d59a878699,305.600000,10
50,422f44effb33ba6b3b0aed0bc8b4dcea7c61f4e299df7a10b571f166c590ecfb,435.300000,10
50,8f0cd0c5f4e90508d5f766da0d4dadee2d5ab971fbc03e162566c3767b748bf8,348.200000,10
50,c4c50935b9e8e056b1c2b556ad80a550fadece6ada47458413fbac21d1b3266f,351.700000,10
50,df42265a6dc47f9801dfef6819dcbff00496ed692fdf0e2c4cc6cc10fbfbee30,416.000000,10
50,64d94841a94548943a559d626d0e1e87a8bd67ebf9696eb895ac800982594f64,348.100000,10
50,e9073d76a45c57cac642fb274e1154581d1f5989844dd650c7d5a4df5f7733aa,273.800000,10
50,46bd7ba04bf9f5fbbef0925b8e64299f0fdbb085045483faa4cbc6c04dbc82c6,385.700000,10
50,fd62f4c0c613796bdd6c7b6e5a97f1310fe81dda12d08027f7879b72e264b4a5,362.100000,10
50,53c0a71a670e8391a1be98ca47dce7a0e8c789f65e861713d7caaa5d92ed1002,283.200000,10
50,bd3d2988c24ed8616990b9d79dba11f98c6faf3f3d46dc7721cdd21f3cde17b9,279.300000,10
50,b7b71927173338a0f47cad6c083b536be7eaee222513ddf7466e40e924c63ab8,319.700000,10
50,20e4bfdd19358b3bfb1a634110ed3c272bfc5e57c5bf6e5984f5f2b6ff61d2e7,288.600000,10
50,c8ba15da654a26a18ce12bf56bb5a90ab60cd1a50e7a54486dc4804d2bff6ba0,366.100000,10
50,857ff190309a593711b4e51a3cd5e57b8d6487a3888c8e4a40b32ea6a6355fbf,350.800000,10
50,e06952a66fbb4f781fb13f28182f32254027ba397cb563368c09eac1e464884b,387.900000,10
50,fc9d6cc52fdff9eafc9cee21ec97c0f596d6630440fd914a66384960b6fb9206,282.200000,10
50,abddb58a0c1a17b0593d4f0f9f99c4a40d7c60d140814857242c3a9fbaed5674,306.100000,10
50,3867b393bbbe7900f84bc7023f69ce214f322a4689e3278f0d12d8faa6720610,332.700000,10
50,5f9e84311e698185a0c4b00a82a6304f43b461efac29d822105924ead3615965,349.800000,10
50,b91d272aef792c5aee07aa1ce17143acb95a472c4b845b725559b41e010e5384,311.900000,10
50,e6b2aaa8972dac2f68b1d91b236be3a9fd7b9d45b32d4098974b28596261964c,459.300000,10
50,1eecfe3a45fedfb7262a9b2d68422fda38064421496276a8e4bed5501d84268f,314.700000,10
50,c729d96f48ea038dd97c0b46af5f9639106e6c2ce4f6b2032a76e2f266a253bc,428.600000,10
50,c17c12cda0d6800856c336f9a11176356ed002d9a3916dfcf329782f803819cf,448.600000,10
50,d9c20ed8d0db95329226c40de48754f8dfd027cd19e41c8fa23d229dacb5adc1,329.100000,10
50,56da74041562536ea2631513e9593fcc748be3e3ffc14f64f86a383cada03e7f,239.200000,10
50,0928c44b980c9e455c59655a95d265056e99a918efcda67c9e0bb518d8eb017f,337.200000,10
50,35a534b549513a55c48ed4dafda1f84910c96aed86776d682585c81ea9c9a60b,322.200000,10
50,b234a29269338d5cbddde2a0fc77d39ca2a7b5241e2d3122faba15d54231234a,414.900000,10
50,aa48dd5eb63708f145c95b8ab423951037407ab14e7770b585932a717eaf5452,493.700000,10
50,1cb9e1fc9f9b7f3a3477ea4f0303815eead9ed1846d074d97f6225d8b293be9e,309.400000,10
50,39cb01688f157e05664d4db75fc5b570d1b21a14d95554c38ac1ea0987f55722,316.200000,10
50,96aa1d70510b24253ce8173e14432458d905292077bfcd67193a5f26d1c559c8,455.700000,10
50,693ad761e828be3b298383f9178789b492865814ee4b8833f07880184783e23a,398.300000,10
50,45e0a4cc179d90b02cc7be2fef5c97ea6a422bdc50a545d920db0a8c585283ba,363.800000,10
50,2d30f179ccbf8702f529302529b04598bd725cd9031211d984ef0e22834ba4cb,489.700000,10
50,ceca6328f9c30ab7169ef2a7da381c31a1bb4e181fc62d6e15947e0e1616e9a3,380.500000,10
50,282874c5d15c076e8d98a26b758e0e2ff1904716f59bd2fa1e31258ad3121bbf,369.500000,10
50,54d77e9c2e2785156004a37ed967a52555c7971ad6fb0e297235f40a86b56164,337.600000,10
50,8025972b2678a74738f9df796e46dcffd474df66402b9dfee9dbafeb8fef1a55,335.600000,10
50,68311921916c2b36e8f48d012799fd7db8aeb45c477d28b3e2d173f0ad835201,290.000000,10
50,c13609c24a31987b062d4fc9286f273dba11f45e29e863d349fcf8c2c9eaf7a6,359.400000,10
50,604523b368486aef94393605aa8b1dfc2f48e32f7ead86f6f537be497350200f,452.800000,10
50,8b47184f9e440919a9fa806eb6ef2cff437c26c81f08e4c4fc1822c6c73c4fdf,393.800000,10
50,4b4fe7691e96772c3469a5543138c4f86d0535508614e532b477a97c7a17708e,460.500000,10
50,129912f0347592b0637e760aa7a2d584cf9eb802293d6f976a337699c481bc23,358.400000,10
50,de7fa70dd0ba9a0ac2d12a28e7cf12b1512552be23744db75d384468f2b37c93,531.400000,10
50,468c7f940fb49c1793065def8e6305eec274e906c9f42683e5e1d4d5af3f1495,355.100000,10
50,7d7b535b134d68355399b09813e93195fe7f14323ff9f4d35ee061b2f6da63b6,300.700000,10
50,b56371f07edb0eae27af7d82e6d45046215e292c7e53072579186a4d210fea7f,297.100000,10
50,628345df0d7d162a2cb723afbb317338cf06ce4b570260ff72045a46550c12f9,341.500000,10
50,a6e9ea5a9af2e81cfa38736322a19a0620775d34a31e3ad69c7dc01ec0958af7,266.600000,10
50,85bee596c6cccfd655c6951f86557546a201d3d9eab83a045382a0e42f57bb7f,397.600000,10
50,ac0c7a518178e1229be3faf9c52608574b30ef87507402de5f4a2ffbaafadf62,272.700000,10
50,d827e2ca98f973fa88aeae124f1e0fd255ac5173eb703cd3af6d83fdc6bf032a,299.000000,10
50,c0b7f2eddfe6a31a03524e7dea5b7c0f7acec8d251ab4676ea3188fcc02243a8,440.400000,10
50,ca5e7e9950226321d3e93f3d07b700b59b690ccf40d081cd837da6568379fbd1,375.600000,10
50,82c233e80741baa20b97e99188b9ecc6a827b944abfaf681c23d4bb414038ce3,416.700000,10
50,f586192dadfef314921ffb95867f5a7e5bf5d80178dbb08056fc8826a949d742,264.300000,10
50,02272be436f4511d14095c6b9f038c5c0ec2ae6d3a63870e438de79eaf629f6c,351.700000,10
50,99932e9611a9ba636c1c282a79ddb650b22b39df8e9b7ccdf02f732204ec04be,279.600000,10
50,07e87ad817d7424f24f58880ded7d4d56412bf761f4706310bd1bc837db02406,358.700000,10
50,4e0d2d1c55879e2e7831607cf0b06267de318922325a558cea05a2ea704cd8f7,335.700000,10
50,3137235d0c602f455e05bb938c72e08aa879a8e8c48c894f5fb29baa091c1b53,482.300000,10
50,8736b3d9baf3f28dd016e612ba103914fd0b481049c6e2784b5f141afe459a05,386.500000,10
50,7a5b6bc6ca624efd989771790adaeb10468971afb8023ef1a215e541b0b5a381,290.800000,10
50,04d19ff22c78bf64bf6807b2d0e6865692399a5f314e510a211ce39f0a46cf0e,308.100000,10
50,cdf8a235950695778916877e1d6972bf7ef3b47c1a5558b084342c1dada407fe,540.700000,10
50,2c73d853ad03b0215ad3f0b4770ec44c086ef04ca63ecd4039a9271243c47113,327.700000,10
50,8c5d7621524d5ff278a28b5db9094183aaca8fcd86af6b943ea9fd6b00af9462,438.600000,10
50,a491ed90fb59ea4121d0223164f9bca9d0e99339c6195145352989c7c759b219,391.600000,10
50,359420d33730c5e1b9d1d7ecd086e121d6de72f24878e53fcfdf7f21ee285c13,405.875000,8
60,2358ff1e8df4299b2e4a473398acff68223aaf637df5f3817baf31b534788d87,440.428571,7
60,0023276922304e4b63dd858e65dba6a2fb4dad8fc818b6675cf1e085b4d45f77,426.000000,7
60,77fd102421ea47473a51f449a0b0b40e1f9e86e9502659e2edd75537f24e2a11,1081.000000,7
60,ba327c3cbb1a27f51742ac9fc89c1b77dc2e1802dd41c8559bb57a7a8942d753,263.714286,7
60,44267e778e493c81bd98cca8d1bcf08ec3f211eab8d2e395a8b4ea52ed94327e,346.285714,7
60,b51bcd82d833da7b727e4a1d377df24e0ef397398c9ce5034a916d88cf78280b,296.428571,7
60,e86e56c654e08306be025211fa210f08aec4aabda4d5d6caf56b790a84fc3e5a,478.142857,7
60,0cd0f79f5ed224510bdea741f97ad193f5ccff8cd57d37d73430d0eb528af912,353.857143,7
60,9d4c49e15b50634bb9507460cd3e7c852d17ab7c08f8a4ae26a7b06900c8a5c7,405.571429,7
60,39bd76cdb95afe950ebe7d44b9a880f0b5980ea50f8138d67b809a5b42a32fd3,376.000000,7
60,2c2d79ca0c9811c7864e05eeed569c78f5c4a4f50a07b9924898001b17d50c7e,313.428571,7
60,10f9d36b901d47c42467db17cd2e2b5fe2a6348a95ed9af7529e5dbb014e12d5,385.000000,7
60,a20dc90b50f13cf97f3113084b97014b7e019666a56feadba8a78e06e7b87fa5,277.000000,7
60,a430b58efdaf5430a8894687dffb75a7ada4c96ff8ccd19e8fb5b35127ef4de6,360.142857,7
60,8323fb59adbf6e12e43f1682adc865a8ba43d8b5e9f2b5e627076c97b6b407e5,343.571429,7
60,8f897902461fe94b709bc2a2406c2e3c3fb54eaff1c24abefd95b98d1e9cdddf,308.285714,7
60,eb784fd9530b9791f5c8791b531fea95da2075b65b2b880d05a569c3a2d34354,352.571429,7
60,8685da939b95d53643bcc8f1f0b092af985b83411bcb5f71577f5b6b871916a5,295.000000,7
60,e773e5bc384f148cad76ef46368216780ee94e9a0858f55525fca3cf328ce786,337.000000,7
60,30f0a0c49b59d3bcee6f89c5a4eaae69df0d1fbd25a0ebb714c9f82641586a60,326.714286,7
60,3c23c16bfb6472a6c4a169a278f9f9c372298d29fb8f0d87e0e1ceb69cd7f2e1,495.428571,7
60,f30a12a31dce445701402ebc1c429ac4be73c6014d5191870a2cc2fabd3a89d3,331.285714,7
60,edebff4129e6d4a562098d8c8b9944e9a573ffbf93fd163b0771d580f5a743dc,283.142857,7
60,1b58a6abdd2903f70b0b1588d5513d563d1eb8b000bf8bbee9af134dcbd87a36,289.000000,7
60,883aa2edd7acb0cceb3f8e5e72d0e2fef15d281d700981a672aba0281fbd9edb,391.571429,7
60,f86c908b240f6c6f31e986bb013d15f0231b4d1fa20732403231f854f96fa2c2,293.142857,7
60,ce79dc6698ea64ee392801489c9ba33a6558cce32f3ab5306d68c572dd042739,368.428571,7
60,051818e759686c67dcb4fa08a8ca5b78c4e360e2faee998e2b0975209e9a5fd4,267.571429,7
60,8e975fea2980b641ecd9996b89f28cb63dde5ccb909d08346571177f0c2cdd83,258.571429,7
60,c243bb2a5f3eb8bab134cf9de7bba2f06f1306c667492c91059ebb474ebca7b1,335.714286,7
60,a59fc234c4c035e38975d93927bb331fbb1cb25f1241fe00bb7fbf3c1dd45f86,314.000000,7
60,d295c05605a2f6f36bdd6b5461ef03a389457f3bfb573488b43a8fc84d3c3967,414.714286,7
60,e67841f0b5a94652fb26f1c00442eea9baf9609b446f828599c30d2a644e6e96,382.000000,7
60,2f385d82b1731329dbf46229c0a561172638139a0b503730ada9b3ec4af92e99,301.714286,7
60,c90f618fa2a61bdcdb5ca15cdc68e7cd635f962aa6aac23a58670d414d673329,287.714286,7
60,29571f8abc3129ce2ed3a30f102fea9f933e5e0ac126b399d01a43254d34b38f,357.142857,7
60,bef9ba42c5c4578680b6121952bd61bdb94be4aea002f2fbbfa51cd33a9b30a1,459.142857,7
60,97e300eda54b17be924c03b06480592b3af3b62695601c47d3af1169e999ff68,371.428571,7
60,87ccff03c0c703ff720920b7d883f57945ca23b4db2be2cc17fee44680a333b6,418.142857,7
60,fb47376e38528121ff3b36df3b35d7bd3778956eca03b6926e0bcfd4ceb3f3bf,371.428571,7
60,7607cef05fcc041d8bb049f52b704a175f53fad1b0497f517df9c2e57ddf6a15,305.142857,7
60,d7a58d3a1547cf94a0fc4e704f2b4a5ae6355110d4743b4e973eb7a882241bee,402.428571,7
60,3caff7dd525344132a85090f9576a0769f818b3708f455f27d326e593c7e91fa,281.285714,7
60,a76d807574351c3d9df1ec34230084568ffe1a23ae6464789651c349cbf8d10e,345.571429,7
60,9c5b91fff1cdec3f84a50915aef3265bbec8af2f150bb62391e367702eab8fc3,375.571429,7
60,582c88bed967f82e813b285378b55fc751397c412c6fe9f54176c5e945008ec0,420.285714,7
60,a658f8d042d4bd5cbb849f4992ca26e014bdf329064e1ac0c2f95eb3be0bf1b3,295.142857,7
60,f75a9aa7cf368f0e4390986e709e8798cabac86c82a090684d2c5a3a8b69e1a9,229.714286,7
60,0160d66ea86ebb9c02c29061eb96884cb642f4d320b7b606cc60686f76a74f1d,391.142857,7
60,f897d34777f06b234abeafa3fb0100910f345487d0e8324061abb6b085efe47d,271.857143,7
60,da8d8fb5280c99509068dba32c0bd2c410d5a2852dae83cc0773bb783f8ef23b,382.428571,7
60,3400db08c61d48ba0e065101db7b4a914d44d6dfe2c587936851be535ad59ff8,302.285714,7
60,ce4ba77c61fa3d054ccfd057af354f4148d79f64a2c97c1f279bd79e5a3bf5bd,330.142857,7
60,83e1d501c19dc873b0ea06c5d34d4277e4682213e995d818cb477597b38c7728,347.285714,7
60,c9e81c89c7d8db8269eef948b4711ff27386ffcb46a4bb6ab3e500d376b4e92d,380.714286,7
60,246eaa0b1f8896c45cbff4db48728f9c61c9528370b37497d374a93542a3eb1e,293.142857,7
60,536549526d1307d9a34897a1b1b181b81c873616218e82188de9c3c805a44e79,429.714286,7
60,d39f3040453ad3379f5331c9aa55de33d269540f1986cc7de6d431225053bedf,366.428571,7
60,e07ed1c164fda5e936c28627b6973d053640d853cebb2d8fb40789ad49002a71,352.000000,7
60,e96c307d4aa58cdf9086ce2909fea8de89c5dc150e2f574d809e552e319393d9,317.285714,7
60,e1a2a3a4cf209fc9e109016d3fb7028da660ebe7a1f373120537b32b8514121d,406.285714,7
60,dc1d95be9b10e648334e9925887c09f0f4934d40d53309ba636dd192d0637bab,420.000000,7
60,2fee4aa9dac8961ede87c27c3bc6ad0b6fae5906a13bab5e85bccd04e37190a4,226.285714,7
60,8edd336ba04a7db27c3f9a0a2c8f409ec72e88ae2e85d1c6cd123fd98408f9e2,346.428571,7
60,70d101dd7c1979d9806c518f182fcb3fee3435d00d3534b5d31ff978358ae64b,298.142857,7
60,455109019748d65a7f65c6a045f6bb75a7bf59595be852edcfc2b62239e81446,256.142857,7
60,ac28a3b2c50023136becfc6fafa0aef44feeb40576195e8cc752fd64d7bbaabf,319.142857,7
60,20f0c9b84e6477c0df96f8aa807ab094c9068ec79872d66da484cc4e9ce31abd,289.857143,7
60,8ed0b10b81acb47d6c27cc827ac165e58ed221da0ac1a229fc05cb9724582e47,471.000000,7
60,c3a3d0a91c747f39ba5ac7a84c6136989e2f62761a648c54f86806215632f5cb,404.428571,7
60,aef809249eebddbcd8033be00cd607e5b5fbffa507e2de8a0cd19dff0505950d,337.714286,7
60,59ddff1d66d148ff1a406fd567f731499318112087c7d3a8ed0d83ce2e11cb5d,252.857143,7
60,ba4ddfdbfa85ca8554c71a8bbba58f62c526806e8e095e2754abd14085d28fb1,306.142857,7
60,c49c14862794be265be94fe1b300a770f20469861ef52f34512a600f607172ea,392.285714,7
60,879ec2b0863dff70b6e412b67ac6d702a60cd7e7125f52e5c5a39f9bc9e35f94,357.000000,7
60,ed38378f0a8b0c13d10177f7cc41103a355be2de6c0ac0158ea250ad547bb3c0,299.142857,7
60,d4543d8450a112139b2f6d9f180708134b65ec499400d7696a9717569431fd05,422.000000,7
60,e0e3b983c92d800652efa895a16fc6021ec939a4866ec64a1d0d5a5c1bc8d66c,441.857143,7
60,aa28ac8d6ac15f598576ecdd1529df4ca9b11d3082eefd49845656431e9a4592,352.000000,7
60,b651cfd8e60d4b7c29069b6f9f0831488dcefb62a1d5e83c27ff2caab7b6f632,354.571429,7
60,7a1603eab8bd50b1df01a8c3377e1183a2c2bca8cb60c6e49a92932c7fc2e86c,317.428571,7
60,7305e46b61daffae7b15ed88f5164bbaf0e7de48050ac1f75c83fe6c043a5b38,317.428571,7
60,bed2d677e082377799b3ac71652a76d42efad4d2942d9f3ac465105fadc31747,300.571429,7
60,685d1d317474e1df755a061e36eeb7471903c0efb294627125ab4c1a991b8944,395.571429,7
60,7e5c09ac53ba14c8a84aa882ff76d67cb6e269b01bf00ed2a777f3c7a164d13b,422.142857,7
60,7c83ddfc53a7020d6bff7e0c3ebb51f654974162c34c4a825fdc50ac496d54bc,348.285714,7
60,58e05dfccdf31cbabc60586860a11255b3703f59db8eb7fa99c248701993e7d5,302.285714,7
60,2a61b1387ab5c5a0b8d33aae2254cdb1d657bfdcc138ca591394ace7bb30b0cb,294.428571,7
60,b7c0f1588271eeb052bbaa453d6915e7dde452ef45b01902e3ecc48d6374d746,374.428571,7
60,7717ac5d47c39fb8cbed1666fe826af88801bbc8a4c016b5027bf8fbdd43d5c8,268.285714,7
60,fbbbe5b4aa9afb4785b9a420052ad74ef209c0642e01c79d5f71ac76e72c7590,314.000000,7
60,70df449a67e8b23ba1fe58b938af0ec0438b638502d02143183c1e5b73fc9932,235.142857,7
60,3e43ffca8ebc7d8513129f39590b284ca1ebdfc99a319f032b05e9582dc3d623,443.571429,7
60,39ffe02a12d69a39aa6ef51dfd15bcbbe83698032e6b1ea43d658c1f98f3ad2c,312.571429,7
60,f50a2b87789bfdbe9181e970cf7e71abc2b644d4c6e6874a228b05e6aead4c9a,312.714286,7
60,d90c7dd48488bfdcf3242d8e78d7a37f1701db0939024b842e24f61093a69e01,336.428571,7
60,e869b35ac0ffe7082bed11717923f7e7f3b6d7ea8c72bc18eb47a1fea3bb08e4,327.571429,7
60,74df334b225073932d96966e95897582c716646454dd92bf79065b88d936da4c,537.000000,7
60,d13be8ae51404e924034eeb913b3eb4237631a9fa995e57172e34b80dd74ae82,512.857143,7
60,cc6a6c07a1e5b92076f43bc21b8f1be323d110754abf5c11a55e391ee965a7a8,311.571429,7
60,3a4c76dd3e7e7f528a2fcb463ba7785ccf55b5973738a5abe3b242010a79a244,361.285714,7
60,4d799fa9f2cceea1eee039c2b21ff09b6210be678ffd487a7ee5dfe1239765b1,351.714286,7
60,001f00ce483fe60ad28e899cc82b3fe884913ae3ea3042fe0febc8b27ee31c08,308.285714,7
60,ac8588f48be10170e83837826a46336c528c5c6cb85503521c858bd0cfdaab49,364.000000,7
60,6efba34f81ca87071f4a55e784bcd681b3a8a0b2c32e3c49dcd3909a5ce1920c,268.571429,7
60,2331a182ebef75a8b564d6fdc38680f0a27ed1aa91fe38f49f3a59520a5bdfb8,308.571429,7
60,f5949caf9416051063452663e241f53bff62945ee89d00ec64b68c58a386e99d,323.714286,7
60,d6e30bc40ccd411e3954edeecdfdc11c232a6c16ba64bdd2e93c4078e5a6f5bc,473.714286,7
60,a5f6544dd462b47ab9cecf6036cfe3ef77bfa9aa5424a17ce0298295534984d4,403.714286,7
60,6538764c7e4c2a0c69e93637360a68b53ade589ec503568d2df945bc3ad6fe72,413.285714,7
60,f7613cb92bf78e7bf6222c05c9e52499b9080050197dda5876d13f0a3b313466,241.285714,7
60,ba3685dd1228ee06857e25ad0e3bfeab737f2e77336457110e30e8b64b95691c,370.571429,7
60,b05e5328ce1f1d9ed63c2acac0899970f34c6daead45a4b7812a3b7e8bb577bd,320.571429,7
60,bdb4fafd7eb795b7d972e7cd0f33ce346af516db1816c0d24abb9ee7a26a25b5,397.714286,7
60,1dcfeff9153dfd6fe97916b2d42c5abfe7579c7f436abed897b2c32a569d37e7,342.000000,7
60,d340a3958d8114b68aa93b633328da63b9109c11630897faeb7af63da3b383d0,353.571429,7
60,d23ed2faa8d412ebfd3bba8de31acf171f9fdc6ed01578c09cf63e2d1a64b67f,432.000000,7
60,5f8f6e17a7e4ec955fa77fbc7a17dd5dd6163f0c7bcc5feb2bb641e7a3201e96,354.857143,7
60,f3a814e9e178b4921565ae27ca777945d2ac10407d334584c105316e0d0cb03c,359.285714,7
60,2477be3fa06c957621dfd1778256835653aaefb3daf08eb9009ec4e38be7562a,325.428571,7
60,ba15b74e98fe01cfa34b2af73ee4d4a1f2af37c9de7734a24763e57343dfb51f,393.428571,7
60,fba36e982858c05513026d09a1d725c679067f281307ac0ca6cca4e234335035,414.428571,7
60,ecac88df78e4bacf496a016bccf708c8acab033fd4b4d43daed093c99832213d,278.571429,7
60,9d98bb04e326970925edf2e09e49219252fe95a687116b9b707d8fba2c9f2ada,307.571429,7
60,9480ba0895d23da0ba3b9f7df96d767fafaac69e5185958c05ab4812b98838cc,312.428571,7
60,0cfa72d8e223bca98298ce34875e545a4b44134d8ce967d48471357945b49a06,271.428571,7
60,49576bc0eedf159741d860ff7d9a6256a0cbafe54bb63707ab0c40851c3c6e90,287.000000,7
60,f524ea735727453acd2780303c1d11d91f8d1a05353d75e4921cf6a213a45d17,269.285714,7
60,bd5b517aef97bd9fa02da5c0c9aa85b3403bedda29ae10f58712678991f9cf46,473.428571,7
60,474d73249ed62d607f8daaa82be1bcbf25d2bac0e1e38e94cecb013c2aa5378f,318.714286,7
60,e192732a4f64288c00ef363d3be69bf5ab7f9c3dd0ebb65b4752bb0986bad547,397.714286,7
60,ac81098de45700c7f58e8b3dc1ee2db4fdea0a464ed4f51abb9bc16afa18f112,390.285714,7
60,81ed3d1a24e7370eda864ec92dc849abb2dadb2fc045858e1bd85ae06766abbc,256.285714,7
60,011c7fcacb82833ec87af5cd3aee562871e84587636a1e06a24bb24ed7926d23,271.142857,7
60,a8982b784e2703dde82f83ad60cb5326196edc765fc57a465c50b9bb6de42273,283.428571,7
60,a021097bdfde513b68b1ca88e64b982adff1445dcd55f49f0ae91bd33f5b3bcf,446.428571,7
60,558d165895766aca4dae4da0e8edc568125038d8e88a561991387c332462c1a2,360.857143,7
60,779adaff3028044269577a56542334469ca63c5385e3fe16e3b6391ee88587ad,258.285714,7
60,24e82573594d0b15c8e687550ef6d0bb3669ef6d363b265b79b8131c1c120804,388.714286,7
60,e2051936c6cb36042fdbb6e9cd5b0363943959f08e1c5b6bd5d6005f32349d1b,317.714286,7
60,43bf0891048b924a19f6f02909aacab083387993054a767b974ba7b36468021c,356.142857,7
60,034789b6fc625cfaf6a45fc6684c2fe871f27c9bda01521ac24ac60bb2f14587,371.428571,7
60,cafd319844a728bcf9e74051e2e6cf6803372989eb26d5b080886b3c484014e2,327.571429,7
60,84b6121ff2a4bd86be6bfdc027c7e2b1580178d91fcf58fa713583d4736c9586,227.857143,7
60,46ec80bd2d2059908ad07f076bf48247cb827cc77333ec55ac993c564288d6b3,339.285714,7
60,60e277aeabe1a8f118c9ca87548b81a04aab9f88d0f6fa4625469cd504509af7,359.571429,7
60,abb9f4206a294b05e18154bd686c0926e8cd365f40d757822080f03232203171,244.714286,7
60,f32a1c21ca08b02fcddbee31229d49306f08142a8de5fdf48c44e14f6305f43e,358.000000,7
60,432c38c1e94cc3c8dbfd7894794aaadf825f9f835163119a44f2e9442f39b4c4,279.714286,7
60,c1bc7b2f3a675d5d00d194ea9a9c95584c1cd8d5fb129f671ad1bbb0c4d0a8c0,333.142857,7
60,1dd8617e893b5f4c871fc4e86468d525111555cff9520d562c1d8d5787a2a627,397.000000,7
60,42583b6880f69ead6e338a4ba544a4563089c0c024c0625d90bac23bfd072d63,319.285714,7
60,1ff7b373c148ba43139818ec4c25276451e9d6f8fed6e65ccb9c98706a7b93bf,331.285714,7
60,784ead6baf292c0c6680d026dba5cf0b396e5315b00aa1c85f6be1d07d99f33c,344.285714,7
60,1f0df4d29bd6c161bd3325f9c05036761c7a869b30b2db5e8dbd73f5f6471b17,340.000000,7
60,6c4ec21ea35251ab8ec63cd17167c44f80233c435e602183f25497b6eb64d763,357.857143,7
60,2afab98a109af2e2bd436b5740d6dd9ddcdae5d5592624b07214dc9bc7d601c2,332.857143,7
60,fe11e1fbbc16cf9c45e31181579c0159f0b8e8b135d8921fabf8bb072aae0ab8,459.857143,7
60,5d79abc4b53666c1b8847b3069dc9ff6fb8bd6343c92746ed6d3113275c30c33,264.428571,7
60,ef061ed465652a433588d067fcacfde11d354f4b68d9bea8f51296580fe472a7,392.285714,7
60,9faa7a0363026e0e1c4aff6db27e0eccdf2cc8fe5fb9b341c508081691274e92,410.428571,7
60,7926a3c1ff2d4d3bd06f187816f7d5c9d81778cd99637a2f49dd9b9e07974776,311.000000,7
60,997dd71e2f3ba91a267340b068b60002c56fb052d23f5b717dfa6d0fe75b467b,359.571429,7
60,aa5409aabda7b7b73b898cb650f790f6cafb62ec8180105e656f4329e244c9d2,269.428571,7
60,325c7a18564a89ef0666ccf4aa49ee141b9e3dfbf08715a50af5f8a8648ce6f6,338.000000,7
60,f566fd30b44322b490e494b77c7649511f52e8535c0b37d55ac84d924fa7da53,303.571429,7
60,695b88ed0316ebec4853bacb2ba01eea1cad1caf184d77e12e44e7281d8e9e52,272.000000,7
60,ecd67596f7986e122811e5df764d09ca7ae330d993da098d3fd2a352937daac0,353.714286,7
60,54f4096988990a1536d1a657127a8ec9b722cbe179a754c4a46f3cfb3246af3c,369.714286,7
60,d6d306e7cd176183119c578d5790c5f903197816829be08636a0f82e6e28b9ea,280.714286,7
60,9ea934af7e84a31013d7b62932b472b1e90d6738894bdd242b016ec8fbedd736,291.142857,7
60,c40e6eaaa2d51c665c06c247fb703e573688e0b1c9e0b15430498231015011c7,307.142857,7
60,99d5852e39e0936d93272df099617762246f53bcb12fc9fd9e6a902d000f50dd,308.285714,7
60,3d0da05aae752c7739ae55d0ac072edf4c271eac044f917042b890a01dbae84f,294.857143,7
60,492e2dbd5506462daeb1926411d30fa116364928b51a02d8c02fc8e6bea666c1,400.285714,7
60,39bd43d4e64e4e5d8c9f8791026066d9e81bd42bcb511de95af7bcd8eb56dd9e,299.571429,7
60,c6e43176f50b5e5c210ba0659350352d18a33a938220d2df0348aca0201d485c,358.285714,7
60,f960f3bd2050b30270bb6f97d9a733a9cc70f92cc71dd73f067ba0687348f243,252.428571,7
60,2ea17410ab3504e3f66375f900e9b84772c0f35dbff9fcc6b547a53f1493492a,323.714286,7
60,e33b1e915a1cf3639ba80c6d78f0c3738ebdf04af85e1771bc5a387e3168f7da,335.571429,7
60,ec6f74a6bd3f704914ad2797ab2aecf1e0ef9540f15429091054354bb2171088,334.000000,7
60,2e2d2bd46b70d826b1ff89c4f6849d68a79aaa0a61bdd87066c477ee1a8a9889,438.571429,7
60,5d82b2462ab0fcc49a608da6583c0ea1f5b371920237e980a53ec632549442a2,408.142857,7
60,6e16c6ffd03ea2d82e9352d4f04c444f18caaa5e74c97fd337673916aee8b11f,463.285714,7
60,59245f1e842cc61abc74d1fe8d8ac8c8025984cb5bbba89603628529c10d38a5,457.285714,7
60,df213a24d00b68cddfda092f6f8c7bcfc4c731a9377b75a4e6aee1e3e1f03045,291.428571,7
60,ac026cb3f2deef3fd391818fd66303cff2da34b42ce615804e24ee61e3bb0e68,392.857143,7
60,1cb7978153f8ad89e6dfb2e92a5309b2e81ef37f5a10d45d1ef94f8835e1faf2,252.142857,7
60,ff8a1f1ff6a49eb4fcb43661e941a942d60544cd8301d07df14e585e69ac400b,431.428571,7
60,5106a266975af71056824e4cef00919e599ed3d68a9a2d13499671de9f9611a8,262.857143,7
60,e0029f5793436c3815de899571709a235e671eb174b56efa87d006623b086e25,281.714286,7
60,f719e000cf26dec0ec912548ba0d9dad9db13ee710e89fba890db07f3c32c999,446.285714,7
60,162986aae2fc1e7d6453ef9619cefc23af5637d445abb48f168dae039e7994e3,364.142857,7
60,614f353c35e9c922967c558a06acff92cc3bc4dfd1556faeae4e627d3dcb703a,311.428571,7
60,b371e970cae68494ed9ca2cd09e31ee92f0087cb9eee5530844eb10f30d52aea,353.857143,7
60,40ccd63d5a06f1630d543954245a8977ee4d8874da0cbb7434d61a8993966b9f,390.285714,7
60,fcfb3f6c9a74432d4b52cd05ba84ca5356099b97c4e6bfb1d4e10d232ce3687e,336.142857,7
60,9ae401fb016be11e590972ee1c7fbb74ccaea74c10541d17163920e619720aef,358.000000,7
60,afeee86dbb48616e0f047420d5ec87fdd63e466b24bfaaf665904c6b44527d50,338.000000,7
60,fbf9664c13d87b0e8cd9c3854d01afaa1362168e8094cd7071d4fbf5110cb325,592.428571,7
60,a84d5335e107f4e239d7bbe0206b397ca7b37a700b7f74406faaba3daccd5354,328.428571,7
60,28e224b6eb88dea37b72431dfe18a3fc5e8be5858758e54deb75f5e2ecd202e2,348.285714,7
60,d0d0adc6b1ef33028f47dbf40e75af7fc6524344fb46652567ff4a7a59389516,311.857143,7
60,23f5659b129e9d6f01a6d7ec26d35720d1929d2035affeb35d1ff84061865007,303.571429,7
60,6569e7acc191a9f8e344a0f496df6e471df22b9b230af387200d8a2dbb40b19e,305.857143,7
60,f1ab797492de3825393550fbd62c87379439434ff59e19779507bb50b8aba396,442.142857,7
60,f5573ff0d2cc329ac066b7a61575dff9b10916fc8445a4eaf92780bb0863d243,313.000000,7
60,7debe0246b9fe29fc7089010ead53217588f56d5b89c0fa7f4519e450468feeb,395.714286,7
60,38c59a988b22038c3cbe72b2f91716350b6d5c8c261ea78d6bd7b600b3898124,390.571429,7
60,3c96552d95615b45a5e1e2eae0cc6a651af5b41e11e3d1a28becaa620ff60e3e,321.857143,7
60,edad4ef8f65dac21058e99cf7cc7b86d4b9298695d4113abb3446f0bcd18e7d4,288.857143,7
60,77f4de5d1e078f4c9871b8b7311d8cfeb2e6c4c24a6c494851da6a0cd1a378f3,384.000000,7
60,d0c677e64c20e662325365d74a952013c317204d9b3b5d88924fe7ad048769a7,334.857143,7
60,498fb9ec0f77ec7a8a99be601f6df896b5b326d251faac03e62ba959e43acd7c,359.000000,7
60,356923e625b8360ebfa142ec5a64cc92b8f571b85d88476522efd088a9945131,306.714286,7
60,36e0303841de7568056fb7ceb23f930dee5cc072e7bdfa97004d353ebf447ac6,276.857143,7
60,8c970f3e0a2643e39bbb9249e77faf308a1067c1fb5e50036a40f066cf45d509,350.285714,7
60,04d3f44291dd07b92be654a03ac27ca12f576d243b2fc41f1ab51618e232aa7b,263.571429,7
60,9a6d0db110d12cd8d124e781782cbe5a42e1f061bf14b3c2ee75bb9377b1b8f3,327.714286,7
60,2952ce889a7b3f3f943d6e7185d9fe1c0090ac78c395c7fd7396704e685e7d02,339.285714,7
60,19608758c77f6cacde604c24d325bcf1df01facfde1fbcad7d7540c521b3fd08,389.857143,7
60,ce44a10865826d553f9b85e28ef8f0ce33b54216e4be7f1f8787231d7851ddce,397.142857,7
60,26bd1a4f43f2b08d46452652e7b73086ac5b754a771e3aa79eac604246526c97,297.285714,7
60,13a66e4b9399a640363d9d95ac6ee4709bf0c2ce5545b662690b2c7d75b5d9cb,392.285714,7
60,33147c46e7f06c5ddd3358c46acfd6cadd06836e9c2a8cb547599c55af1377d5,348.285714,7
60,84dd57278800fdd167b41a68f63ea12f46b0cb58fa601ca3149fb64ed80d1c47,322.571429,7
60,063fc3a1164b8a8844cedccd26dbae157a7f8e3f37b384a4ffb102a9a439c739,422.714286,7
60,24fe3afe7dd57060079c3cc9546994d27299793c90b05bcdfd4be31e39b98033,459.285714,7
60,8324ad07e88a4a3cd2076c344061f7f0cc8152a695ecadc3f94e6dfb7a6ddd8b,413.142857,7
60,704e53a414a93fa19614a6c4d745bc3bd1a980a6748fd882c617a52a29c5d4a4,413.285714,7
60,973cc248068b17bac019982b27acdddff03f95d30b3c22f73738c01f6fadbc12,370.000000,7
60,97eff42eeb5e1c110d0439022488f2fa110f08f27413d09dfa89aefadd4142a6,301.000000,7
60,be0d7b06f1ab8679651fac35ee7b3ea5d8c8b239a78d25b861b0ee09ca858671,294.000000,7
60,90439f73f410a2cb1c2ddbac1a945d809d354b745fc60a5e757569588117f32c,392.571429,7
60,b8114a244c72923fee4e4f5a3dc3e5576d84f6675a0ee5bdac15393936ebad77,314.714286,7
60,63ab9c97c52ca16ca3cb6e9d88d63a60cf8dd48c2214ec125412506a5e764bd8,361.571429,7
60,35fb48afa788c100dc4b1c77d774df4cc9dcc4508ce7dc789fbe9bb96806db2f,334.428571,7
60,92466700264a79958ba8d0f53fa056c30a1e8c2b7ffbe222526f9661541225e9,326.000000,7
60,2959e07c1f9c5cc2d6b69c7739b6899c3849889d26759b3062175a1afa4d1215,465.428571,7
60,d4948336caec8873ec01c5570a80645efca8c44bf4d72d8575e0d5002338bf60,409.285714,7
60,5e4480dd2bcec84b1feef8ca81978aa55b27398501ac3ad9160d68becab2bd98,359.714286,7
60,52d08455b22e019176e57b3bc7a7d6a2e781754bab55639986e48a0f9efadaaf,363.857143,7
60,d7ea139e65c70fece5fcd21111b7f3fcac0d738de79c7fb394b2be2526858e2d,368.857143,7
60,c5ad558d05a2a8f25ba421c080c1c1d9bcfb73774e808d00b58fd32531d51b8a,312.857143,7
60,4f4255bd423c5f3cdc73c6706f79a81710f065c1720a97e676c6f35e095f558c,337.428571,7
60,8a7f9241fb9aec3cd559f30e01ee51eef65bd0ceda0c7bc29e2f681ba6607521,361.142857,7
60,657e4f77b73df9b1f8ebedf7d425733208c639eb64f3434d1f22e79d3dd5cb1b,382.142857,7
60,93630800ac82b340a15551865e29bae428d6814b175dd07ad9f211e61a3954ba,320.428571,7
60,d9990760bad1419b0fc1b06e28c6d39d1e21ebf02f9cbc62f205f085e3e2902e,420.000000,7
60,b92711be06f31f6a5d50e18fd9c1e4f527162d994d93f188b82fec4df8cc7066,402.000000,7
60,4b86f272610700562367c9b46b9e948fb4dd071c0b82847e6807c5432b54143d,314.857143,7
60,c0bef081f8c5dc885d1346c8844b542c06b411b1ae331e3a30920a2edafb1c8b,326.142857,7
60,b5e5fa3013e4f87b84ccea348835b1500a989e0835d8b8062bf56007420e75df,328.857143,7
60,9b62cac41e7514af109b6143ea829ab02962ba6f860c3bb67ab13e0ab408b281,392.000000,7
60,3e0fc71a21ef6ef0b7c33d1184ac812b6c0699a564f980e77644c8deb1aba445,394.000000,7
60,bda24b026d2cbe3901ca79753be05acbc6cb6630a1e500e77847015e51f1e54b,393.285714,7
60,9c65b78cf2f7b6b422402a587164f1044c58c7aee15b6ef8e881e60c8f22cd85,435.000000,7
60,09a0b76fd13f21f2e80c7ddf41928748bcc15826dac54a756171ba60f9cc5dba,349.000000,7
60,6f69d88b13da1f94b10024a92850297f8296bd5e3118b5e2fa13fba042c22849,343.142857,7
60,b73edaffcbbf8edc8b65aa737dc0669558a0ebc0b9ab0d64df91a64eb3008a31,295.857143,7
60,db6b77502eb64c1f67fb86c1bc93bc5272668aef541cf3e733f07e7d6411c76a,387.000000,7
60,0066aa612b5ea3826dd1b11806479abfd66c191aea5228499d9dc39a01680610,353.428571,7
60,e097b50175e280ea25b6fb4829e9c3c95bf0af762bee8e7c17ac74fc8c5bca45,388.000000,7
60,e5ba9d47cda94c6f173787d180e32977ffe4f207b744ca28e0ede3c37525a9e3,379.142857,7
60,ac66750a5e9e8f0fac4607104262b74990af48da4113fc855fd819fea223df1f,379.285714,7
60,ff932c25727d4e6e0c8afcf95553b9f5c1bfcb3f15f52cfb519431801077918b,392.857143,7
60,9fa22ccef2fd17bbd1178ccafd0db3aca7147b6715193adfc6064492d48524c1,397.000000,7
60,bc88f13c24f4c4eecc4ea7fa4d9e7ca64791e7b02fb142db8164e36790a93a61,434.714286,7
60,01a09d91c1918d8a4340155feb7e8b0c0e2d1dea5c343070abd8da8d2c9408ce,426.857143,7
60,7091f321b3828e625c29bc3a2d3eac9c5222aac2285ed9b2986ff185ebfa106d,311.857143,7
60,fdb6ded1926e11de663dce5d3dc2dbcbef5f608b42936f042e69ab5f3d19b661,296.857143,7
60,d0475dd05fdb2d08d1cb475a7524ac4740e9410829e3130df78b09ebd2ddfdf6,383.285714,7
60,1a2c7a62cade9919f9b95ea0a017147fde6b4ddd6dba46d90aec30e799e602a7,423.571429,7
60,38d68cff00bcad899d394ce47ebeb142443ce8162a9e5090aeeab311ba1d6076,333.571429,7
60,1b8975587e20aba6c8fc1e94649e642b04361eb286766d1b149413914f2bba5a,281.714286,7
60,243dd9fb3c4a371a9829d184716d11ac80de261791594f1cece22ecdb59822f4,338.428571,7
60,91f8393e39abd9ecb3095be42e9c19bb7746006394525afd9214f82cff671052,426.285714,7
60,33d1fa5b2ad53bf41094cf755d8a2e9f130f1853d32db385fc8948bae0aef7a0,527.857143,7
60,66145782c2f3b7424d62208722d6b6171eb2bf4611b5806d2268d59581ab4b63,345.000000,7
60,77575c5af3d76d0467edb5e5d59c85d650b6d0e7c1e09ecd71ba3185f04badea,372.000000,7
60,937ed6719b8408b3ae659f864b4459609de2bf12a83ef631667f530a2ced3a96,329.428571,7
60,ec1acfca80f447221bff1185f50f5674e8e0e23c919f0405c2575bb267ad0646,255.571429,7
60,7b596036f0206c9a9cf589f900156b20b33da499378a473b664fdd1ef5d8f36b,388.857143,7
60,dede5079c6852f93a1e98dae17fcb0c80e4ca08f917406fbf28dfc28dea523ae,389.714286,7
60,a002c438a6b8ddd55e6791473a590825ed2241d7d990fa86d05fc2244eda072c,298.428571,7
60,1f946338b7cd894308129b9c671a3bc47e18c0ed34edbe151be8782b289b2c9b,378.714286,7
60,0e3665f71552977441da4836cfbcaffa63b36e3cd2ae3a1f47fc2b7b572beb05,271.428571,7
60,aa52b88200eb0c91be118c2d6956f62b6809c99ce447879049e0ae6028d6091c,365.000000,7
60,7443f14ef7334b77fa3248e4171add512fc6891cf85110bba4b31ff0ce6fbc69,306.000000,7
60,23ee7df5e85cd92d88ac8d27f2fff9ce4b5324a9b230a2ebd3591afbf3ee5d39,344.000000,7
60,7fcfde4df03581d0b5a4f8c0607f25ff0e407090cd5afe506612cccc68971515,386.428571,7
60,641338c0922842c3b9f45baebf3d9a3a3a4bba46b9cd5b9ac487c9de35ecc186,344.857143,7
60,20ce428d86569ad0dbb3fe41d2b7c0638d46e785be66e55b35afeecbd8e3ca32,431.571429,7
60,3d0074c8ad282bb5a038af8c0385690761715f09412625dbff91af7244807df3,334.571429,7
60,185de57cdbe7fc8d9061c97d624e73d2b59580480570b91d75f2b14276a19f7e,299.571429,7
60,253fc958bacc2cf145a8d4692399fd0b4aba4c243810ba0f449b49a6552164cc,393.285714,7
60,c43007a4a8ba56a902fdc60b11a7852a63e8a77c42a50ad29825d6b081d80ccd,329.142857,7
60,7119988c1e48fa094bd16fadec829ac41cdca310010924868668276e4faab674,361.571429,7
60,c2760769ccea2887120b70f1f3a2b3664b74e3a40b3a7812964481c3f6b91d1f,328.285714,7
60,58d4136c6e040a8f99a5087d6b821b5c085d3b9a5757bba64e1cecc2b458bf1e,351.142857,7
60,cf46dd9ea831cec1cb6465070a0fe8401158068f2dc209798679796e41e6faf6,403.142857,7
60,849e59b9fe36038f9c0af6b660135063f178387e2d0b334576a103d994e16c45,399.285714,7
60,fa86144cb657a23f2fd043e14c408a8a9e3b0d335a994abd7dc733c78ac114ab,399.428571,7
60,f9b339df09664000dcc55c9a07f35d597854288d2286b7718e3584f07a277db8,327.714286,7
60,fb47a2cc056a4e15d234b777925df5c6f391dd4ece1bd6d77183af6d3ea325f5,330.428571,7
60,acb9df1e119957679b5b3e2956ce6f7ceb026f91e5cd9aca09ecb108461a1ef7,349.285714,7
60,36a12edf5435ec50d1cfa7948d99baa29e12f3bec1a6dfea6906f185f93352fe,328.571429,7
60,fe84f7c52190997f7e09c0835b49e3399ad3d429fa34486ede908e17fba407b6,285.000000,7
60,271726d43d1ff6703bcc3b87a72db8b5559a6ca6ef67d9f8acf747aa3ed7e3a0,391.000000,7
60,747446f8e2075b19594c85a7097c614c87bf57320797662ce6acccb124db64bd,258.428571,7
60,e720918f4a1cdbc31521e7d8c4d6562f7b478ea76e5cf3ce903f7690cd7ad4ec,320.000000,7
60,adf715e77c5ddcba7746b363446e1da8fd0866c29127fb8f60d4021a3e492fdc,285.428571,7
60,3ad0d3d6727215b49c87cb30d5a5bae1aef66cf0d743c8233c73c212ab1c31ce,439.142857,7
60,7c1e672c690af3d07ce29effb376fabc73f44dc5eec918c4fc61b4f712cd257e,343.571429,7
60,49c737fad6595cc8fba934564bbccaf8534a8f6a4231df7d148151403a15c033,462.428571,7
60,84a41b4aab6ba2abc0092254b6b76aaeacde2ebcafbc40e79421eaf49a14eb3a,370.428571,7
60,99a3edaf8799e91b7b4883968f9ce00fb9156d55cad374b5a1064f0ccc3db87a,450.142857,7
60,0d1486c052275f08a2911ea7a76f2c58701577f64b1e906646eb10debadb1e93,300.857143,7
60,a01e0c746920cc0e6fdee0ce8fdbd51406f826f6b6e84f9000f7f9a3ba56e70b,299.142857,7
60,e919024e6ba488d2d54c7ce0d6ec5e6caecd8b628e5d1ae03a26b15e375447fd,314.428571,7
60,bbcb6aceba721b26fe4fd2bdd6eeaf027cd7566ee54c0a1638b2b55aae23061b,379.428571,7
60,80d5aaafe1961b77a141d1680cad76907112272640d6e66bda88e4995a0fcd1a,545.285714,7
60,e707d55cf2be785cbc2e64a7f5135e4f9776fbeac347de939eed034b10f3740a,420.571429,7
60,71f0e6c1603ef29341e876765bed644b575c42b143c240998f582830f297d2fc,310.285714,7
60,e79c6494b0320bdab7d95c5d5eb6ce6b59fb4329bb5817d16608f97f87cae1a9,368.571429,7
60,790e32ccc0cf82e9e8fc11aff847b61c61655ce4f247da774313d2e27440ee84,269.714286,7
60,149633b4a56b8baf95adf7408f4d5529801c376ef8cc5fb4a749393d9c2fa9e9,362.142857,7
60,3e3b12bbd7464890481e9443cb42d1d19b1704085104fa5ba38ba7e1f7811bf0,232.714286,7
60,5e183bff9cc6854fdb3616846b5e9b811727703b672cffc1da1e1786f8ae6b9a,495.714286,7
60,c1ce2030c9d9feec50233ba32f363fa9f9bebe2ecb70463174ca1ead728ea500,339.714286,7
60,5b853e54709b51420abf170d6f4f9e8bf094f8231c329f4546ee20e20aab0e0d,381.714286,7
60,3a3957ef9dbcd2ae87eee78e10e9a240e53f6287c286e6ac0c9a50ea56f3c51f,378.000000,7
60,f0b628dcc143bfc1d59805a23da67c99748a2600170dfdf9e89210e8afcd2951,385.857143,7
60,bb68995549d05da8d0e89d26cd03a571ff5990ce5ef4f48fbc5db61f61a33f84,277.428571,7
60,f67c369c784dae67c3583745130561dd6851b0ddd342815ea0e38d06fb1cbdb0,324.714286,7
60,7ded477142cff58be7d4ff1d9008f6c9fda145b9e5c31c93b9b64b6057fcba1a,329.000000,7
60,993439ed69b8750e004ecfdc4387c02501c35a4a0ccb2155d78497404f13340f,332.714286,7
60,d0452876c79c103908c5daa1313229affe4b874d19e0dbe787915cd8b15d0f1f,275.571429,7
60,09d6ad3dca7cb7316b73c34ae74e4ffd5fa459787ff2306bf2b2992cd4cff9e6,342.285714,7
60,8aeab00c686b26faa15ee4fc797410e629c136b6a1ba559f642e0a8e32f3f3e2,322.285714,7
60,7519cd58b29a780def5bd24663b04e8660ccc7dac8f1d8a87c984d47e7fda01a,255.428571,7
60,5a82e895c6db82fe93a85432fff8858a732ed29461f16819c47f6e84fb7723b6,343.285714,7
60,61c9ecced32e07b3d5a08cc500a03616078ecdfd310bf294395cfc72024a9735,422.142857,7
60,0bf999e8e0cbc9b3feca950f6dc64279bda93fa196f81fdc0c7f0234439b1327,373.714286,7
60,490fc6e9e3f5d31f25a2eace52a02bee5e91df8e47f9d41d777832f845fe89b4,378.142857,7
60,a32a5df9987d1433fbca10e00b3e38243b1e910426749c6549fa2e59ba9f6b05,415.571429,7
60,049375c292121df8894a31a98a153c8b9dc827bb4456f1f3903bc378a047162d,348.714286,7
60,3ab98326c8538d68fe50f28e8758789a355eae366f9f3bc8b345e62a59ce6f29,399.857143,7
60,098526730a07989f1ce1824ebc3c56906ff52996884d2053c3e794787ff581f1,433.571429,7
60,9e1d6dfd1ef0dd0bdac807312bcdbf5730b714620bcbf3ddac038aad742b5b16,316.571429,7
60,855500cc4e9c9c8b996debacbe30c28332d10eb9efab95118a24e5072cc7edc2,436.285714,7
60,cdf2d2f2b6b10b159f7c468f08af033a1dc62a9692a86e417d7119146a2efe3a,361.428571,7
60,e1e1b219205b74942b8d455386e428452f35b57200c5cb1296c6b91183ec1924,430.428571,7
60,0d4feeaca16545ee75b482b57f5e198e90616c2526040899f9e046a937912e21,400.428571,7
60,db6ee5ffd52bfa9beb3384d5446b53c34845aff90fa4a9fc7e6d3b3d169d5c99,318.571429,7
60,df819a1834a41113aa11163e88ad079619b60ce9f5cf9409a8459bfad23c103b,351.142857,7
60,35d23b63f0024f6c6e8f481c7d145d7e5afe292541bdde6831afae589edc09b2,276.714286,7
60,670e363da2cfe3e7c13dff5e5e82d2147d7fb746eb179eb20c7f68c498fd7f35,335.571429,7
60,fc15fdfe9ab80555dd5d3308230c91477ac7d305d7bf8e17f04ea33925e949c3,345.714286,7
60,99a3bd91592ef43e2884d4c2c329a1547e1acc95d858f6362fe730d4e8beb971,313.142857,7
60,755d4ac551fd4cfd22ab797a1d1d7d554c84cde487354f0f6cb0414e73e27d45,338.142857,7
60,4683de01c1ea2abb5ea23dc1243828fd1ed59083e85ba520aabcf08a32610b6b,328.000000,7
60,c39231fe073739aa6e0d47bdd4489fb101091911b79a7acdd2faffda067a1fd6,338.285714,7
60,5b471e9064a2a4801956eb9868af0ee5b13c371e3e8c9470b2cd082bd8bb777d,296.142857,7
60,f5ba4d48a68ebf2a205f6e480c662a86f3d6a871e29ac63e9b6905f8951f45aa,384.142857,7
60,1e2c50c8d57b2e7ae083458cae8b4970c121446a67e915b32308bb85e33512e4,266.857143,7
60,801d9d12c632ae205b6732ac1ffe2c894998ec3df4b62bf08a8d5f108a543998,414.428571,7
60,e9e105b69e357983ebcbf67419cb43eb61cb3ee8ff236f5f714bc1eb6a94398a,393.714286,7
60,a8edb7eede25845c622ff8a25a1544c86ab78ff0323b9fa412b441a451f87f82,250.000000,7
60,61bac4ec5289888f83911385794c229f6e0e5bfe5af6786e3363cb2bf195b207,280.428571,7
60,0353dfc1efc7462bc8edb2ece416f80f225c0f3724cf1d1a2c4ecb7928c197cd,415.571429,7
60,497c789b1abd2c8b5f54e7b56f062181ed4cc38a90badbb59ffb731eec124391,324.285714,7
60,360c7226fbca79a7ad979a1b3473b7cbb1768094b95a0c64bbaca553bc021c4f,498.571429,7
60,84afb97396cf6910fc7c06950407f17f8642f7373ec7daeb245922c48ce386c1,304.000000,7
60,8e2f94323de46338380cd0c5ae786a8adba015d7477cde85c92609652e6ef005,388.000000,7
60,9a135d5771e54531949192c3cd173adfd5a2db41b01e87dc6d3c817e091fcd49,370.428571,7
60,d2445d20d9b11abdffbe89d2f74bb38bea2a4376077887d4b0fe650555976c4c,285.000000,7
60,01d7efdb1f681aa8b2ad4be55f019f7bf4e6b6f3daee66a0bc81d5234de67a68,296.571429,7
60,250fb3637e821dbe3e6f8d369b861e8f78ecbeea5c4f94e6127997c1e2f7a966,299.000000,7
60,6cc4581ccd55d2f7ebcd9f9d1e42d94a85422bd01b6242139ff4010e601b1896,397.000000,7
60,bc53cbde28e46605379ad827c595d2536dc7bfd8ea81d57dac820b95125e25af,459.285714,7
60,10828de8d70ef43cacfe0ce69b44e2d3ed9d3916c2328b488e5f82a97c2c662f,363.714286,7
60,f56bbfdcf2b31e0e0b1c50a02dc7d465a1af4e532b80fcabe05780826480306e,469.428571,7
60,621967dc46842b4df67fb58419cf9806ec11a5dd78bfbdd26514a63c463e9262,365.142857,7
60,38cd43ed3e3a0b4b7c7ecee482c4652b7ac754191b55664e91b84bbec2209d0f,276.857143,7
60,d156f07876f8f44fd0bafc4a9ffd67c0451b96f2f06f081f18115fd87eb9e1ff,284.714286,7
60,16406c66bd78b6cd1eb8691027a0a759d47c4a63ce323ad97088f8875393c0f1,359.000000,7
60,73a8c57ec2d70bc991a960b0a07aca8cd04d58debd19870e0dbf2c65b71098f9,312.857143,7
60,ca6b173eb8fd5c8ca02d9b0a6b1a84ba473ff22fbc6a02d073021805a5e8a31b,248.714286,7
60,5ae37e0c2adffbf97a78243187af273d448a3554b3c7b9b66c4eab38090aacb1,326.285714,7
60,8cb8ef2c44359ef2ad0d48db0a902f9ee1a52c87bde7339808017ea21ec37793,340.571429,7
60,6abf934de571f3d5e61e2c91b04158b6557b79d3f4edebced51fad54a5a1e2a9,395.142857,7
60,528c5fb9a70dd685199c89bad15db45dde8d31555e046ab495dcc7312b688332,347.000000,7
60,84405d4d9036381a0dada9e7fc8807994b2ff8e0944ab1c5f79e4e8f9e468c52,422.857143,7
60,813f0d398b757e069841eb84e4973fb17461fbc4afc025d9f49b88d3533ee3f8,295.142857,7
60,94800d1c3d1d31de13ad58641e6ce506ebfa42511b1b2dbae7e71ef170b3e82a,305.571429,7
60,20f985f655884f7d54a194e553e2cae7273d35531e04c8e88d4b7e452b8701a6,294.571429,7
60,4c7fc9354cd04f403d0254020066a82aa67a9c2c03e6197cc5d5302a34c7ec62,391.857143,7
60,2cb5a96696634732774e985c757c821fe4bcb5be50739cb1a5dec1b82d7eda04,243.285714,7
60,38946f6f9cfbea2bc3a561eb1fa9891da0de4a50fa89fad6754d4775bf3af6c6,429.857143,7
60,9ce6055ab1531fe83b895612bfc6f8ac1766bd3f343da87c031934982f0fa92e,267.285714,7
60,f9704e9e5257bc37596a5f7b6825afbc190e673fc92a87dd2272fab4d30b9d5d,409.571429,7
60,f4577a16d022c69b7fd2d51dabea3723cce486645edd984a03166f1e83c24a5d,455.714286,7
60,ad3eef70ae4916c21714037e78782fe6dae5c26ce816a24f85417d6440541f8e,274.571429,7
60,6fa3418715b698cb3d94d3af0f28ce3b9d764f51102a4bf96a801b2008b981f1,330.571429,7
60,510500f04dc13bc4281b771022aff21edf70cebe4bd49fc1b0be288825bca61f,325.000000,7
60,16381b1bb96adf9251977c174929cbc82666220eb558ddc55438fed13a8dc293,278.857143,7
60,33a7c6ef77ae95b30ea1a5b311c9fe76b2ea3d83a0e29fefe3deed574369ee5a,391.857143,7
60,a7e1e18efa6d1dc43ea1dac390099eae0ee9255383fdbf238f403c1ec368f264,366.142857,7
60,e58ab0d4cc009450cc60714d4dfa7cd2a29ea34ddc7b12e6b0b4aa4c1b9f0798,368.285714,7
60,083e15f4cdc3c7bd35df0089fb457bb5c5ccfb240423117937e0ad9b389bce13,431.714286,7
60,24717458c989e268a676074d97dfb701adebf6c3838a19d1b68634da5143bd02,338.428571,7
60,f30b1e565038d2c9f55202a8d211d56427da68ba213166709093b8c9fea5d2b0,424.000000,7
60,c5a14817185ab0fa41acfb58319c914e10db63787fee1cc030cbbb678918ae33,373.571429,7
60,bfd801a2f08867dc0b9f5935e2f24fe5f97c5bfbdebb881dd647118212a2506c,253.000000,7
60,95dc2b4024bfb42e445e5dcdd7f9e5af15a0464f34a19326874ffa3346e3e623,326.714286,7
60,c746c96cfd4a7a43a4aa45e74852e90d68f4f0489114382f54c2e9ee712a37ef,364.571429,7
60,52574552d228e46e45a45bced239c5d45b033898703bb4a757973fc7df2103c1,283.571429,7
60,057c09bf9d7e956356a0a562ecf01d79d2fbec3d8b9b81ea5ecf99d438afaa57,382.000000,7
60,3c51504026b2e188a45099ceaa6377bf583182d9dd679893d65080b3188b7d92,418.428571,7
60,2f1477ceb0c9e364ff4b328fe69ea517511c77c33f12c884915a591ecef33ff6,322.000000,7
60,6f00556fb69b540b48a21197c662b122b2ee7cf20eb19cfd3f84ed64c78f21b1,417.142857,7
60,28e986e2a023d1886ce437b8d5f6612b4c0387cc7fb3716d5cd03ff11ce62eb8,349.428571,7
60,82d84c31b30a1cc817a9dec4338696d61af58307c054f949f7dc54e0e45927c8,314.000000,7
60,f79c35da0a6b282d9741f70a1ef6acaf871c9f93c2c9c138a74509bcaa6c1abb,308.428571,7
60,77aeea9ed9622587365c31b84ebe19d2c652aea2bb768842febed36ae54c330c,347.571429,7
60,1e1a20b68561a8a97ce23f8d997c43ad62708d2ff63fe12c2fa17a4b78e42e73,337.857143,7
60,d97ff7e7a70713ed2886babafa2b16a94d9af94230920702c0bc2571aea928b5,369.285714,7
60,8ce6676c3290fbab145cda7ab0481b97699c6d7b6bea90e8ac5e69bea02e5dcf,244.857143,7
60,cd011bd6ef20663f26c80a6752302f11f1999799fe94b240b7d862b088d793ac,376.714286,7
60,5afdf0efee4c735b78040b70da084dcb1402b0a83760f0bb530d2aeea39db1d5,445.285714,7
60,c9da4da91f2e9c8ff143ddaa60d285003e8581acd225fd7161f79e00589d9037,312.571429,7
60,69446cc1e84a7c0925724e8fa3b0f6621e742be02c7c752540b846bf0d8ce374,408.571429,7
60,a43457ec4a15ae8b4bd7657fab24cb0f5d8fa54b6451e9359ea79ccc589c1c9d,388.714286,7
60,d0ed7df897fc8927895d5cda67a960e3e47c16ea9c7c8636454f9ac83fd8cfb6,413.857143,7
60,0538e9ade4d0f0196865d9ba61aead0e7a0e43e945725f9bdd604cb01311d453,359.428571,7
60,e246a69218a94a2af3233890382ae74a9d34a7e2c1a7ce22162d2ecadc0f4723,358.285714,7
60,4759827b653f4eb7a5269bca8bf9ec2e4a7ef5afd084fdc7260c6850ac8f4457,349.428571,7
60,483c9de05c96b3f8aa82c0f4b8838f7aceee9c4632a00add93fd5e9d69d9c622,444.000000,7
60,f531588998009c05f8112c01d7c3b3d4661aa3341891d33efd76e0eee96309e1,276.571429,7
60,27cc033aa2dc9900e2c36a1b15361ea64f9375381b2901408660e67cde4e6b74,429.428571,7
60,4a617fa4f2b23ecfb9b1edc1879eacf38ed4fda2f7d3c833e0c99f1f0133b1ea,389.428571,7
60,a33383d5391bb2814c163d411ff2e93bbde90bd02c4be64ca1b18d4c90f6291c,344.857143,7
60,64e22ef0940fd951bd43466261e7eb3918819d8c904556af6f6d3480235016e8,340.142857,7
60,f4daeacf6112144f923a7362abf5cc2a569d3c48fc7c76b45990858d5c05e691,281.857143,7
60,4505cc21096f22ce9549d050cda93f3e15d0101e60b5d0e8f872fb92d20bf8ef,433.857143,7
60,447bc60fd41f30d0ea85dd6385c7a8f7b19f50be056a0c032f45b91cf5e620bd,440.000000,7
60,23281d2f0126e9984308cd32c8e26465df9c32f39df8fe698a4ed03271fbe473,397.714286,7
60,8a1ccd8d1da87574a5dab7866fbe7e414bc1effb310196c0ba10084d0018e9a3,445.285714,7
60,e6923c2693f9552c700d2aeb663eebff9fe6e591cf280b96d3fc3a834bc1b8f4,366.571429,7
60,daa8a06c39a97d906cde77ede47a0f8875a9a67c6c1da64b5e48997aadd2c890,300.571429,7
60,d24261208e0a536876bb0182536e8ead71241ae0230d87201ef086c58784c8eb,360.428571,7
60,62b7593a61359f6ae60dd06ec1ab86214c92ae2db4fb4b691e39e73b189d7811,440.000000,7
60,94564fde23a252dc1f56499bee0b45d4b36f10fe34b1fc1309567e4eaefefb67,243.857143,7
60,5ad8694660c26d114f09fb351f00e54de325e530f4d9660f6ee731bb09e24e0a,352.142857,7
60,ca11476621625aea2f2f2492deb7d9d03adac9a5ece21649307b985f55046d87,307.857143,7
60,eeea4bbaebcfea9dd80e5f2c7fdee33b6f4c44085ba2f7f7d030db5a62c92b77,321.000000,7
60,8e07d2fedecf2b6c55fdb5c5a160b79fb4710447ac2586b3fa5ce400d6317d7f,427.857143,7
60,2df2415b11d7ed0e2295fee03eec08cc7cc0b78f91c1e150e49ddd5398aa72fd,350.571429,7
60,02803c9709e25f540a689cff125da149ba0673663a86b6583e9943cf1831fc1b,421.857143,7
60,6384bbd1acb11cd27dd5045145c5460059ee5b43d28077d6d4ba16ac0d0511ac,430.857143,7
60,8f557410dcc6455a14c946c04b2407a9a60f716025978c41f52a1262c0d207f0,383.142857,7
60,a53b40b0e0cad9fd2da71dba1c9efb0c60cea6d7179e75d5661cc8877e588099,343.142857,7
60,7b8761f66a07d2832403f9c9e3df655fee4befe5961a5363e9f02539a20cf5d7,330.285714,7
60,585f94b35c5e23ab78aed57c7dbc11cddd50067928c749ef4a3638fda888e438,338.285714,7
60,f58d9d9a6be97f9781da03403239325796bf846c650f5d00b82f7cd5631312de,418.714286,7
60,16490cd0c3b559d28419fc0a4b7c10b446ab1d09623e7459bb8e2402778be3d4,390.000000,7
60,3483de0cd1d2e2eb29b3b80fc35f2b33c885a24b67675e3fc5964736fb6fc386,284.142857,7
60,02bcf8372103a8bf3478d0469b7769e52d23cf8430edfcb6925d6f0fa7d7fc67,300.714286,7
60,4a8039e9cbaf3b7caf8f2bf9a1d2a949a90cc9112d039c88758ff17c2b51404a,278.714286,7
60,132d692f9372fb52851cb86ae8cbf24a0d581f44df4318e3baa27495c7d58f80,411.857143,7
60,d54775e158e2ad104a27cb7c8c7d306d9916062cdae2505b806707fe913e143c,241.142857,7
60,077d81e6704469d0e6683093bc185791bea4c8ff74457efc64e3184bf171b34f,335.857143,7
60,560116486af89c95d48e963765de5beef90f8d1149d578f050746cbf1bd7dafe,371.857143,7
60,352f1a60eaef7264fa47dec7b3d20067ff7826c3b231e8219b51c4ec173ac8b0,275.142857,7
60,0e8c6e6f4eda2597fd30457294ce215105604915f755c6cacaf76c6f088eff44,340.142857,7
60,6ee944b48c9a138f513159c4e51dd25891acb63c6ab6e121704acb7c50d88a08,420.571429,7
60,383add7116ad3f2356ffe3e91b9a85dbb80f3942de894f4d3ed9eb49e7d4fd24,371.714286,7
60,627aa0974e57b63f7774e57e223be55045f59065001827145c3375349b24ea24,384.714286,7
60,1ffdc3d28f5484ea257d54d254b6583c8f781d2ca1f4a754a76bf9f8990678b5,328.857143,7
60,e3de21a6fb60b9d4f00d0428644c3171eff4b26377f2d32e2d2d9a3443534b07,440.000000,7
60,7db747f8d8260038f160334d9f607553518399983097b9aeaafcee44dcbd9e33,297.142857,7
60,c30ef939329c16494e12a67b75c311bf27922098bf756ee5af5e0a4e423c8253,378.000000,7
60,92d5ca56e2896be4cb880414e54e769985a1173b659081c2bb7a6b78a1b16a07,286.857143,7
60,5a0ba63789a589087f619cfad71451ce078376b40b32c381d27e21b478c13be9,367.857143,7
60,e6387e94f6767edfb22e31ab4ebdc3446e01658a06da334115ce156448df0a55,328.857143,7
60,b9896053d6dffb946a0eaf123bcfb80d206146612a49da6d675f7be7e8ac866f,314.857143,7
60,80e5b63a7ce556ddf5b6e673503a94bc8da795d0659d739c1dd625c6f605616d,430.142857,7
60,6e796d23733884b02c61b8940ce9d54dcbd8fb9b0f34b5d4afc4da490edeed0e,293.285714,7
60,5b752f27c15788bb8f4431ef1a7653f0a66aa40bc1da61b37f43336a0e4ca093,414.142857,7
60,b4ddc3df478455cd050ee812f27a99154980a14e5f555f9e62ba01f748b25d1d,424.714286,7
60,53de11443955199b7372b6e8b1cf564c30a87ed6b82c5f835088b4bcfda23982,353.000000,7
60,18693b6960483ae6f7318c394a623a510cb82f6c492745c4290d2ab7da94b204,402.000000,7
60,be53907fc6dc9b8ead2e075b53e44b7f715b04e86d0f3f05dca5f37314bf92f3,384.857143,7
60,c8841d75104418422cee0fc15558e410a86dee9de0cf9e24bbd6e5740bcf5d3d,334.571429,7
60,c319a269cbd23ea0302149febe28184981e6cf818cbc533e8a4ffd7f93268acf,312.285714,7
60,531ad08e13504580294d794b3ab5244bb5890b2582330094ab025d375c6993bf,339.857143,7
60,86077646bd876f39b7ff5261eb29db54c6fe1a884886603a66d552c7e26b6025,349.000000,7
60,8b9e0cccd48ba6e65ddc435172270ea1f012793741012fcacc23be653622d9c8,388.285714,7
60,b3b9ceb12adcc45a319e21be02453d8fe2e1ed02a0c9d96c062d1f7ffd8c2a49,299.857143,7
60,c521ca89f74379b5e84169e8911843e8102f602af9a9b78d46005551de575e8e,459.857143,7
60,ace7cbaf011a1c589bac07a9f81e572aa8f6b99b19609a88b8ffae239f794fe0,375.571429,7
60,149f0209869eaf254630c1fa97a9de62301cfcb7607181f93f1f774855eb35a3,851.428571,7
60,304d7792b218b6a0434454e26c08974c19de6b9550adaaa20ef37e7786508562,748.571429,7
60,d5aad228e8623cdc6ad6cf18e74ab813609928677dcc8e6639b46bd04d482fe9,257.428571,7
60,9311e6849eb408aa5d93f85c33e32a69d0c964f0f38eea02ab9e425d7419a82b,452.000000,7
60,781c5a01edd59d5e79fc349b50606fbaa775d973b1f8ed15734bbda7d157c2b7,351.571429,7
60,027f79ce00c5a37351291d2a52c0fde6399eba2fd27b7164fc1d073e02bf2b8c,501.714286,7
60,7a3eee59407f329ec2058b278a5220794ef69aeb663c98f8f278738f820a513a,437.857143,7
60,456044ad59b894a4e996a1d8e0ed9584318bf36663ffbfac7486374ef25e7aaa,347.285714,7
60,104bd0493f3d3cba067c5ebad05f54d22f78878920b23fd499c6f1bbb4d750e4,316.285714,7
60,9ea4bd521c4d899697d9162c0ec77168d7eb40703baacccf79ff72c305c0be65,315.000000,7
60,61c49a63cbc95ba8c309ea19d61cccd4c6fcc01960f49f07de992f8c89fc77bc,302.142857,7
60,60a00a29380b029b8a1913f29b15d18c1ea21a0f9b99543e3e6c162e978c635c,478.428571,7
60,1e7167b38f7602c93692a89e4175d44bfbe7a6aaf65d7f0f468206faac5140ad,427.857143,7
60,56d908a201a882c404b90519b367e7c193b409194ea68d79103e8791405da62a,397.000000,7
60,027ed88f3a3673164cde8c2dc05f3ec30ab33d99e580d9f6525deca26b696341,336.428571,7
60,3484950c52ec76882008086120fe9a7556290a2a8bb518e8cda48c4d99d0e0c5,300.571429,7
60,42d9b0f11333b2f05361c159dbe2ed90b309d05c99f9cc33d53d06776b46407d,346.142857,7
60,06d77661f3c0e9d15d3a4a1cc7a016afbb1cfd4f7b27e2c396130bda0f109de2,415.285714,7
60,92f6949ebf0592a3536295beda42c2a65d7754de967decaf5b5a6425846365d7,300.142857,7
60,d40f9c4325da1fb7449a6905502fa31965c428199a59e796fcc4082c0b7d9dcc,371.714286,7
60,03188b47c7767bcb79828996c115a97a8bf327034a9e2876878d085009a576fc,458.285714,7
60,bad1ff4068f4d0293f9a3c94f69e9ddfa38e0313669a4d5bce7bfd8a6c946ebb,516.428571,7
60,9b93afcb94f28039984b50b1d66d849b6ac0deb62bd3ea73fd9bbd849b8cb3b7,306.285714,7
60,16a430765e9c99bd15dba7e6f9647089ae8e566b41ebe7cafcacd3cdd0d73e2b,399.285714,7
60,8a33c2b673c6218c94f21a26d966f505dfc2adde27ffc47df9db1060f090d088,368.428571,7
60,e09ec0fa11337c8ec630d92f2dac8ed337af6114bb7e2f80b660c03b8422b9cb,252.000000,7
60,b7466e7df0a9053312642c8c2c33cd592854c1fd96b7ffcd1a89ab72f5847ed5,283.000000,7
60,e34939ce045130f13841b9979130ca5929acf56235cb4809eb1b79b049c0970b,415.285714,7
60,fa85960cab08bc89dee47bece1611ba50d34ae6ba57c366fb8bc271919d9342c,331.857143,7
60,0e69154e841f96fd2bd601ed5c7c626f48977c2b77d57a65188b32f9deda7ddb,305.857143,7
60,093012679d72704f2a0555eb9e567b8acd028417086c3a7718e4e826b9d489b5,420.000000,7
60,68e8b16453ac080e7889034d4eeb91212645a585c999101cdbcfabc6178877d1,287.285714,7
60,f6f0f97643814fa7129951fdfe04872822d50cf8d6770d85c5af5d213e32ecf6,340.000000,7
60,e658d5a279f3c4deb004abcc61641c2830f0dfc1f95bbdbb7903e594c6e9a241,445.714286,7
60,e420974f2ffb88e69db0574ece39d7a77f553ee8c677a1af680777aad1b15d2a,418.000000,7
60,f2011c08dc60e9f92dc34e7d657e233ec166746d54a7853b430976e04ac52293,378.857143,7
60,1f2831c18cb14011b5525de4ac3db3be6998273d7ad4e0af4013c2944d24fdd4,340.285714,7
60,61d350414bbb8cd742c57b50be0a6e11cd757b6a6fc997f7cdf974fb28f8be16,382.000000,7
60,e7bab171a3ec1968ab575419054d1a1584023ff3330be003e5e7ebff0ecd24b9,347.142857,7
60,b2c2f5383e7bc7cddc447c56de47dd80f7afac85dd990b0c10181720c306ad17,239.428571,7
60,64ad45075ddad14966c0945e29b034877c55364987e9f9d13924a0c5187b39d3,337.857143,7
60,f771d08b39a3d9b425dccef393ccfe3416f4979ce6657df6453d4b750ea80e99,300.714286,7
60,572e325984aea9b85a30c94d50f9d21c3948ce0dea977c03e790ea8ba9b45f2b,285.857143,7
60,8bf44f4300a02f0653cfa2e2938559eeb325805d1bd7ab83e83df621b4eff6ac,268.571429,7
60,e361cd8d2ed1abfd3a715866ebc0f1f25965d7b669876942662c398d70261ee7,362.571429,7
60,410da0db1cf4038075091c4e785713ed180babf4951c74d8faa6f8684af3abd9,344.142857,7
60,d38a42e81c489ff5c4090e9c52aa28105532fba05fa539fa8b90dea9c488d0e0,307.428571,7
60,902a710d3343cb75c616b655ed2f7f5fe5fa98c8dd330fc9d108de87eed40396,284.142857,7
60,436714a92d30d58cd62d853e2c603fe52e6a48a448f1ae99aa9fd34c17d1effd,300.428571,7
60,834aaa2f1d862274ff029376805dfe3caab19d25ac737811a657ab94ea2794c5,359.857143,7
60,3d4b085f1f3808e7b03e6fe52d49c2580ddd92560ba0993694b3062454f47db3,341.142857,7
60,d4c02dd4bf7013a345ca8886eb1b5413e2c4c55140ab96e3df09ac9752e13c5d,310.857143,7
60,0f948cf265faf5a3a80f8d5d9b5a0f5518ec83ba5a927bf2a868026e56cea020,426.571429,7
60,762d5238517cb861d4abdfc8190e9265a9681e49d56ee4bac009c2216937c8d5,457.000000,7
60,6d44abbaf78caad78be9107f7cd85d6c3d75930ea2fc050b680b895b8b6266fe,1016.000000,7
60,48f35696e7f183e2889d4ea393365a868d31689d0af4183643934fd925c530c9,781.000000,7
60,994285abb00af79b306f7f7339287d4d932a6b0349c4b4151b400cd9cef783a0,691.000000,7
60,f81e235a47aee57334fc12c2c64b66bfb21b89bde8b9a2663eb991067871ca39,1456.285714,7
60,3dbc0a5367528a86f1c43e4cf90e34bf600d1f775ddac885d0429fab6a2cc11d,947.571429,7
60,e2be097ecaeb692d90ad4a76206c74cad9b91e1c315471c3202808423c61f3a7,566.714286,7
60,7e13e54146f1d9cd9a21f969dcc3914b849b6b1d7b509f2ffa5a555d34c3b00e,357.428571,7
60,4b875b6a346b9f4ed7aa3516500a39daa81aaefd9d1afde70788cc804e20a11f,314.000000,7
60,79f45893c6bd6e4a3234d042112631063b01100a24bbeb6db9bab9301910784f,358.714286,7
60,aa8fcb106e24acfd28d89b148d9964e9b07455effaaaf37f563b1402a0cf7334,356.142857,7
60,0cabdb25df117050d9fdc7605e83bdbf709a1364c29f39099c4c0cede39b5d57,421.142857,7
60,4fde1b32e733eec869fee1b8899270ab42451f817674009948738c2ad2e7147c,351.428571,7
60,752b1328f3753bf33d03bce5aa4c0ed04a001598954d4980545c9888bd38f5b1,291.285714,7
60,99a40bbc851bff4f39e1b1c5d348ab1a948ce87cc6a2c0fec657c1798b1986dc,292.142857,7
60,2ad47c81087dc65a448fe13b06f3dd800e66bbe6f38e85c8c9e8e47deddecfef,308.857143,7
60,2984323cbc53dd744c21eeb035ac8c8dac3da8b9fbcf6d346eff89e6875f61e5,358.285714,7
60,f93848fb8da6f564eb0593fcb39a059247f3801d5262c18ff77b99728fff3e0f,427.285714,7
60,92139d40a0659f855c9cd7c725b65ed8dd874cc3efc67372f33cd8e624181251,303.428571,7
60,e13ba2fbd83e3d81b744ed940c72ff97eb0f23875f552ff9f354d2c969879195,395.714286,7
60,c592bba87d078f98a9a8b4a236df9d786da3b444811cba042904692a2ec2d92b,291.714286,7
60,00ab43df82e71164b9f4223418a192bbe0d03ddbe86436486f41b53562039954,323.285714,7
60,0122442a60afa30d14321a3e6405e2ae2118bbedd2498aaac1fbdd525bc2e8a5,373.857143,7
60,23d13b8d3077186bbb5372faed1042bb36e5ed26c468a09ebb0d90bb5f4fbe6a,426.142857,7
60,3b68061d4cbac87ab6f3f8ef44bcc1cee2b72fc018c7f3ce9af639088c1c6bd6,314.714286,7
60,644255696dfd70cee22a8b0b3c430828cc5a5d5584f5f78c78dba6586a4ab3e3,312.714286,7
60,3bb0107764896a26e6bc654c770efcb18399ff98bb2125c9c2747ece5ae624c5,380.857143,7
60,d49b299b760e6c0b372240d1a5da6d2d8d9a3d4f057aeada8b793d105ebc411a,517.000000,7
60,888c5cb0f89ec0ec7fdeca6c8f636e9f899c9e6d9a3043b5e64215554965e276,378.857143,7
60,28f4bcf8eccd67dc88b9c1d3195201ecae9e0f7c88981cfaefac6042af064aee,389.571429,7
60,6609f17170e5f9bfa521631340a8015650789518f35621b1e1c5e94c97018f4d,399.571429,7
60,9e95ef54873aceee461ba32f000811b084671f25f475131e510438704c8aef7e,340.142857,7
60,172a9ff02ff7244310ed97600752869aca8173a11b7204e8559602364435a52d,290.142857,7
60,8ede975d3f771835b489b9be1a61bf4fc4e6bbca5616a192b7c6378c644b566e,334.142857,7
60,430733454143b1260c7440be8ed684c7f94a5cf6749e10ec6a2d492d5fa262ee,365.285714,7
60,15f22b19b11ce53440a803637cdd161520e895706cdadbefa1ea1aae7e4892bf,281.571429,7
60,43751b8f4a38ef0ee56e507260360ea93332c984f8c9da8f4d7e2ea59c87ed42,330.142857,7
60,785b721891d809b65261f82ad1871e1b819743e9c73162b9f0d4a724489718e6,282.857143,7
60,2d45820b0e5e02e5862c264e44962092ddf3aacb426586474ccd85d33153eccf,346.285714,7
60,57d6755cb79d6b3c3421c653c70ddd48089751f78fe85afdbbc1033e2c41ddae,360.000000,7
60,652131306677219e98bf8b9d14f649864f42a569d404515f3a4f78e0cb1b05df,246.428571,7
60,78b53a83c7c8902435d51582253f56ed286653f206e941ba5dde4f6f6dedf9f8,295.571429,7
60,b7f467aa8c29690b98557fc22f040b1e00ae61e50db2631c64bbbafabb6fda11,409.571429,7
60,aaadb7eb7ba9317a3be2a1f30cb7fbda926e71cb0c9db65735fdaea932bc3b2f,408.428571,7
60,0605fb88dc848b1127db55f669cf90bf38198469589614a6000ddbf9884e3d94,387.571429,7
60,9d01815bdff2f10242692b29923f534c586d1ab4097cdd67b0a848f427fef7fa,442.285714,7
60,7d0fdd4fac67a59d2d9c4d9458a8b820d744482f84561bd12be058ac20dea0b1,367.714286,7
60,6c0e1dc96d19cf1e461290c11ba973cf961a3074e7603248875bc790e149533b,251.714286,7
60,3963ed0138ca61882059949b85d385fb86b9152be976f3253c1b0f6107ea64fd,298.428571,7
60,e62bf08363a6437d02e55c8c02c2ff157e282b7f01fb73be1816f7049285d9aa,335.857143,7
60,2c0711ac9b1c1075a24a399815992047b74c7107e7f72ab57822a46e3982dd89,335.142857,7
60,a2f481f9c1620d917420bdf4203dc5cb2e2df0dd4f3d99a8e8327985dfa48f3d,338.142857,7
60,2a0e6816c57c18697d1945aded8f12e5da6d5da27bd2023025f2e6fb3c58c0bd,445.714286,7
60,dbc0479ccd6b74474d93eb9d0998c595d83074731b4e930561fcb3cb48197689,413.142857,7
60,85d5bd3502d2c40ec294fd40d044d541d1ea451a194f9e93dc41d5cc635d61a5,408.000000,7
60,bf70a896435532ec95980a4caa7306b7f5465f5c4e4410fa836e531d93bd8aff,290.571429,7
60,52edcccd974fc44e387b774229dbba9afd6e40f02292025ed70e1800ab716c82,412.142857,7
